medicine_id,ocr_name,normalized_name,generic_name,rxnorm_name,synonyms,dosage_form,strength,route,rxnorm_cui,medicine_class,source,confidence,normalization_status,original_prescription_value,safety_note
MED000001,Amoxicillin,Amoxicillin,Amoxicillin,Amoxicillin 500 mg Capsule,Amoxicillin; Amoxicillin,Capsule,500 mg,Oral,723,Antibiotic,RxNorm terminology reference / synthetic mapping,0.94,Already normalized,Amoxicillin 500 mg,Synthetic test record. Prescription remains the source of truth; normalization does not authorize medication use.
MED000002,Metformn,Metformin,Metformin,Metformin 500 mg Tablet,Metformin; Metformin,Tablet,500 mg,Oral,860975,Antidiabetic,RxNorm terminology reference / synthetic mapping,0.95,Normalized,Metformn 500 mg,Synthetic test record. Prescription remains the source of truth; normalization does not authorize medication use.
MED000003,Ibuprofen,Ibuprofen,Ibuprofen,Ibuprofen 400 mg Tablet,Ibuprofen; Ibuprofen,Tablet,400 mg,Oral,310965,NSAID,RxNorm terminology reference / synthetic mapping,0.93,Already normalized,Ibuprofen 400 mg,Synthetic test record. Prescription remains the source of truth; normalization does not authorize medication use.
MED000004,Ibuprofen,Ibuprofen,Ibuprofen,Ibuprofen 400 mg Tablet,Ibuprofen; Ibuprofen,Tablet,400 mg,Oral,310965,NSAID,RxNorm terminology reference / synthetic mapping,0.98,Already normalized,Ibuprofen 400 mg,Synthetic test record. Prescription remains the source of truth; normalization does not authorize medication use.
MED000005,Clopidogral,Clopidogrel,Clopidogrel,Clopidogrel 75 mg Tablet,Clopidogrel; Clopidogrel,Tablet,75 mg,Oral,309362,Antiplatelet,RxNorm terminology reference / synthetic mapping,0.93,Normalized,Clopidogral 75 mg,Synthetic test record. Prescription remains the source of truth; normalization does not authorize medication use.
MED000006,Paracetemol,Paracetamol,Acetaminophen,Acetaminophen 500 mg Tablet,Paracetamol; Acetaminophen,Tablet,500 mg,Oral,161,Analgesic / Antipyretic,RxNorm terminology reference / synthetic mapping,0.91,Normalized,Paracetemol 500 mg,Synthetic test record. Prescription remains the source of truth; normalization does not authorize medication use.
MED000007,Amoxycillin,Amoxicillin,Amoxicillin,Amoxicillin 500 mg Capsule,Amoxicillin; Amoxicillin,Capsule,500 mg,Oral,723,Antibiotic,RxNorm terminology reference / synthetic mapping,0.91,Normalized,Amoxycillin 500 mg,Synthetic test record. Prescription remains the source of truth; normalization does not authorize medication use.
MED000008,Ciprofloxin,Ciprofloxacin,Ciprofloxacin,Ciprofloxacin 500 mg Tablet,Ciprofloxacin; Ciprofloxacin,Tablet,500 mg,Oral,2551,Antibiotic,RxNorm terminology reference / synthetic mapping,0.94,Normalized,Ciprofloxin 500 mg,Synthetic test record. Prescription remains the source of truth; normalization does not authorize medication use.
MED000009,Glimepiride,Glimepiride,Glimepiride,Glimepiride 2 mg Tablet,Glimepiride; Glimepiride,Tablet,2 mg,Oral,861713,Antidiabetic,RxNorm terminology reference / synthetic mapping,0.9,Already normalized,Glimepiride 2 mg,Synthetic test record. Prescription remains the source of truth; normalization does not authorize medication use.
MED000010,Cetrizine,Cetirizine,Cetirizine,Cetirizine 10 mg Tablet,Cetirizine; Cetirizine,Tablet,10 mg,Oral,1014676,Antihistamine,RxNorm terminology reference / synthetic mapping,0.94,Normalized,Cetrizine 10 mg,Synthetic test record. Prescription remains the source of truth; normalization does not authorize medication use.
MED000011,Furosemide,Furosemide,Furosemide,Furosemide 40 mg Tablet,Furosemide; Furosemide,Tablet,40 mg,Oral,310429,Diuretic,RxNorm terminology reference / synthetic mapping,0.98,Already normalized,Furosemide 40 mg,Synthetic test record. Prescription remains the source of truth; normalization does not authorize medication use.
MED000012,Ondansetron,Ondansetron,Ondansetron,Ondansetron 4 mg Tablet,Ondansetron; Ondansetron,Tablet,4 mg,Oral,312157,Antiemetic,RxNorm terminology reference / synthetic mapping,0.96,Already normalized,Ondansetron 4 mg,Synthetic test record. Prescription remains the source of truth; normalization does not authorize medication use.
MED000013,Domperidone,Domperidone,Domperidone,Domperidone 10 mg Tablet,Domperidone; Domperidone,Tablet,10 mg,Oral,897626,Gastroprokinetic,RxNorm terminology reference / synthetic mapping,0.94,Already normalized,Domperidone 10 mg,Synthetic test record. Prescription remains the source of truth; normalization does not authorize medication use.
MED000014,Insulin Glargin,Insulin Glargine,Insulin Glargine,Insulin Glargine 100 units/mL Injection,Insulin Glargine; Insulin Glargine,Injection,100 units/mL,Subcutaneous,261551,Insulin,RxNorm terminology reference / synthetic mapping,0.96,Normalized,Insulin Glargin 100 units/mL,Synthetic test record. Prescription remains the source of truth; normalization does not authorize medication use.
MED000015,Asprin,Aspirin,Acetylsalicylic Acid,Acetylsalicylic Acid 75 mg Tablet,Aspirin; Acetylsalicylic Acid,Tablet,75 mg,Oral,1191,Antiplatelet,RxNorm terminology reference / synthetic mapping,0.96,Normalized,Asprin 75 mg,Synthetic test record. Prescription remains the source of truth; normalization does not authorize medication use.
MED000016,Atorvastatin,Atorvastatin,Atorvastatin,Atorvastatin 20 mg Tablet,Atorvastatin; Atorvastatin,Tablet,20 mg,Oral,617314,Lipid-lowering agent,RxNorm terminology reference / synthetic mapping,0.94,Already normalized,Atorvastatin 20 mg,Synthetic test record. Prescription remains the source of truth; normalization does not authorize medication use.
MED000017,Azitromycin,Azithromycin,Azithromycin,Azithromycin 500 mg Tablet,Azithromycin; Azithromycin,Tablet,500 mg,Oral,18631,Antibiotic,RxNorm terminology reference / synthetic mapping,0.97,Normalized,Azitromycin 500 mg,Synthetic test record. Prescription remains the source of truth; normalization does not authorize medication use.
MED000018,Paracitamol,Paracetamol,Acetaminophen,Acetaminophen 500 mg Tablet,Paracetamol; Acetaminophen,Tablet,500 mg,Oral,161,Analgesic / Antipyretic,RxNorm terminology reference / synthetic mapping,0.97,Normalized,Paracitamol 500 mg,Synthetic test record. Prescription remains the source of truth; normalization does not authorize medication use.
MED000019,Diclofenec,Diclofenac,Diclofenac,Diclofenac 50 mg Tablet,Diclofenac; Diclofenac,Tablet,50 mg,Oral,308135,NSAID,RxNorm terminology reference / synthetic mapping,0.99,Normalized,Diclofenec 50 mg,Synthetic test record. Prescription remains the source of truth; normalization does not authorize medication use.
MED000020,Losartn,Losartan,Losartan,Losartan 50 mg Tablet,Losartan; Losartan,Tablet,50 mg,Oral,979118,Antihypertensive,RxNorm terminology reference / synthetic mapping,0.99,Normalized,Losartn 50 mg,Synthetic test record. Prescription remains the source of truth; normalization does not authorize medication use.
MED000021,Clopidogrel,Clopidogrel,Clopidogrel,Clopidogrel 75 mg Tablet,Clopidogrel; Clopidogrel,Tablet,75 mg,Oral,309362,Antiplatelet,RxNorm terminology reference / synthetic mapping,0.99,Already normalized,Clopidogrel 75 mg,Synthetic test record. Prescription remains the source of truth; normalization does not authorize medication use.
MED000022,Amlodpine,Amlodipine,Amlodipine,Amlodipine 5 mg Tablet,Amlodipine; Amlodipine,Tablet,5 mg,Oral,308135,Antihypertensive,RxNorm terminology reference / synthetic mapping,0.94,Normalized,Amlodpine 5 mg,Synthetic test record. Prescription remains the source of truth; normalization does not authorize medication use.
MED000023,Paracitamol,Paracetamol,Acetaminophen,Acetaminophen 500 mg Tablet,Paracetamol; Acetaminophen,Tablet,500 mg,Oral,161,Analgesic / Antipyretic,RxNorm terminology reference / synthetic mapping,0.9,Normalized,Paracitamol 500 mg,Synthetic test record. Prescription remains the source of truth; normalization does not authorize medication use.
MED000024,Warfarine,Warfarin,Warfarin,Warfarin 5 mg Tablet,Warfarin; Warfarin,Tablet,5 mg,Oral,855333,Anticoagulant,RxNorm terminology reference / synthetic mapping,0.99,Normalized,Warfarine 5 mg,Synthetic test record. Prescription remains the source of truth; normalization does not authorize medication use.
MED000025,Ondansetron,Ondansetron,Ondansetron,Ondansetron 4 mg Tablet,Ondansetron; Ondansetron,Tablet,4 mg,Oral,312157,Antiemetic,RxNorm terminology reference / synthetic mapping,0.96,Already normalized,Ondansetron 4 mg,Synthetic test record. Prescription remains the source of truth; normalization does not authorize medication use.
MED000026,InsulinGlar gine,Insulin Glargine,Insulin Glargine,Insulin Glargine 100 units/mL Injection,Insulin Glargine; Insulin Glargine,Injection,100 units/mL,Subcutaneous,261551,Insulin,RxNorm terminology reference / synthetic mapping,0.91,Normalized,InsulinGlar gine 100 units/mL,Synthetic test record. Prescription remains the source of truth; normalization does not authorize medication use.
MED000027,Doxycicline,Doxycycline,Doxycycline,Doxycycline 100 mg Capsule,Doxycycline; Doxycycline,Capsule,100 mg,Oral,3640,Antibiotic,RxNorm terminology reference / synthetic mapping,0.93,Normalized,Doxycicline 100 mg,Synthetic test record. Prescription remains the source of truth; normalization does not authorize medication use.
MED000028,Montelukast,Montelukast,Montelukast,Montelukast 10 mg Tablet,Montelukast; Montelukast,Tablet,10 mg,Oral,1018502,Leukotriene receptor antagonist,RxNorm terminology reference / synthetic mapping,0.93,Already normalized,Montelukast 10 mg,Synthetic test record. Prescription remains the source of truth; normalization does not authorize medication use.
MED000029,Glimepride,Glimepiride,Glimepiride,Glimepiride 2 mg Tablet,Glimepiride; Glimepiride,Tablet,2 mg,Oral,861713,Antidiabetic,RxNorm terminology reference / synthetic mapping,0.93,Normalized,Glimepride 2 mg,Synthetic test record. Prescription remains the source of truth; normalization does not authorize medication use.
MED000030,Diclofenec,Diclofenac,Diclofenac,Diclofenac 50 mg Tablet,Diclofenac; Diclofenac,Tablet,50 mg,Oral,308135,NSAID,RxNorm terminology reference / synthetic mapping,0.99,Normalized,Diclofenec 50 mg,Synthetic test record. Prescription remains the source of truth; normalization does not authorize medication use.
MED000031,Doxycycline,Doxycycline,Doxycycline,Doxycycline 100 mg Capsule,Doxycycline; Doxycycline,Capsule,100 mg,Oral,3640,Antibiotic,RxNorm terminology reference / synthetic mapping,0.98,Already normalized,Doxycycline 100 mg,Synthetic test record. Prescription remains the source of truth; normalization does not authorize medication use.
MED000032,Amlodipinee,Amlodipine,Amlodipine,Amlodipine 5 mg Tablet,Amlodipine; Amlodipine,Tablet,5 mg,Oral,308135,Antihypertensive,RxNorm terminology reference / synthetic mapping,0.97,Normalized,Amlodipinee 5 mg,Synthetic test record. Prescription remains the source of truth; normalization does not authorize medication use.
MED000033,Furosemide,Furosemide,Furosemide,Furosemide 40 mg Tablet,Furosemide; Furosemide,Tablet,40 mg,Oral,310429,Diuretic,RxNorm terminology reference / synthetic mapping,0.93,Already normalized,Furosemide 40 mg,Synthetic test record. Prescription remains the source of truth; normalization does not authorize medication use.
MED000034,Cetirizine,Cetirizine,Cetirizine,Cetirizine 10 mg Tablet,Cetirizine; Cetirizine,Tablet,10 mg,Oral,1014676,Antihistamine,RxNorm terminology reference / synthetic mapping,0.97,Already normalized,Cetirizine 10 mg,Synthetic test record. Prescription remains the source of truth; normalization does not authorize medication use.
MED000035,Cetirizinee,Cetirizine,Cetirizine,Cetirizine 10 mg Tablet,Cetirizine; Cetirizine,Tablet,10 mg,Oral,1014676,Antihistamine,RxNorm terminology reference / synthetic mapping,0.95,Normalized,Cetirizinee 10 mg,Synthetic test record. Prescription remains the source of truth; normalization does not authorize medication use.
MED000036,Ibuprof en,Ibuprofen,Ibuprofen,Ibuprofen 400 mg Tablet,Ibuprofen; Ibuprofen,Tablet,400 mg,Oral,310965,NSAID,RxNorm terminology reference / synthetic mapping,0.97,Normalized,Ibuprof en 400 mg,Synthetic test record. Prescription remains the source of truth; normalization does not authorize medication use.
MED000037,Losartan,Losartan,Losartan,Losartan 50 mg Tablet,Losartan; Losartan,Tablet,50 mg,Oral,979118,Antihypertensive,RxNorm terminology reference / synthetic mapping,0.91,Already normalized,Losartan 50 mg,Synthetic test record. Prescription remains the source of truth; normalization does not authorize medication use.
MED000038,Domperidone,Domperidone,Domperidone,Domperidone 10 mg Tablet,Domperidone; Domperidone,Tablet,10 mg,Oral,897626,Gastroprokinetic,RxNorm terminology reference / synthetic mapping,0.98,Already normalized,Domperidone 10 mg,Synthetic test record. Prescription remains the source of truth; normalization does not authorize medication use.
MED000039,Aspirin,Aspirin,Acetylsalicylic Acid,Acetylsalicylic Acid 75 mg Tablet,Aspirin; Acetylsalicylic Acid,Tablet,75 mg,Oral,1191,Antiplatelet,RxNorm terminology reference / synthetic mapping,0.97,Already normalized,Aspirin 75 mg,Synthetic test record. Prescription remains the source of truth; normalization does not authorize medication use.
MED000040,Paracitamol,Paracetamol,Acetaminophen,Acetaminophen 500 mg Tablet,Paracetamol; Acetaminophen,Tablet,500 mg,Oral,161,Analgesic / Antipyretic,RxNorm terminology reference / synthetic mapping,0.98,Normalized,Paracitamol 500 mg,Synthetic test record. Prescription remains the source of truth; normalization does not authorize medication use.
MED000041,Insulin Glargine,Insulin Glargine,Insulin Glargine,Insulin Glargine 100 units/mL Injection,Insulin Glargine; Insulin Glargine,Injection,100 units/mL,Subcutaneous,261551,Insulin,RxNorm terminology reference / synthetic mapping,0.91,Already normalized,Insulin Glargine 100 units/mL,Synthetic test record. Prescription remains the source of truth; normalization does not authorize medication use.
MED000042,Aspirn,Aspirin,Acetylsalicylic Acid,Acetylsalicylic Acid 75 mg Tablet,Aspirin; Acetylsalicylic Acid,Tablet,75 mg,Oral,1191,Antiplatelet,RxNorm terminology reference / synthetic mapping,0.95,Normalized,Aspirn 75 mg,Synthetic test record. Prescription remains the source of truth; normalization does not authorize medication use.
MED000043,Azithrocin,Azithromycin,Azithromycin,Azithromycin 500 mg Tablet,Azithromycin; Azithromycin,Tablet,500 mg,Oral,18631,Antibiotic,RxNorm terminology reference / synthetic mapping,0.92,Normalized,Azithrocin 500 mg,Synthetic test record. Prescription remains the source of truth; normalization does not authorize medication use.
MED000044,Doxycycline,Doxycycline,Doxycycline,Doxycycline 100 mg Capsule,Doxycycline; Doxycycline,Capsule,100 mg,Oral,3640,Antibiotic,RxNorm terminology reference / synthetic mapping,0.9,Already normalized,Doxycycline 100 mg,Synthetic test record. Prescription remains the source of truth; normalization does not authorize medication use.
MED000045,Insulin Glargin,Insulin Glargine,Insulin Glargine,Insulin Glargine 100 units/mL Injection,Insulin Glargine; Insulin Glargine,Injection,100 units/mL,Subcutaneous,261551,Insulin,RxNorm terminology reference / synthetic mapping,0.95,Normalized,Insulin Glargin 100 units/mL,Synthetic test record. Prescription remains the source of truth; normalization does not authorize medication use.
MED000046,Clopidogral,Clopidogrel,Clopidogrel,Clopidogrel 75 mg Tablet,Clopidogrel; Clopidogrel,Tablet,75 mg,Oral,309362,Antiplatelet,RxNorm terminology reference / synthetic mapping,0.95,Normalized,Clopidogral 75 mg,Synthetic test record. Prescription remains the source of truth; normalization does not authorize medication use.
MED000047,Azithromycin,Azithromycin,Azithromycin,Azithromycin 500 mg Tablet,Azithromycin; Azithromycin,Tablet,500 mg,Oral,18631,Antibiotic,RxNorm terminology reference / synthetic mapping,0.95,Already normalized,Azithromycin 500 mg,Synthetic test record. Prescription remains the source of truth; normalization does not authorize medication use.
MED000048,Amlodipin,Amlodipine,Amlodipine,Amlodipine 5 mg Tablet,Amlodipine; Amlodipine,Tablet,5 mg,Oral,308135,Antihypertensive,RxNorm terminology reference / synthetic mapping,0.94,Normalized,Amlodipin 5 mg,Synthetic test record. Prescription remains the source of truth; normalization does not authorize medication use.
MED000049,Aspirin,Aspirin,Acetylsalicylic Acid,Acetylsalicylic Acid 75 mg Tablet,Aspirin; Acetylsalicylic Acid,Tablet,75 mg,Oral,1191,Antiplatelet,RxNorm terminology reference / synthetic mapping,0.92,Already normalized,Aspirin 75 mg,Synthetic test record. Prescription remains the source of truth; normalization does not authorize medication use.
MED000050,Furosemide,Furosemide,Furosemide,Furosemide 40 mg Tablet,Furosemide; Furosemide,Tablet,40 mg,Oral,310429,Diuretic,RxNorm terminology reference / synthetic mapping,0.98,Already normalized,Furosemide 40 mg,Synthetic test record. Prescription remains the source of truth; normalization does not authorize medication use.
MED000051,Furosimide,Furosemide,Furosemide,Furosemide 40 mg Tablet,Furosemide; Furosemide,Tablet,40 mg,Oral,310429,Diuretic,RxNorm terminology reference / synthetic mapping,0.9,Normalized,Furosimide 40 mg,Synthetic test record. Prescription remains the source of truth; normalization does not authorize medication use.
MED000052,Warfarn,Warfarin,Warfarin,Warfarin 5 mg Tablet,Warfarin; Warfarin,Tablet,5 mg,Oral,855333,Anticoagulant,RxNorm terminology reference / synthetic mapping,0.95,Normalized,Warfarn 5 mg,Synthetic test record. Prescription remains the source of truth; normalization does not authorize medication use.
MED000053,Famotidne,Famotidine,Famotidine,Famotidine 20 mg Tablet,Famotidine; Famotidine,Tablet,20 mg,Oral,966770,H2 receptor antagonist,RxNorm terminology reference / synthetic mapping,0.94,Normalized,Famotidne 20 mg,Synthetic test record. Prescription remains the source of truth; normalization does not authorize medication use.
MED000054,Domperidone,Domperidone,Domperidone,Domperidone 10 mg Tablet,Domperidone; Domperidone,Tablet,10 mg,Oral,897626,Gastroprokinetic,RxNorm terminology reference / synthetic mapping,0.92,Already normalized,Domperidone 10 mg,Synthetic test record. Prescription remains the source of truth; normalization does not authorize medication use.
MED000055,Metoprololl,Metoprolol,Metoprolol,Metoprolol 25 mg Tablet,Metoprolol; Metoprolol,Tablet,25 mg,Oral,866924,Beta blocker,RxNorm terminology reference / synthetic mapping,0.92,Normalized,Metoprololl 25 mg,Synthetic test record. Prescription remains the source of truth; normalization does not authorize medication use.
MED000056,Atorvastin,Atorvastatin,Atorvastatin,Atorvastatin 20 mg Tablet,Atorvastatin; Atorvastatin,Tablet,20 mg,Oral,617314,Lipid-lowering agent,RxNorm terminology reference / synthetic mapping,0.91,Normalized,Atorvastin 20 mg,Synthetic test record. Prescription remains the source of truth; normalization does not authorize medication use.
MED000057,Telmisartam,Telmisartan,Telmisartan,Telmisartan 40 mg Tablet,Telmisartan; Telmisartan,Tablet,40 mg,Oral,309410,Antihypertensive,RxNorm terminology reference / synthetic mapping,0.97,Normalized,Telmisartam 40 mg,Synthetic test record. Prescription remains the source of truth; normalization does not authorize medication use.
MED000058,Atorvastin,Atorvastatin,Atorvastatin,Atorvastatin 20 mg Tablet,Atorvastatin; Atorvastatin,Tablet,20 mg,Oral,617314,Lipid-lowering agent,RxNorm terminology reference / synthetic mapping,0.98,Normalized,Atorvastin 20 mg,Synthetic test record. Prescription remains the source of truth; normalization does not authorize medication use.
MED000059,Metfornin,Metformin,Metformin,Metformin 500 mg Tablet,Metformin; Metformin,Tablet,500 mg,Oral,860975,Antidiabetic,RxNorm terminology reference / synthetic mapping,0.95,Normalized,Metfornin 500 mg,Synthetic test record. Prescription remains the source of truth; normalization does not authorize medication use.
MED000060,Amoxicillin,Amoxicillin,Amoxicillin,Amoxicillin 500 mg Capsule,Amoxicillin; Amoxicillin,Capsule,500 mg,Oral,723,Antibiotic,RxNorm terminology reference / synthetic mapping,0.93,Already normalized,Amoxicillin 500 mg,Synthetic test record. Prescription remains the source of truth; normalization does not authorize medication use.
MED000061,Metforrmin,Metformin,Metformin,Metformin 500 mg Tablet,Metformin; Metformin,Tablet,500 mg,Oral,860975,Antidiabetic,RxNorm terminology reference / synthetic mapping,0.99,Normalized,Metforrmin 500 mg,Synthetic test record. Prescription remains the source of truth; normalization does not authorize medication use.
MED000062,Ibuprofin,Ibuprofen,Ibuprofen,Ibuprofen 400 mg Tablet,Ibuprofen; Ibuprofen,Tablet,400 mg,Oral,310965,NSAID,RxNorm terminology reference / synthetic mapping,0.92,Normalized,Ibuprofin 400 mg,Synthetic test record. Prescription remains the source of truth; normalization does not authorize medication use.
MED000063,Metoprololl,Metoprolol,Metoprolol,Metoprolol 25 mg Tablet,Metoprolol; Metoprolol,Tablet,25 mg,Oral,866924,Beta blocker,RxNorm terminology reference / synthetic mapping,0.96,Normalized,Metoprololl 25 mg,Synthetic test record. Prescription remains the source of truth; normalization does not authorize medication use.
MED000064,InsulinGlar gine,Insulin Glargine,Insulin Glargine,Insulin Glargine 100 units/mL Injection,Insulin Glargine; Insulin Glargine,Injection,100 units/mL,Subcutaneous,261551,Insulin,RxNorm terminology reference / synthetic mapping,0.9,Normalized,InsulinGlar gine 100 units/mL,Synthetic test record. Prescription remains the source of truth; normalization does not authorize medication use.
MED000065,Metformn,Metformin,Metformin,Metformin 500 mg Tablet,Metformin; Metformin,Tablet,500 mg,Oral,860975,Antidiabetic,RxNorm terminology reference / synthetic mapping,0.94,Normalized,Metformn 500 mg,Synthetic test record. Prescription remains the source of truth; normalization does not authorize medication use.
MED000066,Amlodpine,Amlodipine,Amlodipine,Amlodipine 5 mg Tablet,Amlodipine; Amlodipine,Tablet,5 mg,Oral,308135,Antihypertensive,RxNorm terminology reference / synthetic mapping,0.94,Normalized,Amlodpine 5 mg,Synthetic test record. Prescription remains the source of truth; normalization does not authorize medication use.
MED000067,Montelukast,Montelukast,Montelukast,Montelukast 10 mg Tablet,Montelukast; Montelukast,Tablet,10 mg,Oral,1018502,Leukotriene receptor antagonist,RxNorm terminology reference / synthetic mapping,0.93,Already normalized,Montelukast 10 mg,Synthetic test record. Prescription remains the source of truth; normalization does not authorize medication use.
MED000068,Omeprazol,Omeprazole,Omeprazole,Omeprazole 20 mg Capsule,Omeprazole; Omeprazole,Capsule,20 mg,Oral,647640,Proton pump inhibitor,RxNorm terminology reference / synthetic mapping,0.98,Normalized,Omeprazol 20 mg,Synthetic test record. Prescription remains the source of truth; normalization does not authorize medication use.
MED000069,Doxycycline,Doxycycline,Doxycycline,Doxycycline 100 mg Capsule,Doxycycline; Doxycycline,Capsule,100 mg,Oral,3640,Antibiotic,RxNorm terminology reference / synthetic mapping,0.98,Already normalized,Doxycycline 100 mg,Synthetic test record. Prescription remains the source of truth; normalization does not authorize medication use.
MED000070,Paracetemol,Paracetamol,Acetaminophen,Acetaminophen 500 mg Tablet,Paracetamol; Acetaminophen,Tablet,500 mg,Oral,161,Analgesic / Antipyretic,RxNorm terminology reference / synthetic mapping,0.92,Normalized,Paracetemol 500 mg,Synthetic test record. Prescription remains the source of truth; normalization does not authorize medication use.
MED000071,Doxycicline,Doxycycline,Doxycycline,Doxycycline 100 mg Capsule,Doxycycline; Doxycycline,Capsule,100 mg,Oral,3640,Antibiotic,RxNorm terminology reference / synthetic mapping,0.93,Normalized,Doxycicline 100 mg,Synthetic test record. Prescription remains the source of truth; normalization does not authorize medication use.
MED000072,Telmisartan,Telmisartan,Telmisartan,Telmisartan 40 mg Tablet,Telmisartan; Telmisartan,Tablet,40 mg,Oral,309410,Antihypertensive,RxNorm terminology reference / synthetic mapping,0.95,Already normalized,Telmisartan 40 mg,Synthetic test record. Prescription remains the source of truth; normalization does not authorize medication use.
MED000073,Glimepirid,Glimepiride,Glimepiride,Glimepiride 2 mg Tablet,Glimepiride; Glimepiride,Tablet,2 mg,Oral,861713,Antidiabetic,RxNorm terminology reference / synthetic mapping,0.92,Normalized,Glimepirid 2 mg,Synthetic test record. Prescription remains the source of truth; normalization does not authorize medication use.
MED000074,Atorvastatin,Atorvastatin,Atorvastatin,Atorvastatin 20 mg Tablet,Atorvastatin; Atorvastatin,Tablet,20 mg,Oral,617314,Lipid-lowering agent,RxNorm terminology reference / synthetic mapping,0.98,Already normalized,Atorvastatin 20 mg,Synthetic test record. Prescription remains the source of truth; normalization does not authorize medication use.
MED000075,Metoprol,Metoprolol,Metoprolol,Metoprolol 25 mg Tablet,Metoprolol; Metoprolol,Tablet,25 mg,Oral,866924,Beta blocker,RxNorm terminology reference / synthetic mapping,0.91,Normalized,Metoprol 25 mg,Synthetic test record. Prescription remains the source of truth; normalization does not authorize medication use.
MED000076,Metoprololl,Metoprolol,Metoprolol,Metoprolol 25 mg Tablet,Metoprolol; Metoprolol,Tablet,25 mg,Oral,866924,Beta blocker,RxNorm terminology reference / synthetic mapping,0.95,Normalized,Metoprololl 25 mg,Synthetic test record. Prescription remains the source of truth; normalization does not authorize medication use.
MED000077,Ciprofloxin,Ciprofloxacin,Ciprofloxacin,Ciprofloxacin 500 mg Tablet,Ciprofloxacin; Ciprofloxacin,Tablet,500 mg,Oral,2551,Antibiotic,RxNorm terminology reference / synthetic mapping,0.94,Normalized,Ciprofloxin 500 mg,Synthetic test record. Prescription remains the source of truth; normalization does not authorize medication use.
MED000078,Warfarin,Warfarin,Warfarin,Warfarin 5 mg Tablet,Warfarin; Warfarin,Tablet,5 mg,Oral,855333,Anticoagulant,RxNorm terminology reference / synthetic mapping,0.95,Already normalized,Warfarin 5 mg,Synthetic test record. Prescription remains the source of truth; normalization does not authorize medication use.
MED000079,Clopidogrel,Clopidogrel,Clopidogrel,Clopidogrel 75 mg Tablet,Clopidogrel; Clopidogrel,Tablet,75 mg,Oral,309362,Antiplatelet,RxNorm terminology reference / synthetic mapping,0.91,Already normalized,Clopidogrel 75 mg,Synthetic test record. Prescription remains the source of truth; normalization does not authorize medication use.
MED000080,Amlodipin,Amlodipine,Amlodipine,Amlodipine 5 mg Tablet,Amlodipine; Amlodipine,Tablet,5 mg,Oral,308135,Antihypertensive,RxNorm terminology reference / synthetic mapping,0.99,Normalized,Amlodipin 5 mg,Synthetic test record. Prescription remains the source of truth; normalization does not authorize medication use.
MED000081,Amoxicilin,Amoxicillin,Amoxicillin,Amoxicillin 500 mg Capsule,Amoxicillin; Amoxicillin,Capsule,500 mg,Oral,723,Antibiotic,RxNorm terminology reference / synthetic mapping,0.91,Normalized,Amoxicilin 500 mg,Synthetic test record. Prescription remains the source of truth; normalization does not authorize medication use.
MED000082,Ciprofloxacin,Ciprofloxacin,Ciprofloxacin,Ciprofloxacin 500 mg Tablet,Ciprofloxacin; Ciprofloxacin,Tablet,500 mg,Oral,2551,Antibiotic,RxNorm terminology reference / synthetic mapping,0.96,Already normalized,Ciprofloxacin 500 mg,Synthetic test record. Prescription remains the source of truth; normalization does not authorize medication use.
MED000083,Montelukast,Montelukast,Montelukast,Montelukast 10 mg Tablet,Montelukast; Montelukast,Tablet,10 mg,Oral,1018502,Leukotriene receptor antagonist,RxNorm terminology reference / synthetic mapping,0.98,Already normalized,Montelukast 10 mg,Synthetic test record. Prescription remains the source of truth; normalization does not authorize medication use.
MED000084,Aspirin,Aspirin,Acetylsalicylic Acid,Acetylsalicylic Acid 75 mg Tablet,Aspirin; Acetylsalicylic Acid,Tablet,75 mg,Oral,1191,Antiplatelet,RxNorm terminology reference / synthetic mapping,0.98,Already normalized,Aspirin 75 mg,Synthetic test record. Prescription remains the source of truth; normalization does not authorize medication use.
MED000085,Cetirizne,Cetirizine,Cetirizine,Cetirizine 10 mg Tablet,Cetirizine; Cetirizine,Tablet,10 mg,Oral,1014676,Antihistamine,RxNorm terminology reference / synthetic mapping,0.96,Normalized,Cetirizne 10 mg,Synthetic test record. Prescription remains the source of truth; normalization does not authorize medication use.
MED000086,Ibuprofin,Ibuprofen,Ibuprofen,Ibuprofen 400 mg Tablet,Ibuprofen; Ibuprofen,Tablet,400 mg,Oral,310965,NSAID,RxNorm terminology reference / synthetic mapping,0.97,Normalized,Ibuprofin 400 mg,Synthetic test record. Prescription remains the source of truth; normalization does not authorize medication use.
MED000087,Warfain,Warfarin,Warfarin,Warfarin 5 mg Tablet,Warfarin; Warfarin,Tablet,5 mg,Oral,855333,Anticoagulant,RxNorm terminology reference / synthetic mapping,0.94,Normalized,Warfain 5 mg,Synthetic test record. Prescription remains the source of truth; normalization does not authorize medication use.
MED000088,Insulin Glargene,Insulin Glargine,Insulin Glargine,Insulin Glargine 100 units/mL Injection,Insulin Glargine; Insulin Glargine,Injection,100 units/mL,Subcutaneous,261551,Insulin,RxNorm terminology reference / synthetic mapping,0.92,Normalized,Insulin Glargene 100 units/mL,Synthetic test record. Prescription remains the source of truth; normalization does not authorize medication use.
MED000089,Azitromycin,Azithromycin,Azithromycin,Azithromycin 500 mg Tablet,Azithromycin; Azithromycin,Tablet,500 mg,Oral,18631,Antibiotic,RxNorm terminology reference / synthetic mapping,0.93,Normalized,Azitromycin 500 mg,Synthetic test record. Prescription remains the source of truth; normalization does not authorize medication use.
MED000090,Glimepiride,Glimepiride,Glimepiride,Glimepiride 2 mg Tablet,Glimepiride; Glimepiride,Tablet,2 mg,Oral,861713,Antidiabetic,RxNorm terminology reference / synthetic mapping,0.94,Already normalized,Glimepiride 2 mg,Synthetic test record. Prescription remains the source of truth; normalization does not authorize medication use.
MED000091,Prednisolne,Prednisolone,Prednisolone,Prednisolone 10 mg Tablet,Prednisolone; Prednisolone,Tablet,10 mg,Oral,1168002,Corticosteroid,RxNorm terminology reference / synthetic mapping,0.9,Normalized,Prednisolne 10 mg,Synthetic test record. Prescription remains the source of truth; normalization does not authorize medication use.
MED000092,InsulinGlar gine,Insulin Glargine,Insulin Glargine,Insulin Glargine 100 units/mL Injection,Insulin Glargine; Insulin Glargine,Injection,100 units/mL,Subcutaneous,261551,Insulin,RxNorm terminology reference / synthetic mapping,0.92,Normalized,InsulinGlar gine 100 units/mL,Synthetic test record. Prescription remains the source of truth; normalization does not authorize medication use.
MED000093,Ciprofloxacin,Ciprofloxacin,Ciprofloxacin,Ciprofloxacin 500 mg Tablet,Ciprofloxacin; Ciprofloxacin,Tablet,500 mg,Oral,2551,Antibiotic,RxNorm terminology reference / synthetic mapping,0.97,Already normalized,Ciprofloxacin 500 mg,Synthetic test record. Prescription remains the source of truth; normalization does not authorize medication use.
MED000094,Clopidogral,Clopidogrel,Clopidogrel,Clopidogrel 75 mg Tablet,Clopidogrel; Clopidogrel,Tablet,75 mg,Oral,309362,Antiplatelet,RxNorm terminology reference / synthetic mapping,0.93,Normalized,Clopidogral 75 mg,Synthetic test record. Prescription remains the source of truth; normalization does not authorize medication use.
MED000095,Azithromycine,Azithromycin,Azithromycin,Azithromycin 500 mg Tablet,Azithromycin; Azithromycin,Tablet,500 mg,Oral,18631,Antibiotic,RxNorm terminology reference / synthetic mapping,0.92,Normalized,Azithromycine 500 mg,Synthetic test record. Prescription remains the source of truth; normalization does not authorize medication use.
MED000096,Amlodipine,Amlodipine,Amlodipine,Amlodipine 5 mg Tablet,Amlodipine; Amlodipine,Tablet,5 mg,Oral,308135,Antihypertensive,RxNorm terminology reference / synthetic mapping,0.98,Already normalized,Amlodipine 5 mg,Synthetic test record. Prescription remains the source of truth; normalization does not authorize medication use.
MED000097,Atorvastain,Atorvastatin,Atorvastatin,Atorvastatin 20 mg Tablet,Atorvastatin; Atorvastatin,Tablet,20 mg,Oral,617314,Lipid-lowering agent,RxNorm terminology reference / synthetic mapping,0.91,Normalized,Atorvastain 20 mg,Synthetic test record. Prescription remains the source of truth; normalization does not authorize medication use.
MED000098,Omeprazloe,Omeprazole,Omeprazole,Omeprazole 20 mg Capsule,Omeprazole; Omeprazole,Capsule,20 mg,Oral,647640,Proton pump inhibitor,RxNorm terminology reference / synthetic mapping,0.92,Normalized,Omeprazloe 20 mg,Synthetic test record. Prescription remains the source of truth; normalization does not authorize medication use.
MED000099,Losartan,Losartan,Losartan,Losartan 50 mg Tablet,Losartan; Losartan,Tablet,50 mg,Oral,979118,Antihypertensive,RxNorm terminology reference / synthetic mapping,0.91,Already normalized,Losartan 50 mg,Synthetic test record. Prescription remains the source of truth; normalization does not authorize medication use.
MED000100,Famotidine,Famotidine,Famotidine,Famotidine 20 mg Tablet,Famotidine; Famotidine,Tablet,20 mg,Oral,966770,H2 receptor antagonist,RxNorm terminology reference / synthetic mapping,0.9,Already normalized,Famotidine 20 mg,Synthetic test record. Prescription remains the source of truth; normalization does not authorize medication use.
MED000101,Metoprol,Metoprolol,Metoprolol,Metoprolol 25 mg Tablet,Metoprolol; Metoprolol,Tablet,25 mg,Oral,866924,Beta blocker,RxNorm terminology reference / synthetic mapping,0.92,Normalized,Metoprol 25 mg,Synthetic test record. Prescription remains the source of truth; normalization does not authorize medication use.
MED000102,Telmisartan,Telmisartan,Telmisartan,Telmisartan 40 mg Tablet,Telmisartan; Telmisartan,Tablet,40 mg,Oral,309410,Antihypertensive,RxNorm terminology reference / synthetic mapping,0.91,Already normalized,Telmisartan 40 mg,Synthetic test record. Prescription remains the source of truth; normalization does not authorize medication use.
MED000103,Paracetemol,Paracetamol,Acetaminophen,Acetaminophen 500 mg Tablet,Paracetamol; Acetaminophen,Tablet,500 mg,Oral,161,Analgesic / Antipyretic,RxNorm terminology reference / synthetic mapping,0.94,Normalized,Paracetemol 500 mg,Synthetic test record. Prescription remains the source of truth; normalization does not authorize medication use.
MED000104,Warfain,Warfarin,Warfarin,Warfarin 5 mg Tablet,Warfarin; Warfarin,Tablet,5 mg,Oral,855333,Anticoagulant,RxNorm terminology reference / synthetic mapping,0.91,Normalized,Warfain 5 mg,Synthetic test record. Prescription remains the source of truth; normalization does not authorize medication use.
MED000105,Azithromicin,Azithromycin,Azithromycin,Azithromycin 500 mg Tablet,Azithromycin; Azithromycin,Tablet,500 mg,Oral,18631,Antibiotic,RxNorm terminology reference / synthetic mapping,0.93,Normalized,Azithromicin 500 mg,Synthetic test record. Prescription remains the source of truth; normalization does not authorize medication use.
MED000106,Amlodipne,Amlodipine,Amlodipine,Amlodipine 5 mg Tablet,Amlodipine; Amlodipine,Tablet,5 mg,Oral,308135,Antihypertensive,RxNorm terminology reference / synthetic mapping,0.95,Normalized,Amlodipne 5 mg,Synthetic test record. Prescription remains the source of truth; normalization does not authorize medication use.
MED000107,Clopidgrel,Clopidogrel,Clopidogrel,Clopidogrel 75 mg Tablet,Clopidogrel; Clopidogrel,Tablet,75 mg,Oral,309362,Antiplatelet,RxNorm terminology reference / synthetic mapping,0.99,Normalized,Clopidgrel 75 mg,Synthetic test record. Prescription remains the source of truth; normalization does not authorize medication use.
MED000108,Montelukast,Montelukast,Montelukast,Montelukast 10 mg Tablet,Montelukast; Montelukast,Tablet,10 mg,Oral,1018502,Leukotriene receptor antagonist,RxNorm terminology reference / synthetic mapping,0.91,Already normalized,Montelukast 10 mg,Synthetic test record. Prescription remains the source of truth; normalization does not authorize medication use.
MED000109,Telmisartn,Telmisartan,Telmisartan,Telmisartan 40 mg Tablet,Telmisartan; Telmisartan,Tablet,40 mg,Oral,309410,Antihypertensive,RxNorm terminology reference / synthetic mapping,0.93,Normalized,Telmisartn 40 mg,Synthetic test record. Prescription remains the source of truth; normalization does not authorize medication use.
MED000110,Famotidne,Famotidine,Famotidine,Famotidine 20 mg Tablet,Famotidine; Famotidine,Tablet,20 mg,Oral,966770,H2 receptor antagonist,RxNorm terminology reference / synthetic mapping,0.95,Normalized,Famotidne 20 mg,Synthetic test record. Prescription remains the source of truth; normalization does not authorize medication use.
MED000111,Paracetamol,Paracetamol,Acetaminophen,Acetaminophen 500 mg Tablet,Paracetamol; Acetaminophen,Tablet,500 mg,Oral,161,Analgesic / Antipyretic,RxNorm terminology reference / synthetic mapping,0.96,Already normalized,Paracetamol 500 mg,Synthetic test record. Prescription remains the source of truth; normalization does not authorize medication use.
MED000112,Budesonide,Budesonide,Budesonide,Budesonide 200 mcg/dose Inhaler,Budesonide; Budesonide,Inhaler,200 mcg/dose,Inhalation,745678,Corticosteroid,RxNorm terminology reference / synthetic mapping,0.91,Already normalized,Budesonide 200 mcg/dose,Synthetic test record. Prescription remains the source of truth; normalization does not authorize medication use.
MED000113,Budesonide,Budesonide,Budesonide,Budesonide 200 mcg/dose Inhaler,Budesonide; Budesonide,Inhaler,200 mcg/dose,Inhalation,745678,Corticosteroid,RxNorm terminology reference / synthetic mapping,0.96,Already normalized,Budesonide 200 mcg/dose,Synthetic test record. Prescription remains the source of truth; normalization does not authorize medication use.
MED000114,Levothyroxine,Levothyroxine,Levothyroxine,Levothyroxine 50 mcg Tablet,Levothyroxine; Levothyroxine,Tablet,50 mcg,Oral,966220,Thyroid hormone,RxNorm terminology reference / synthetic mapping,0.94,Already normalized,Levothyroxine 50 mcg,Synthetic test record. Prescription remains the source of truth; normalization does not authorize medication use.
MED000115,Glimepiride,Glimepiride,Glimepiride,Glimepiride 2 mg Tablet,Glimepiride; Glimepiride,Tablet,2 mg,Oral,861713,Antidiabetic,RxNorm terminology reference / synthetic mapping,0.95,Already normalized,Glimepiride 2 mg,Synthetic test record. Prescription remains the source of truth; normalization does not authorize medication use.
MED000116,Montelukast,Montelukast,Montelukast,Montelukast 10 mg Tablet,Montelukast; Montelukast,Tablet,10 mg,Oral,1018502,Leukotriene receptor antagonist,RxNorm terminology reference / synthetic mapping,0.92,Already normalized,Montelukast 10 mg,Synthetic test record. Prescription remains the source of truth; normalization does not authorize medication use.
MED000117,Paracitamol,Paracetamol,Acetaminophen,Acetaminophen 500 mg Tablet,Paracetamol; Acetaminophen,Tablet,500 mg,Oral,161,Analgesic / Antipyretic,RxNorm terminology reference / synthetic mapping,0.93,Normalized,Paracitamol 500 mg,Synthetic test record. Prescription remains the source of truth; normalization does not authorize medication use.
MED000118,Metformine,Metformin,Metformin,Metformin 500 mg Tablet,Metformin; Metformin,Tablet,500 mg,Oral,860975,Antidiabetic,RxNorm terminology reference / synthetic mapping,0.95,Normalized,Metformine 500 mg,Synthetic test record. Prescription remains the source of truth; normalization does not authorize medication use.
MED000119,Pantoprazol,Pantoprazole,Pantoprazole,Pantoprazole 40 mg Tablet,Pantoprazole; Pantoprazole,Tablet,40 mg,Oral,861667,Proton pump inhibitor,RxNorm terminology reference / synthetic mapping,0.91,Normalized,Pantoprazol 40 mg,Synthetic test record. Prescription remains the source of truth; normalization does not authorize medication use.
MED000120,Amoxillin,Amoxicillin,Amoxicillin,Amoxicillin 500 mg Capsule,Amoxicillin; Amoxicillin,Capsule,500 mg,Oral,723,Antibiotic,RxNorm terminology reference / synthetic mapping,0.92,Normalized,Amoxillin 500 mg,Synthetic test record. Prescription remains the source of truth; normalization does not authorize medication use.
MED000121,Azithrocin,Azithromycin,Azithromycin,Azithromycin 500 mg Tablet,Azithromycin; Azithromycin,Tablet,500 mg,Oral,18631,Antibiotic,RxNorm terminology reference / synthetic mapping,0.95,Normalized,Azithrocin 500 mg,Synthetic test record. Prescription remains the source of truth; normalization does not authorize medication use.
MED000122,Metformn,Metformin,Metformin,Metformin 500 mg Tablet,Metformin; Metformin,Tablet,500 mg,Oral,860975,Antidiabetic,RxNorm terminology reference / synthetic mapping,0.93,Normalized,Metformn 500 mg,Synthetic test record. Prescription remains the source of truth; normalization does not authorize medication use.
MED000123,Warfarine,Warfarin,Warfarin,Warfarin 5 mg Tablet,Warfarin; Warfarin,Tablet,5 mg,Oral,855333,Anticoagulant,RxNorm terminology reference / synthetic mapping,0.92,Normalized,Warfarine 5 mg,Synthetic test record. Prescription remains the source of truth; normalization does not authorize medication use.
MED000124,Azithromicin,Azithromycin,Azithromycin,Azithromycin 500 mg Tablet,Azithromycin; Azithromycin,Tablet,500 mg,Oral,18631,Antibiotic,RxNorm terminology reference / synthetic mapping,0.98,Normalized,Azithromicin 500 mg,Synthetic test record. Prescription remains the source of truth; normalization does not authorize medication use.
MED000125,Metoprolol,Metoprolol,Metoprolol,Metoprolol 25 mg Tablet,Metoprolol; Metoprolol,Tablet,25 mg,Oral,866924,Beta blocker,RxNorm terminology reference / synthetic mapping,0.98,Already normalized,Metoprolol 25 mg,Synthetic test record. Prescription remains the source of truth; normalization does not authorize medication use.
MED000126,Diclofenac,Diclofenac,Diclofenac,Diclofenac 50 mg Tablet,Diclofenac; Diclofenac,Tablet,50 mg,Oral,308135,NSAID,RxNorm terminology reference / synthetic mapping,0.91,Already normalized,Diclofenac 50 mg,Synthetic test record. Prescription remains the source of truth; normalization does not authorize medication use.
MED000127,Paracetamoll,Paracetamol,Acetaminophen,Acetaminophen 500 mg Tablet,Paracetamol; Acetaminophen,Tablet,500 mg,Oral,161,Analgesic / Antipyretic,RxNorm terminology reference / synthetic mapping,0.98,Normalized,Paracetamoll 500 mg,Synthetic test record. Prescription remains the source of truth; normalization does not authorize medication use.
MED000128,Warfarin,Warfarin,Warfarin,Warfarin 5 mg Tablet,Warfarin; Warfarin,Tablet,5 mg,Oral,855333,Anticoagulant,RxNorm terminology reference / synthetic mapping,0.98,Already normalized,Warfarin 5 mg,Synthetic test record. Prescription remains the source of truth; normalization does not authorize medication use.
MED000129,Atorvastatin,Atorvastatin,Atorvastatin,Atorvastatin 20 mg Tablet,Atorvastatin; Atorvastatin,Tablet,20 mg,Oral,617314,Lipid-lowering agent,RxNorm terminology reference / synthetic mapping,0.97,Already normalized,Atorvastatin 20 mg,Synthetic test record. Prescription remains the source of truth; normalization does not authorize medication use.
MED000130,Losartan,Losartan,Losartan,Losartan 50 mg Tablet,Losartan; Losartan,Tablet,50 mg,Oral,979118,Antihypertensive,RxNorm terminology reference / synthetic mapping,0.9,Already normalized,Losartan 50 mg,Synthetic test record. Prescription remains the source of truth; normalization does not authorize medication use.
MED000131,Warfarn,Warfarin,Warfarin,Warfarin 5 mg Tablet,Warfarin; Warfarin,Tablet,5 mg,Oral,855333,Anticoagulant,RxNorm terminology reference / synthetic mapping,0.9,Normalized,Warfarn 5 mg,Synthetic test record. Prescription remains the source of truth; normalization does not authorize medication use.
MED000132,Domperidn,Domperidone,Domperidone,Domperidone 10 mg Tablet,Domperidone; Domperidone,Tablet,10 mg,Oral,897626,Gastroprokinetic,RxNorm terminology reference / synthetic mapping,0.93,Normalized,Domperidn 10 mg,Synthetic test record. Prescription remains the source of truth; normalization does not authorize medication use.
MED000133,Montelukast,Montelukast,Montelukast,Montelukast 10 mg Tablet,Montelukast; Montelukast,Tablet,10 mg,Oral,1018502,Leukotriene receptor antagonist,RxNorm terminology reference / synthetic mapping,0.96,Already normalized,Montelukast 10 mg,Synthetic test record. Prescription remains the source of truth; normalization does not authorize medication use.
MED000134,Cetrizine,Cetirizine,Cetirizine,Cetirizine 10 mg Tablet,Cetirizine; Cetirizine,Tablet,10 mg,Oral,1014676,Antihistamine,RxNorm terminology reference / synthetic mapping,0.92,Normalized,Cetrizine 10 mg,Synthetic test record. Prescription remains the source of truth; normalization does not authorize medication use.
MED000135,Levothyroxine,Levothyroxine,Levothyroxine,Levothyroxine 50 mcg Tablet,Levothyroxine; Levothyroxine,Tablet,50 mcg,Oral,966220,Thyroid hormone,RxNorm terminology reference / synthetic mapping,0.91,Already normalized,Levothyroxine 50 mcg,Synthetic test record. Prescription remains the source of truth; normalization does not authorize medication use.
MED000136,Warfarin,Warfarin,Warfarin,Warfarin 5 mg Tablet,Warfarin; Warfarin,Tablet,5 mg,Oral,855333,Anticoagulant,RxNorm terminology reference / synthetic mapping,0.9,Already normalized,Warfarin 5 mg,Synthetic test record. Prescription remains the source of truth; normalization does not authorize medication use.
MED000137,Omeprazol,Omeprazole,Omeprazole,Omeprazole 20 mg Capsule,Omeprazole; Omeprazole,Capsule,20 mg,Oral,647640,Proton pump inhibitor,RxNorm terminology reference / synthetic mapping,0.99,Normalized,Omeprazol 20 mg,Synthetic test record. Prescription remains the source of truth; normalization does not authorize medication use.
MED000138,Losartam,Losartan,Losartan,Losartan 50 mg Tablet,Losartan; Losartan,Tablet,50 mg,Oral,979118,Antihypertensive,RxNorm terminology reference / synthetic mapping,0.98,Normalized,Losartam 50 mg,Synthetic test record. Prescription remains the source of truth; normalization does not authorize medication use.
MED000139,Azithromycin,Azithromycin,Azithromycin,Azithromycin 500 mg Tablet,Azithromycin; Azithromycin,Tablet,500 mg,Oral,18631,Antibiotic,RxNorm terminology reference / synthetic mapping,0.9,Already normalized,Azithromycin 500 mg,Synthetic test record. Prescription remains the source of truth; normalization does not authorize medication use.
MED000140,Montelukast,Montelukast,Montelukast,Montelukast 10 mg Tablet,Montelukast; Montelukast,Tablet,10 mg,Oral,1018502,Leukotriene receptor antagonist,RxNorm terminology reference / synthetic mapping,0.92,Already normalized,Montelukast 10 mg,Synthetic test record. Prescription remains the source of truth; normalization does not authorize medication use.
MED000141,Amoxicilin,Amoxicillin,Amoxicillin,Amoxicillin 500 mg Capsule,Amoxicillin; Amoxicillin,Capsule,500 mg,Oral,723,Antibiotic,RxNorm terminology reference / synthetic mapping,0.95,Normalized,Amoxicilin 500 mg,Synthetic test record. Prescription remains the source of truth; normalization does not authorize medication use.
MED000142,Famotidne,Famotidine,Famotidine,Famotidine 20 mg Tablet,Famotidine; Famotidine,Tablet,20 mg,Oral,966770,H2 receptor antagonist,RxNorm terminology reference / synthetic mapping,0.97,Normalized,Famotidne 20 mg,Synthetic test record. Prescription remains the source of truth; normalization does not authorize medication use.
MED000143,Doxycyline,Doxycycline,Doxycycline,Doxycycline 100 mg Capsule,Doxycycline; Doxycycline,Capsule,100 mg,Oral,3640,Antibiotic,RxNorm terminology reference / synthetic mapping,0.93,Normalized,Doxycyline 100 mg,Synthetic test record. Prescription remains the source of truth; normalization does not authorize medication use.
MED000144,Atorvastin,Atorvastatin,Atorvastatin,Atorvastatin 20 mg Tablet,Atorvastatin; Atorvastatin,Tablet,20 mg,Oral,617314,Lipid-lowering agent,RxNorm terminology reference / synthetic mapping,0.96,Normalized,Atorvastin 20 mg,Synthetic test record. Prescription remains the source of truth; normalization does not authorize medication use.
MED000145,Metformin,Metformin,Metformin,Metformin 500 mg Tablet,Metformin; Metformin,Tablet,500 mg,Oral,860975,Antidiabetic,RxNorm terminology reference / synthetic mapping,0.91,Already normalized,Metformin 500 mg,Synthetic test record. Prescription remains the source of truth; normalization does not authorize medication use.
MED000146,Warfain,Warfarin,Warfarin,Warfarin 5 mg Tablet,Warfarin; Warfarin,Tablet,5 mg,Oral,855333,Anticoagulant,RxNorm terminology reference / synthetic mapping,0.96,Normalized,Warfain 5 mg,Synthetic test record. Prescription remains the source of truth; normalization does not authorize medication use.
MED000147,Cetrizine,Cetirizine,Cetirizine,Cetirizine 10 mg Tablet,Cetirizine; Cetirizine,Tablet,10 mg,Oral,1014676,Antihistamine,RxNorm terminology reference / synthetic mapping,0.96,Normalized,Cetrizine 10 mg,Synthetic test record. Prescription remains the source of truth; normalization does not authorize medication use.
MED000148,Cetirizinee,Cetirizine,Cetirizine,Cetirizine 10 mg Tablet,Cetirizine; Cetirizine,Tablet,10 mg,Oral,1014676,Antihistamine,RxNorm terminology reference / synthetic mapping,0.95,Normalized,Cetirizinee 10 mg,Synthetic test record. Prescription remains the source of truth; normalization does not authorize medication use.
MED000149,Prednisolon,Prednisolone,Prednisolone,Prednisolone 10 mg Tablet,Prednisolone; Prednisolone,Tablet,10 mg,Oral,1168002,Corticosteroid,RxNorm terminology reference / synthetic mapping,0.98,Normalized,Prednisolon 10 mg,Synthetic test record. Prescription remains the source of truth; normalization does not authorize medication use.
MED000150,Doxycyclin,Doxycycline,Doxycycline,Doxycycline 100 mg Capsule,Doxycycline; Doxycycline,Capsule,100 mg,Oral,3640,Antibiotic,RxNorm terminology reference / synthetic mapping,0.95,Normalized,Doxycyclin 100 mg,Synthetic test record. Prescription remains the source of truth; normalization does not authorize medication use.
MED000151,Domperidone,Domperidone,Domperidone,Domperidone 10 mg Tablet,Domperidone; Domperidone,Tablet,10 mg,Oral,897626,Gastroprokinetic,RxNorm terminology reference / synthetic mapping,0.96,Already normalized,Domperidone 10 mg,Synthetic test record. Prescription remains the source of truth; normalization does not authorize medication use.
MED000152,Ondansetron,Ondansetron,Ondansetron,Ondansetron 4 mg Tablet,Ondansetron; Ondansetron,Tablet,4 mg,Oral,312157,Antiemetic,RxNorm terminology reference / synthetic mapping,0.93,Already normalized,Ondansetron 4 mg,Synthetic test record. Prescription remains the source of truth; normalization does not authorize medication use.
MED000153,Clopidogrel,Clopidogrel,Clopidogrel,Clopidogrel 75 mg Tablet,Clopidogrel; Clopidogrel,Tablet,75 mg,Oral,309362,Antiplatelet,RxNorm terminology reference / synthetic mapping,0.97,Already normalized,Clopidogrel 75 mg,Synthetic test record. Prescription remains the source of truth; normalization does not authorize medication use.
MED000154,Furosemid,Furosemide,Furosemide,Furosemide 40 mg Tablet,Furosemide; Furosemide,Tablet,40 mg,Oral,310429,Diuretic,RxNorm terminology reference / synthetic mapping,0.9,Normalized,Furosemid 40 mg,Synthetic test record. Prescription remains the source of truth; normalization does not authorize medication use.
MED000155,Amoxycillin,Amoxicillin,Amoxicillin,Amoxicillin 500 mg Capsule,Amoxicillin; Amoxicillin,Capsule,500 mg,Oral,723,Antibiotic,RxNorm terminology reference / synthetic mapping,0.93,Normalized,Amoxycillin 500 mg,Synthetic test record. Prescription remains the source of truth; normalization does not authorize medication use.
MED000156,Telmisartan,Telmisartan,Telmisartan,Telmisartan 40 mg Tablet,Telmisartan; Telmisartan,Tablet,40 mg,Oral,309410,Antihypertensive,RxNorm terminology reference / synthetic mapping,0.99,Already normalized,Telmisartan 40 mg,Synthetic test record. Prescription remains the source of truth; normalization does not authorize medication use.
MED000157,Budesonid,Budesonide,Budesonide,Budesonide 200 mcg/dose Inhaler,Budesonide; Budesonide,Inhaler,200 mcg/dose,Inhalation,745678,Corticosteroid,RxNorm terminology reference / synthetic mapping,0.93,Normalized,Budesonid 200 mcg/dose,Synthetic test record. Prescription remains the source of truth; normalization does not authorize medication use.
MED000158,Amlodipne,Amlodipine,Amlodipine,Amlodipine 5 mg Tablet,Amlodipine; Amlodipine,Tablet,5 mg,Oral,308135,Antihypertensive,RxNorm terminology reference / synthetic mapping,0.94,Normalized,Amlodipne 5 mg,Synthetic test record. Prescription remains the source of truth; normalization does not authorize medication use.
MED000159,Insulin Glargine,Insulin Glargine,Insulin Glargine,Insulin Glargine 100 units/mL Injection,Insulin Glargine; Insulin Glargine,Injection,100 units/mL,Subcutaneous,261551,Insulin,RxNorm terminology reference / synthetic mapping,0.97,Already normalized,Insulin Glargine 100 units/mL,Synthetic test record. Prescription remains the source of truth; normalization does not authorize medication use.
MED000160,Glimepiride,Glimepiride,Glimepiride,Glimepiride 2 mg Tablet,Glimepiride; Glimepiride,Tablet,2 mg,Oral,861713,Antidiabetic,RxNorm terminology reference / synthetic mapping,0.95,Already normalized,Glimepiride 2 mg,Synthetic test record. Prescription remains the source of truth; normalization does not authorize medication use.
MED000161,Prednisolon,Prednisolone,Prednisolone,Prednisolone 10 mg Tablet,Prednisolone; Prednisolone,Tablet,10 mg,Oral,1168002,Corticosteroid,RxNorm terminology reference / synthetic mapping,0.98,Normalized,Prednisolon 10 mg,Synthetic test record. Prescription remains the source of truth; normalization does not authorize medication use.
MED000162,Ondansetrone,Ondansetron,Ondansetron,Ondansetron 4 mg Tablet,Ondansetron; Ondansetron,Tablet,4 mg,Oral,312157,Antiemetic,RxNorm terminology reference / synthetic mapping,0.94,Normalized,Ondansetrone 4 mg,Synthetic test record. Prescription remains the source of truth; normalization does not authorize medication use.
MED000163,Omeprazol,Omeprazole,Omeprazole,Omeprazole 20 mg Capsule,Omeprazole; Omeprazole,Capsule,20 mg,Oral,647640,Proton pump inhibitor,RxNorm terminology reference / synthetic mapping,0.98,Normalized,Omeprazol 20 mg,Synthetic test record. Prescription remains the source of truth; normalization does not authorize medication use.
MED000164,Famotidine,Famotidine,Famotidine,Famotidine 20 mg Tablet,Famotidine; Famotidine,Tablet,20 mg,Oral,966770,H2 receptor antagonist,RxNorm terminology reference / synthetic mapping,0.9,Already normalized,Famotidine 20 mg,Synthetic test record. Prescription remains the source of truth; normalization does not authorize medication use.
MED000165,Amlodipin,Amlodipine,Amlodipine,Amlodipine 5 mg Tablet,Amlodipine; Amlodipine,Tablet,5 mg,Oral,308135,Antihypertensive,RxNorm terminology reference / synthetic mapping,0.94,Normalized,Amlodipin 5 mg,Synthetic test record. Prescription remains the source of truth; normalization does not authorize medication use.
MED000166,Warfain,Warfarin,Warfarin,Warfarin 5 mg Tablet,Warfarin; Warfarin,Tablet,5 mg,Oral,855333,Anticoagulant,RxNorm terminology reference / synthetic mapping,0.98,Normalized,Warfain 5 mg,Synthetic test record. Prescription remains the source of truth; normalization does not authorize medication use.
MED000167,Insulin Glargine,Insulin Glargine,Insulin Glargine,Insulin Glargine 100 units/mL Injection,Insulin Glargine; Insulin Glargine,Injection,100 units/mL,Subcutaneous,261551,Insulin,RxNorm terminology reference / synthetic mapping,0.94,Already normalized,Insulin Glargine 100 units/mL,Synthetic test record. Prescription remains the source of truth; normalization does not authorize medication use.
MED000168,Domperidone,Domperidone,Domperidone,Domperidone 10 mg Tablet,Domperidone; Domperidone,Tablet,10 mg,Oral,897626,Gastroprokinetic,RxNorm terminology reference / synthetic mapping,0.92,Already normalized,Domperidone 10 mg,Synthetic test record. Prescription remains the source of truth; normalization does not authorize medication use.
MED000169,Domperidone,Domperidone,Domperidone,Domperidone 10 mg Tablet,Domperidone; Domperidone,Tablet,10 mg,Oral,897626,Gastroprokinetic,RxNorm terminology reference / synthetic mapping,0.94,Already normalized,Domperidone 10 mg,Synthetic test record. Prescription remains the source of truth; normalization does not authorize medication use.
MED000170,Prednisolon,Prednisolone,Prednisolone,Prednisolone 10 mg Tablet,Prednisolone; Prednisolone,Tablet,10 mg,Oral,1168002,Corticosteroid,RxNorm terminology reference / synthetic mapping,0.9,Normalized,Prednisolon 10 mg,Synthetic test record. Prescription remains the source of truth; normalization does not authorize medication use.
MED000171,Telmisartam,Telmisartan,Telmisartan,Telmisartan 40 mg Tablet,Telmisartan; Telmisartan,Tablet,40 mg,Oral,309410,Antihypertensive,RxNorm terminology reference / synthetic mapping,0.99,Normalized,Telmisartam 40 mg,Synthetic test record. Prescription remains the source of truth; normalization does not authorize medication use.
MED000172,Metoprolol,Metoprolol,Metoprolol,Metoprolol 25 mg Tablet,Metoprolol; Metoprolol,Tablet,25 mg,Oral,866924,Beta blocker,RxNorm terminology reference / synthetic mapping,0.9,Already normalized,Metoprolol 25 mg,Synthetic test record. Prescription remains the source of truth; normalization does not authorize medication use.
MED000173,Diclofinac,Diclofenac,Diclofenac,Diclofenac 50 mg Tablet,Diclofenac; Diclofenac,Tablet,50 mg,Oral,308135,NSAID,RxNorm terminology reference / synthetic mapping,0.92,Normalized,Diclofinac 50 mg,Synthetic test record. Prescription remains the source of truth; normalization does not authorize medication use.
MED000174,Famotidinee,Famotidine,Famotidine,Famotidine 20 mg Tablet,Famotidine; Famotidine,Tablet,20 mg,Oral,966770,H2 receptor antagonist,RxNorm terminology reference / synthetic mapping,0.97,Normalized,Famotidinee 20 mg,Synthetic test record. Prescription remains the source of truth; normalization does not authorize medication use.
MED000175,Famotidin,Famotidine,Famotidine,Famotidine 20 mg Tablet,Famotidine; Famotidine,Tablet,20 mg,Oral,966770,H2 receptor antagonist,RxNorm terminology reference / synthetic mapping,0.9,Normalized,Famotidin 20 mg,Synthetic test record. Prescription remains the source of truth; normalization does not authorize medication use.
MED000176,Amlodpine,Amlodipine,Amlodipine,Amlodipine 5 mg Tablet,Amlodipine; Amlodipine,Tablet,5 mg,Oral,308135,Antihypertensive,RxNorm terminology reference / synthetic mapping,0.96,Normalized,Amlodpine 5 mg,Synthetic test record. Prescription remains the source of truth; normalization does not authorize medication use.
MED000177,Glimepride,Glimepiride,Glimepiride,Glimepiride 2 mg Tablet,Glimepiride; Glimepiride,Tablet,2 mg,Oral,861713,Antidiabetic,RxNorm terminology reference / synthetic mapping,0.9,Normalized,Glimepride 2 mg,Synthetic test record. Prescription remains the source of truth; normalization does not authorize medication use.
MED000178,Ondansatron,Ondansetron,Ondansetron,Ondansetron 4 mg Tablet,Ondansetron; Ondansetron,Tablet,4 mg,Oral,312157,Antiemetic,RxNorm terminology reference / synthetic mapping,0.98,Normalized,Ondansatron 4 mg,Synthetic test record. Prescription remains the source of truth; normalization does not authorize medication use.
MED000179,Montelukast,Montelukast,Montelukast,Montelukast 10 mg Tablet,Montelukast; Montelukast,Tablet,10 mg,Oral,1018502,Leukotriene receptor antagonist,RxNorm terminology reference / synthetic mapping,0.93,Already normalized,Montelukast 10 mg,Synthetic test record. Prescription remains the source of truth; normalization does not authorize medication use.
MED000180,Warfarin,Warfarin,Warfarin,Warfarin 5 mg Tablet,Warfarin; Warfarin,Tablet,5 mg,Oral,855333,Anticoagulant,RxNorm terminology reference / synthetic mapping,0.91,Already normalized,Warfarin 5 mg,Synthetic test record. Prescription remains the source of truth; normalization does not authorize medication use.
MED000181,Insulin Glargin,Insulin Glargine,Insulin Glargine,Insulin Glargine 100 units/mL Injection,Insulin Glargine; Insulin Glargine,Injection,100 units/mL,Subcutaneous,261551,Insulin,RxNorm terminology reference / synthetic mapping,0.95,Normalized,Insulin Glargin 100 units/mL,Synthetic test record. Prescription remains the source of truth; normalization does not authorize medication use.
MED000182,Losartan,Losartan,Losartan,Losartan 50 mg Tablet,Losartan; Losartan,Tablet,50 mg,Oral,979118,Antihypertensive,RxNorm terminology reference / synthetic mapping,0.92,Already normalized,Losartan 50 mg,Synthetic test record. Prescription remains the source of truth; normalization does not authorize medication use.
MED000183,Diclofenac,Diclofenac,Diclofenac,Diclofenac 50 mg Tablet,Diclofenac; Diclofenac,Tablet,50 mg,Oral,308135,NSAID,RxNorm terminology reference / synthetic mapping,0.94,Already normalized,Diclofenac 50 mg,Synthetic test record. Prescription remains the source of truth; normalization does not authorize medication use.
MED000184,Glimepride,Glimepiride,Glimepiride,Glimepiride 2 mg Tablet,Glimepiride; Glimepiride,Tablet,2 mg,Oral,861713,Antidiabetic,RxNorm terminology reference / synthetic mapping,0.93,Normalized,Glimepride 2 mg,Synthetic test record. Prescription remains the source of truth; normalization does not authorize medication use.
MED000185,Losartn,Losartan,Losartan,Losartan 50 mg Tablet,Losartan; Losartan,Tablet,50 mg,Oral,979118,Antihypertensive,RxNorm terminology reference / synthetic mapping,0.91,Normalized,Losartn 50 mg,Synthetic test record. Prescription remains the source of truth; normalization does not authorize medication use.
MED000186,Metformin,Metformin,Metformin,Metformin 500 mg Tablet,Metformin; Metformin,Tablet,500 mg,Oral,860975,Antidiabetic,RxNorm terminology reference / synthetic mapping,0.91,Already normalized,Metformin 500 mg,Synthetic test record. Prescription remains the source of truth; normalization does not authorize medication use.
MED000187,Azitromycin,Azithromycin,Azithromycin,Azithromycin 500 mg Tablet,Azithromycin; Azithromycin,Tablet,500 mg,Oral,18631,Antibiotic,RxNorm terminology reference / synthetic mapping,0.96,Normalized,Azitromycin 500 mg,Synthetic test record. Prescription remains the source of truth; normalization does not authorize medication use.
MED000188,Metoprolol,Metoprolol,Metoprolol,Metoprolol 25 mg Tablet,Metoprolol; Metoprolol,Tablet,25 mg,Oral,866924,Beta blocker,RxNorm terminology reference / synthetic mapping,0.96,Already normalized,Metoprolol 25 mg,Synthetic test record. Prescription remains the source of truth; normalization does not authorize medication use.
MED000189,Telmisartan,Telmisartan,Telmisartan,Telmisartan 40 mg Tablet,Telmisartan; Telmisartan,Tablet,40 mg,Oral,309410,Antihypertensive,RxNorm terminology reference / synthetic mapping,0.93,Already normalized,Telmisartan 40 mg,Synthetic test record. Prescription remains the source of truth; normalization does not authorize medication use.
MED000190,Insulin Glargene,Insulin Glargine,Insulin Glargine,Insulin Glargine 100 units/mL Injection,Insulin Glargine; Insulin Glargine,Injection,100 units/mL,Subcutaneous,261551,Insulin,RxNorm terminology reference / synthetic mapping,0.98,Normalized,Insulin Glargene 100 units/mL,Synthetic test record. Prescription remains the source of truth; normalization does not authorize medication use.
MED000191,Ibuprofen,Ibuprofen,Ibuprofen,Ibuprofen 400 mg Tablet,Ibuprofen; Ibuprofen,Tablet,400 mg,Oral,310965,NSAID,RxNorm terminology reference / synthetic mapping,0.93,Already normalized,Ibuprofen 400 mg,Synthetic test record. Prescription remains the source of truth; normalization does not authorize medication use.
MED000192,Atorvastatin,Atorvastatin,Atorvastatin,Atorvastatin 20 mg Tablet,Atorvastatin; Atorvastatin,Tablet,20 mg,Oral,617314,Lipid-lowering agent,RxNorm terminology reference / synthetic mapping,0.94,Already normalized,Atorvastatin 20 mg,Synthetic test record. Prescription remains the source of truth; normalization does not authorize medication use.
MED000193,Ibuprof en,Ibuprofen,Ibuprofen,Ibuprofen 400 mg Tablet,Ibuprofen; Ibuprofen,Tablet,400 mg,Oral,310965,NSAID,RxNorm terminology reference / synthetic mapping,0.97,Normalized,Ibuprof en 400 mg,Synthetic test record. Prescription remains the source of truth; normalization does not authorize medication use.
MED000194,Ibuprofen,Ibuprofen,Ibuprofen,Ibuprofen 400 mg Tablet,Ibuprofen; Ibuprofen,Tablet,400 mg,Oral,310965,NSAID,RxNorm terminology reference / synthetic mapping,0.95,Already normalized,Ibuprofen 400 mg,Synthetic test record. Prescription remains the source of truth; normalization does not authorize medication use.
MED000195,Diclofenac,Diclofenac,Diclofenac,Diclofenac 50 mg Tablet,Diclofenac; Diclofenac,Tablet,50 mg,Oral,308135,NSAID,RxNorm terminology reference / synthetic mapping,0.98,Already normalized,Diclofenac 50 mg,Synthetic test record. Prescription remains the source of truth; normalization does not authorize medication use.
MED000196,Budesonied,Budesonide,Budesonide,Budesonide 200 mcg/dose Inhaler,Budesonide; Budesonide,Inhaler,200 mcg/dose,Inhalation,745678,Corticosteroid,RxNorm terminology reference / synthetic mapping,0.92,Normalized,Budesonied 200 mcg/dose,Synthetic test record. Prescription remains the source of truth; normalization does not authorize medication use.
MED000197,Omeprazloe,Omeprazole,Omeprazole,Omeprazole 20 mg Capsule,Omeprazole; Omeprazole,Capsule,20 mg,Oral,647640,Proton pump inhibitor,RxNorm terminology reference / synthetic mapping,0.98,Normalized,Omeprazloe 20 mg,Synthetic test record. Prescription remains the source of truth; normalization does not authorize medication use.
MED000198,Ciprofloxacin,Ciprofloxacin,Ciprofloxacin,Ciprofloxacin 500 mg Tablet,Ciprofloxacin; Ciprofloxacin,Tablet,500 mg,Oral,2551,Antibiotic,RxNorm terminology reference / synthetic mapping,0.94,Already normalized,Ciprofloxacin 500 mg,Synthetic test record. Prescription remains the source of truth; normalization does not authorize medication use.
MED000199,Ibuprophen,Ibuprofen,Ibuprofen,Ibuprofen 400 mg Tablet,Ibuprofen; Ibuprofen,Tablet,400 mg,Oral,310965,NSAID,RxNorm terminology reference / synthetic mapping,0.94,Normalized,Ibuprophen 400 mg,Synthetic test record. Prescription remains the source of truth; normalization does not authorize medication use.
MED000200,Ciprofloxacine,Ciprofloxacin,Ciprofloxacin,Ciprofloxacin 500 mg Tablet,Ciprofloxacin; Ciprofloxacin,Tablet,500 mg,Oral,2551,Antibiotic,RxNorm terminology reference / synthetic mapping,0.98,Normalized,Ciprofloxacine 500 mg,Synthetic test record. Prescription remains the source of truth; normalization does not authorize medication use.
MED000201,Azitromycin,Azithromycin,Azithromycin,Azithromycin 500 mg Tablet,Azithromycin; Azithromycin,Tablet,500 mg,Oral,18631,Antibiotic,RxNorm terminology reference / synthetic mapping,0.99,Normalized,Azitromycin 500 mg,Synthetic test record. Prescription remains the source of truth; normalization does not authorize medication use.
MED000202,Ciprofloxacine,Ciprofloxacin,Ciprofloxacin,Ciprofloxacin 500 mg Tablet,Ciprofloxacin; Ciprofloxacin,Tablet,500 mg,Oral,2551,Antibiotic,RxNorm terminology reference / synthetic mapping,0.95,Normalized,Ciprofloxacine 500 mg,Synthetic test record. Prescription remains the source of truth; normalization does not authorize medication use.
MED000203,Insulin Glargine,Insulin Glargine,Insulin Glargine,Insulin Glargine 100 units/mL Injection,Insulin Glargine; Insulin Glargine,Injection,100 units/mL,Subcutaneous,261551,Insulin,RxNorm terminology reference / synthetic mapping,0.91,Already normalized,Insulin Glargine 100 units/mL,Synthetic test record. Prescription remains the source of truth; normalization does not authorize medication use.
MED000204,Famotidinee,Famotidine,Famotidine,Famotidine 20 mg Tablet,Famotidine; Famotidine,Tablet,20 mg,Oral,966770,H2 receptor antagonist,RxNorm terminology reference / synthetic mapping,0.94,Normalized,Famotidinee 20 mg,Synthetic test record. Prescription remains the source of truth; normalization does not authorize medication use.
MED000205,Budesonide,Budesonide,Budesonide,Budesonide 200 mcg/dose Inhaler,Budesonide; Budesonide,Inhaler,200 mcg/dose,Inhalation,745678,Corticosteroid,RxNorm terminology reference / synthetic mapping,0.97,Already normalized,Budesonide 200 mcg/dose,Synthetic test record. Prescription remains the source of truth; normalization does not authorize medication use.
MED000206,Atorvastatin,Atorvastatin,Atorvastatin,Atorvastatin 20 mg Tablet,Atorvastatin; Atorvastatin,Tablet,20 mg,Oral,617314,Lipid-lowering agent,RxNorm terminology reference / synthetic mapping,0.94,Already normalized,Atorvastatin 20 mg,Synthetic test record. Prescription remains the source of truth; normalization does not authorize medication use.
MED000207,Asprin,Aspirin,Acetylsalicylic Acid,Acetylsalicylic Acid 75 mg Tablet,Aspirin; Acetylsalicylic Acid,Tablet,75 mg,Oral,1191,Antiplatelet,RxNorm terminology reference / synthetic mapping,0.95,Normalized,Asprin 75 mg,Synthetic test record. Prescription remains the source of truth; normalization does not authorize medication use.
MED000208,Diclofenak,Diclofenac,Diclofenac,Diclofenac 50 mg Tablet,Diclofenac; Diclofenac,Tablet,50 mg,Oral,308135,NSAID,RxNorm terminology reference / synthetic mapping,0.98,Normalized,Diclofenak 50 mg,Synthetic test record. Prescription remains the source of truth; normalization does not authorize medication use.
MED000209,Atorvastatin,Atorvastatin,Atorvastatin,Atorvastatin 20 mg Tablet,Atorvastatin; Atorvastatin,Tablet,20 mg,Oral,617314,Lipid-lowering agent,RxNorm terminology reference / synthetic mapping,0.91,Already normalized,Atorvastatin 20 mg,Synthetic test record. Prescription remains the source of truth; normalization does not authorize medication use.
MED000210,Warfarine,Warfarin,Warfarin,Warfarin 5 mg Tablet,Warfarin; Warfarin,Tablet,5 mg,Oral,855333,Anticoagulant,RxNorm terminology reference / synthetic mapping,0.91,Normalized,Warfarine 5 mg,Synthetic test record. Prescription remains the source of truth; normalization does not authorize medication use.
MED000211,Pantaprazole,Pantoprazole,Pantoprazole,Pantoprazole 40 mg Tablet,Pantoprazole; Pantoprazole,Tablet,40 mg,Oral,861667,Proton pump inhibitor,RxNorm terminology reference / synthetic mapping,0.92,Normalized,Pantaprazole 40 mg,Synthetic test record. Prescription remains the source of truth; normalization does not authorize medication use.
MED000212,Levothyroxin,Levothyroxine,Levothyroxine,Levothyroxine 50 mcg Tablet,Levothyroxine; Levothyroxine,Tablet,50 mcg,Oral,966220,Thyroid hormone,RxNorm terminology reference / synthetic mapping,0.93,Normalized,Levothyroxin 50 mcg,Synthetic test record. Prescription remains the source of truth; normalization does not authorize medication use.
MED000213,Ciprofloxacin,Ciprofloxacin,Ciprofloxacin,Ciprofloxacin 500 mg Tablet,Ciprofloxacin; Ciprofloxacin,Tablet,500 mg,Oral,2551,Antibiotic,RxNorm terminology reference / synthetic mapping,0.9,Already normalized,Ciprofloxacin 500 mg,Synthetic test record. Prescription remains the source of truth; normalization does not authorize medication use.
MED000214,Atorvastatin,Atorvastatin,Atorvastatin,Atorvastatin 20 mg Tablet,Atorvastatin; Atorvastatin,Tablet,20 mg,Oral,617314,Lipid-lowering agent,RxNorm terminology reference / synthetic mapping,0.97,Already normalized,Atorvastatin 20 mg,Synthetic test record. Prescription remains the source of truth; normalization does not authorize medication use.
MED000215,Ibuprofen,Ibuprofen,Ibuprofen,Ibuprofen 400 mg Tablet,Ibuprofen; Ibuprofen,Tablet,400 mg,Oral,310965,NSAID,RxNorm terminology reference / synthetic mapping,0.9,Already normalized,Ibuprofen 400 mg,Synthetic test record. Prescription remains the source of truth; normalization does not authorize medication use.
MED000216,Levothyroxine,Levothyroxine,Levothyroxine,Levothyroxine 50 mcg Tablet,Levothyroxine; Levothyroxine,Tablet,50 mcg,Oral,966220,Thyroid hormone,RxNorm terminology reference / synthetic mapping,0.94,Already normalized,Levothyroxine 50 mcg,Synthetic test record. Prescription remains the source of truth; normalization does not authorize medication use.
MED000217,Atorvastain,Atorvastatin,Atorvastatin,Atorvastatin 20 mg Tablet,Atorvastatin; Atorvastatin,Tablet,20 mg,Oral,617314,Lipid-lowering agent,RxNorm terminology reference / synthetic mapping,0.95,Normalized,Atorvastain 20 mg,Synthetic test record. Prescription remains the source of truth; normalization does not authorize medication use.
MED000218,Budesonide,Budesonide,Budesonide,Budesonide 200 mcg/dose Inhaler,Budesonide; Budesonide,Inhaler,200 mcg/dose,Inhalation,745678,Corticosteroid,RxNorm terminology reference / synthetic mapping,0.94,Already normalized,Budesonide 200 mcg/dose,Synthetic test record. Prescription remains the source of truth; normalization does not authorize medication use.
MED000219,Amlodipin,Amlodipine,Amlodipine,Amlodipine 5 mg Tablet,Amlodipine; Amlodipine,Tablet,5 mg,Oral,308135,Antihypertensive,RxNorm terminology reference / synthetic mapping,0.92,Normalized,Amlodipin 5 mg,Synthetic test record. Prescription remains the source of truth; normalization does not authorize medication use.
MED000220,Clopidogrel,Clopidogrel,Clopidogrel,Clopidogrel 75 mg Tablet,Clopidogrel; Clopidogrel,Tablet,75 mg,Oral,309362,Antiplatelet,RxNorm terminology reference / synthetic mapping,0.97,Already normalized,Clopidogrel 75 mg,Synthetic test record. Prescription remains the source of truth; normalization does not authorize medication use.
MED000221,Paraceta mol,Paracetamol,Acetaminophen,Acetaminophen 500 mg Tablet,Paracetamol; Acetaminophen,Tablet,500 mg,Oral,161,Analgesic / Antipyretic,RxNorm terminology reference / synthetic mapping,0.94,Normalized,Paraceta mol 500 mg,Synthetic test record. Prescription remains the source of truth; normalization does not authorize medication use.
MED000222,Aspirine,Aspirin,Acetylsalicylic Acid,Acetylsalicylic Acid 75 mg Tablet,Aspirin; Acetylsalicylic Acid,Tablet,75 mg,Oral,1191,Antiplatelet,RxNorm terminology reference / synthetic mapping,0.91,Normalized,Aspirine 75 mg,Synthetic test record. Prescription remains the source of truth; normalization does not authorize medication use.
MED000223,Omerpazole,Omeprazole,Omeprazole,Omeprazole 20 mg Capsule,Omeprazole; Omeprazole,Capsule,20 mg,Oral,647640,Proton pump inhibitor,RxNorm terminology reference / synthetic mapping,0.97,Normalized,Omerpazole 20 mg,Synthetic test record. Prescription remains the source of truth; normalization does not authorize medication use.
MED000224,Insulin Glargine,Insulin Glargine,Insulin Glargine,Insulin Glargine 100 units/mL Injection,Insulin Glargine; Insulin Glargine,Injection,100 units/mL,Subcutaneous,261551,Insulin,RxNorm terminology reference / synthetic mapping,0.95,Already normalized,Insulin Glargine 100 units/mL,Synthetic test record. Prescription remains the source of truth; normalization does not authorize medication use.
MED000225,Warfarin,Warfarin,Warfarin,Warfarin 5 mg Tablet,Warfarin; Warfarin,Tablet,5 mg,Oral,855333,Anticoagulant,RxNorm terminology reference / synthetic mapping,0.92,Already normalized,Warfarin 5 mg,Synthetic test record. Prescription remains the source of truth; normalization does not authorize medication use.
MED000226,Glimepiride,Glimepiride,Glimepiride,Glimepiride 2 mg Tablet,Glimepiride; Glimepiride,Tablet,2 mg,Oral,861713,Antidiabetic,RxNorm terminology reference / synthetic mapping,0.96,Already normalized,Glimepiride 2 mg,Synthetic test record. Prescription remains the source of truth; normalization does not authorize medication use.
MED000227,Famotidne,Famotidine,Famotidine,Famotidine 20 mg Tablet,Famotidine; Famotidine,Tablet,20 mg,Oral,966770,H2 receptor antagonist,RxNorm terminology reference / synthetic mapping,0.97,Normalized,Famotidne 20 mg,Synthetic test record. Prescription remains the source of truth; normalization does not authorize medication use.
MED000228,Ciprofloxin,Ciprofloxacin,Ciprofloxacin,Ciprofloxacin 500 mg Tablet,Ciprofloxacin; Ciprofloxacin,Tablet,500 mg,Oral,2551,Antibiotic,RxNorm terminology reference / synthetic mapping,0.96,Normalized,Ciprofloxin 500 mg,Synthetic test record. Prescription remains the source of truth; normalization does not authorize medication use.
MED000229,Omeprazloe,Omeprazole,Omeprazole,Omeprazole 20 mg Capsule,Omeprazole; Omeprazole,Capsule,20 mg,Oral,647640,Proton pump inhibitor,RxNorm terminology reference / synthetic mapping,0.99,Normalized,Omeprazloe 20 mg,Synthetic test record. Prescription remains the source of truth; normalization does not authorize medication use.
MED000230,Azithrocin,Azithromycin,Azithromycin,Azithromycin 500 mg Tablet,Azithromycin; Azithromycin,Tablet,500 mg,Oral,18631,Antibiotic,RxNorm terminology reference / synthetic mapping,0.93,Normalized,Azithrocin 500 mg,Synthetic test record. Prescription remains the source of truth; normalization does not authorize medication use.
MED000231,Omeprazole,Omeprazole,Omeprazole,Omeprazole 20 mg Capsule,Omeprazole; Omeprazole,Capsule,20 mg,Oral,647640,Proton pump inhibitor,RxNorm terminology reference / synthetic mapping,0.99,Already normalized,Omeprazole 20 mg,Synthetic test record. Prescription remains the source of truth; normalization does not authorize medication use.
MED000232,Paracetmol,Paracetamol,Acetaminophen,Acetaminophen 500 mg Tablet,Paracetamol; Acetaminophen,Tablet,500 mg,Oral,161,Analgesic / Antipyretic,RxNorm terminology reference / synthetic mapping,0.93,Normalized,Paracetmol 500 mg,Synthetic test record. Prescription remains the source of truth; normalization does not authorize medication use.
MED000233,Glimepride,Glimepiride,Glimepiride,Glimepiride 2 mg Tablet,Glimepiride; Glimepiride,Tablet,2 mg,Oral,861713,Antidiabetic,RxNorm terminology reference / synthetic mapping,0.93,Normalized,Glimepride 2 mg,Synthetic test record. Prescription remains the source of truth; normalization does not authorize medication use.
MED000234,Azitromycin,Azithromycin,Azithromycin,Azithromycin 500 mg Tablet,Azithromycin; Azithromycin,Tablet,500 mg,Oral,18631,Antibiotic,RxNorm terminology reference / synthetic mapping,0.91,Normalized,Azitromycin 500 mg,Synthetic test record. Prescription remains the source of truth; normalization does not authorize medication use.
MED000235,Metoprolol,Metoprolol,Metoprolol,Metoprolol 25 mg Tablet,Metoprolol; Metoprolol,Tablet,25 mg,Oral,866924,Beta blocker,RxNorm terminology reference / synthetic mapping,0.93,Already normalized,Metoprolol 25 mg,Synthetic test record. Prescription remains the source of truth; normalization does not authorize medication use.
MED000236,Metoprolol,Metoprolol,Metoprolol,Metoprolol 25 mg Tablet,Metoprolol; Metoprolol,Tablet,25 mg,Oral,866924,Beta blocker,RxNorm terminology reference / synthetic mapping,0.91,Already normalized,Metoprolol 25 mg,Synthetic test record. Prescription remains the source of truth; normalization does not authorize medication use.
MED000237,Glimepride,Glimepiride,Glimepiride,Glimepiride 2 mg Tablet,Glimepiride; Glimepiride,Tablet,2 mg,Oral,861713,Antidiabetic,RxNorm terminology reference / synthetic mapping,0.93,Normalized,Glimepride 2 mg,Synthetic test record. Prescription remains the source of truth; normalization does not authorize medication use.
MED000238,Metformine,Metformin,Metformin,Metformin 500 mg Tablet,Metformin; Metformin,Tablet,500 mg,Oral,860975,Antidiabetic,RxNorm terminology reference / synthetic mapping,0.99,Normalized,Metformine 500 mg,Synthetic test record. Prescription remains the source of truth; normalization does not authorize medication use.
MED000239,Famotidin,Famotidine,Famotidine,Famotidine 20 mg Tablet,Famotidine; Famotidine,Tablet,20 mg,Oral,966770,H2 receptor antagonist,RxNorm terminology reference / synthetic mapping,0.95,Normalized,Famotidin 20 mg,Synthetic test record. Prescription remains the source of truth; normalization does not authorize medication use.
MED000240,Metformn,Metformin,Metformin,Metformin 500 mg Tablet,Metformin; Metformin,Tablet,500 mg,Oral,860975,Antidiabetic,RxNorm terminology reference / synthetic mapping,0.93,Normalized,Metformn 500 mg,Synthetic test record. Prescription remains the source of truth; normalization does not authorize medication use.
MED000241,Furosemide,Furosemide,Furosemide,Furosemide 40 mg Tablet,Furosemide; Furosemide,Tablet,40 mg,Oral,310429,Diuretic,RxNorm terminology reference / synthetic mapping,0.91,Already normalized,Furosemide 40 mg,Synthetic test record. Prescription remains the source of truth; normalization does not authorize medication use.
MED000242,Omeprazole,Omeprazole,Omeprazole,Omeprazole 20 mg Capsule,Omeprazole; Omeprazole,Capsule,20 mg,Oral,647640,Proton pump inhibitor,RxNorm terminology reference / synthetic mapping,0.93,Already normalized,Omeprazole 20 mg,Synthetic test record. Prescription remains the source of truth; normalization does not authorize medication use.
MED000243,Aspirin,Aspirin,Acetylsalicylic Acid,Acetylsalicylic Acid 75 mg Tablet,Aspirin; Acetylsalicylic Acid,Tablet,75 mg,Oral,1191,Antiplatelet,RxNorm terminology reference / synthetic mapping,0.97,Already normalized,Aspirin 75 mg,Synthetic test record. Prescription remains the source of truth; normalization does not authorize medication use.
MED000244,Domperidn,Domperidone,Domperidone,Domperidone 10 mg Tablet,Domperidone; Domperidone,Tablet,10 mg,Oral,897626,Gastroprokinetic,RxNorm terminology reference / synthetic mapping,0.94,Normalized,Domperidn 10 mg,Synthetic test record. Prescription remains the source of truth; normalization does not authorize medication use.
MED000245,Losartan,Losartan,Losartan,Losartan 50 mg Tablet,Losartan; Losartan,Tablet,50 mg,Oral,979118,Antihypertensive,RxNorm terminology reference / synthetic mapping,0.95,Already normalized,Losartan 50 mg,Synthetic test record. Prescription remains the source of truth; normalization does not authorize medication use.
MED000246,Furosemide,Furosemide,Furosemide,Furosemide 40 mg Tablet,Furosemide; Furosemide,Tablet,40 mg,Oral,310429,Diuretic,RxNorm terminology reference / synthetic mapping,0.94,Already normalized,Furosemide 40 mg,Synthetic test record. Prescription remains the source of truth; normalization does not authorize medication use.
MED000247,Ondansetron,Ondansetron,Ondansetron,Ondansetron 4 mg Tablet,Ondansetron; Ondansetron,Tablet,4 mg,Oral,312157,Antiemetic,RxNorm terminology reference / synthetic mapping,0.92,Already normalized,Ondansetron 4 mg,Synthetic test record. Prescription remains the source of truth; normalization does not authorize medication use.
MED000248,Glimepirid,Glimepiride,Glimepiride,Glimepiride 2 mg Tablet,Glimepiride; Glimepiride,Tablet,2 mg,Oral,861713,Antidiabetic,RxNorm terminology reference / synthetic mapping,0.92,Normalized,Glimepirid 2 mg,Synthetic test record. Prescription remains the source of truth; normalization does not authorize medication use.
MED000249,Budesonide,Budesonide,Budesonide,Budesonide 200 mcg/dose Inhaler,Budesonide; Budesonide,Inhaler,200 mcg/dose,Inhalation,745678,Corticosteroid,RxNorm terminology reference / synthetic mapping,0.96,Already normalized,Budesonide 200 mcg/dose,Synthetic test record. Prescription remains the source of truth; normalization does not authorize medication use.
MED000250,Ibuprof en,Ibuprofen,Ibuprofen,Ibuprofen 400 mg Tablet,Ibuprofen; Ibuprofen,Tablet,400 mg,Oral,310965,NSAID,RxNorm terminology reference / synthetic mapping,0.93,Normalized,Ibuprof en 400 mg,Synthetic test record. Prescription remains the source of truth; normalization does not authorize medication use.
MED000251,Domperidone,Domperidone,Domperidone,Domperidone 10 mg Tablet,Domperidone; Domperidone,Tablet,10 mg,Oral,897626,Gastroprokinetic,RxNorm terminology reference / synthetic mapping,0.92,Already normalized,Domperidone 10 mg,Synthetic test record. Prescription remains the source of truth; normalization does not authorize medication use.
MED000252,Warfarine,Warfarin,Warfarin,Warfarin 5 mg Tablet,Warfarin; Warfarin,Tablet,5 mg,Oral,855333,Anticoagulant,RxNorm terminology reference / synthetic mapping,0.92,Normalized,Warfarine 5 mg,Synthetic test record. Prescription remains the source of truth; normalization does not authorize medication use.
MED000253,Clopidogrel,Clopidogrel,Clopidogrel,Clopidogrel 75 mg Tablet,Clopidogrel; Clopidogrel,Tablet,75 mg,Oral,309362,Antiplatelet,RxNorm terminology reference / synthetic mapping,0.91,Already normalized,Clopidogrel 75 mg,Synthetic test record. Prescription remains the source of truth; normalization does not authorize medication use.
MED000254,Ondansetrone,Ondansetron,Ondansetron,Ondansetron 4 mg Tablet,Ondansetron; Ondansetron,Tablet,4 mg,Oral,312157,Antiemetic,RxNorm terminology reference / synthetic mapping,0.95,Normalized,Ondansetrone 4 mg,Synthetic test record. Prescription remains the source of truth; normalization does not authorize medication use.
MED000255,Amoxcillin,Amoxicillin,Amoxicillin,Amoxicillin 500 mg Capsule,Amoxicillin; Amoxicillin,Capsule,500 mg,Oral,723,Antibiotic,RxNorm terminology reference / synthetic mapping,0.92,Normalized,Amoxcillin 500 mg,Synthetic test record. Prescription remains the source of truth; normalization does not authorize medication use.
MED000256,Warfarine,Warfarin,Warfarin,Warfarin 5 mg Tablet,Warfarin; Warfarin,Tablet,5 mg,Oral,855333,Anticoagulant,RxNorm terminology reference / synthetic mapping,0.91,Normalized,Warfarine 5 mg,Synthetic test record. Prescription remains the source of truth; normalization does not authorize medication use.
MED000257,Aspirin,Aspirin,Acetylsalicylic Acid,Acetylsalicylic Acid 75 mg Tablet,Aspirin; Acetylsalicylic Acid,Tablet,75 mg,Oral,1191,Antiplatelet,RxNorm terminology reference / synthetic mapping,0.93,Already normalized,Aspirin 75 mg,Synthetic test record. Prescription remains the source of truth; normalization does not authorize medication use.
MED000258,Azithromycin,Azithromycin,Azithromycin,Azithromycin 500 mg Tablet,Azithromycin; Azithromycin,Tablet,500 mg,Oral,18631,Antibiotic,RxNorm terminology reference / synthetic mapping,0.94,Already normalized,Azithromycin 500 mg,Synthetic test record. Prescription remains the source of truth; normalization does not authorize medication use.
MED000259,Clopidogrel,Clopidogrel,Clopidogrel,Clopidogrel 75 mg Tablet,Clopidogrel; Clopidogrel,Tablet,75 mg,Oral,309362,Antiplatelet,RxNorm terminology reference / synthetic mapping,0.94,Already normalized,Clopidogrel 75 mg,Synthetic test record. Prescription remains the source of truth; normalization does not authorize medication use.
MED000260,Amoxycillin,Amoxicillin,Amoxicillin,Amoxicillin 500 mg Capsule,Amoxicillin; Amoxicillin,Capsule,500 mg,Oral,723,Antibiotic,RxNorm terminology reference / synthetic mapping,0.94,Normalized,Amoxycillin 500 mg,Synthetic test record. Prescription remains the source of truth; normalization does not authorize medication use.
MED000261,Telmisartan,Telmisartan,Telmisartan,Telmisartan 40 mg Tablet,Telmisartan; Telmisartan,Tablet,40 mg,Oral,309410,Antihypertensive,RxNorm terminology reference / synthetic mapping,0.94,Already normalized,Telmisartan 40 mg,Synthetic test record. Prescription remains the source of truth; normalization does not authorize medication use.
MED000262,Ciprofloxacine,Ciprofloxacin,Ciprofloxacin,Ciprofloxacin 500 mg Tablet,Ciprofloxacin; Ciprofloxacin,Tablet,500 mg,Oral,2551,Antibiotic,RxNorm terminology reference / synthetic mapping,0.91,Normalized,Ciprofloxacine 500 mg,Synthetic test record. Prescription remains the source of truth; normalization does not authorize medication use.
MED000263,Levothyroxine,Levothyroxine,Levothyroxine,Levothyroxine 50 mcg Tablet,Levothyroxine; Levothyroxine,Tablet,50 mcg,Oral,966220,Thyroid hormone,RxNorm terminology reference / synthetic mapping,0.99,Already normalized,Levothyroxine 50 mcg,Synthetic test record. Prescription remains the source of truth; normalization does not authorize medication use.
MED000264,Azitromycin,Azithromycin,Azithromycin,Azithromycin 500 mg Tablet,Azithromycin; Azithromycin,Tablet,500 mg,Oral,18631,Antibiotic,RxNorm terminology reference / synthetic mapping,0.94,Normalized,Azitromycin 500 mg,Synthetic test record. Prescription remains the source of truth; normalization does not authorize medication use.
MED000265,Ondansatron,Ondansetron,Ondansetron,Ondansetron 4 mg Tablet,Ondansetron; Ondansetron,Tablet,4 mg,Oral,312157,Antiemetic,RxNorm terminology reference / synthetic mapping,0.94,Normalized,Ondansatron 4 mg,Synthetic test record. Prescription remains the source of truth; normalization does not authorize medication use.
MED000266,Ondansatron,Ondansetron,Ondansetron,Ondansetron 4 mg Tablet,Ondansetron; Ondansetron,Tablet,4 mg,Oral,312157,Antiemetic,RxNorm terminology reference / synthetic mapping,0.92,Normalized,Ondansatron 4 mg,Synthetic test record. Prescription remains the source of truth; normalization does not authorize medication use.
MED000267,Levothyroxin,Levothyroxine,Levothyroxine,Levothyroxine 50 mcg Tablet,Levothyroxine; Levothyroxine,Tablet,50 mcg,Oral,966220,Thyroid hormone,RxNorm terminology reference / synthetic mapping,0.95,Normalized,Levothyroxin 50 mcg,Synthetic test record. Prescription remains the source of truth; normalization does not authorize medication use.
MED000268,Levothroxine,Levothyroxine,Levothyroxine,Levothyroxine 50 mcg Tablet,Levothyroxine; Levothyroxine,Tablet,50 mcg,Oral,966220,Thyroid hormone,RxNorm terminology reference / synthetic mapping,0.94,Normalized,Levothroxine 50 mcg,Synthetic test record. Prescription remains the source of truth; normalization does not authorize medication use.
MED000269,Amlodpine,Amlodipine,Amlodipine,Amlodipine 5 mg Tablet,Amlodipine; Amlodipine,Tablet,5 mg,Oral,308135,Antihypertensive,RxNorm terminology reference / synthetic mapping,0.92,Normalized,Amlodpine 5 mg,Synthetic test record. Prescription remains the source of truth; normalization does not authorize medication use.
MED000270,Azithrocin,Azithromycin,Azithromycin,Azithromycin 500 mg Tablet,Azithromycin; Azithromycin,Tablet,500 mg,Oral,18631,Antibiotic,RxNorm terminology reference / synthetic mapping,0.99,Normalized,Azithrocin 500 mg,Synthetic test record. Prescription remains the source of truth; normalization does not authorize medication use.
MED000271,Metforrmin,Metformin,Metformin,Metformin 500 mg Tablet,Metformin; Metformin,Tablet,500 mg,Oral,860975,Antidiabetic,RxNorm terminology reference / synthetic mapping,0.96,Normalized,Metforrmin 500 mg,Synthetic test record. Prescription remains the source of truth; normalization does not authorize medication use.
MED000272,Paracetemol,Paracetamol,Acetaminophen,Acetaminophen 500 mg Tablet,Paracetamol; Acetaminophen,Tablet,500 mg,Oral,161,Analgesic / Antipyretic,RxNorm terminology reference / synthetic mapping,0.98,Normalized,Paracetemol 500 mg,Synthetic test record. Prescription remains the source of truth; normalization does not authorize medication use.
MED000273,Amoxcillin,Amoxicillin,Amoxicillin,Amoxicillin 500 mg Capsule,Amoxicillin; Amoxicillin,Capsule,500 mg,Oral,723,Antibiotic,RxNorm terminology reference / synthetic mapping,0.97,Normalized,Amoxcillin 500 mg,Synthetic test record. Prescription remains the source of truth; normalization does not authorize medication use.
MED000274,Ibuprofen,Ibuprofen,Ibuprofen,Ibuprofen 400 mg Tablet,Ibuprofen; Ibuprofen,Tablet,400 mg,Oral,310965,NSAID,RxNorm terminology reference / synthetic mapping,0.92,Already normalized,Ibuprofen 400 mg,Synthetic test record. Prescription remains the source of truth; normalization does not authorize medication use.
MED000275,Clopidgrel,Clopidogrel,Clopidogrel,Clopidogrel 75 mg Tablet,Clopidogrel; Clopidogrel,Tablet,75 mg,Oral,309362,Antiplatelet,RxNorm terminology reference / synthetic mapping,0.92,Normalized,Clopidgrel 75 mg,Synthetic test record. Prescription remains the source of truth; normalization does not authorize medication use.
MED000276,Salbutamoll,Salbutamol,Salbutamol,Salbutamol 100 mcg/dose Inhaler,Salbutamol; Salbutamol,Inhaler,100 mcg/dose,Inhalation,745678,Bronchodilator,RxNorm terminology reference / synthetic mapping,0.93,Normalized,Salbutamoll 100 mcg/dose,Synthetic test record. Prescription remains the source of truth; normalization does not authorize medication use.
MED000277,Ciprofloxin,Ciprofloxacin,Ciprofloxacin,Ciprofloxacin 500 mg Tablet,Ciprofloxacin; Ciprofloxacin,Tablet,500 mg,Oral,2551,Antibiotic,RxNorm terminology reference / synthetic mapping,0.97,Normalized,Ciprofloxin 500 mg,Synthetic test record. Prescription remains the source of truth; normalization does not authorize medication use.
MED000278,Pantoprazole,Pantoprazole,Pantoprazole,Pantoprazole 40 mg Tablet,Pantoprazole; Pantoprazole,Tablet,40 mg,Oral,861667,Proton pump inhibitor,RxNorm terminology reference / synthetic mapping,0.95,Already normalized,Pantoprazole 40 mg,Synthetic test record. Prescription remains the source of truth; normalization does not authorize medication use.
MED000279,Atorvastin,Atorvastatin,Atorvastatin,Atorvastatin 20 mg Tablet,Atorvastatin; Atorvastatin,Tablet,20 mg,Oral,617314,Lipid-lowering agent,RxNorm terminology reference / synthetic mapping,0.91,Normalized,Atorvastin 20 mg,Synthetic test record. Prescription remains the source of truth; normalization does not authorize medication use.
MED000280,Amlodipin,Amlodipine,Amlodipine,Amlodipine 5 mg Tablet,Amlodipine; Amlodipine,Tablet,5 mg,Oral,308135,Antihypertensive,RxNorm terminology reference / synthetic mapping,0.97,Normalized,Amlodipin 5 mg,Synthetic test record. Prescription remains the source of truth; normalization does not authorize medication use.
MED000281,Domperidone,Domperidone,Domperidone,Domperidone 10 mg Tablet,Domperidone; Domperidone,Tablet,10 mg,Oral,897626,Gastroprokinetic,RxNorm terminology reference / synthetic mapping,0.94,Already normalized,Domperidone 10 mg,Synthetic test record. Prescription remains the source of truth; normalization does not authorize medication use.
MED000282,Levothyroxine,Levothyroxine,Levothyroxine,Levothyroxine 50 mcg Tablet,Levothyroxine; Levothyroxine,Tablet,50 mcg,Oral,966220,Thyroid hormone,RxNorm terminology reference / synthetic mapping,0.92,Already normalized,Levothyroxine 50 mcg,Synthetic test record. Prescription remains the source of truth; normalization does not authorize medication use.
MED000283,Omeprazole,Omeprazole,Omeprazole,Omeprazole 20 mg Capsule,Omeprazole; Omeprazole,Capsule,20 mg,Oral,647640,Proton pump inhibitor,RxNorm terminology reference / synthetic mapping,0.91,Already normalized,Omeprazole 20 mg,Synthetic test record. Prescription remains the source of truth; normalization does not authorize medication use.
MED000284,Omeprazole,Omeprazole,Omeprazole,Omeprazole 20 mg Capsule,Omeprazole; Omeprazole,Capsule,20 mg,Oral,647640,Proton pump inhibitor,RxNorm terminology reference / synthetic mapping,0.95,Already normalized,Omeprazole 20 mg,Synthetic test record. Prescription remains the source of truth; normalization does not authorize medication use.
MED000285,Losartam,Losartan,Losartan,Losartan 50 mg Tablet,Losartan; Losartan,Tablet,50 mg,Oral,979118,Antihypertensive,RxNorm terminology reference / synthetic mapping,0.98,Normalized,Losartam 50 mg,Synthetic test record. Prescription remains the source of truth; normalization does not authorize medication use.
MED000286,Azithromycine,Azithromycin,Azithromycin,Azithromycin 500 mg Tablet,Azithromycin; Azithromycin,Tablet,500 mg,Oral,18631,Antibiotic,RxNorm terminology reference / synthetic mapping,0.96,Normalized,Azithromycine 500 mg,Synthetic test record. Prescription remains the source of truth; normalization does not authorize medication use.
MED000287,Omeprazol,Omeprazole,Omeprazole,Omeprazole 20 mg Capsule,Omeprazole; Omeprazole,Capsule,20 mg,Oral,647640,Proton pump inhibitor,RxNorm terminology reference / synthetic mapping,0.93,Normalized,Omeprazol 20 mg,Synthetic test record. Prescription remains the source of truth; normalization does not authorize medication use.
MED000288,Levothyroxin,Levothyroxine,Levothyroxine,Levothyroxine 50 mcg Tablet,Levothyroxine; Levothyroxine,Tablet,50 mcg,Oral,966220,Thyroid hormone,RxNorm terminology reference / synthetic mapping,0.99,Normalized,Levothyroxin 50 mcg,Synthetic test record. Prescription remains the source of truth; normalization does not authorize medication use.
MED000289,Azithrocin,Azithromycin,Azithromycin,Azithromycin 500 mg Tablet,Azithromycin; Azithromycin,Tablet,500 mg,Oral,18631,Antibiotic,RxNorm terminology reference / synthetic mapping,0.93,Normalized,Azithrocin 500 mg,Synthetic test record. Prescription remains the source of truth; normalization does not authorize medication use.
MED000290,Famotidine,Famotidine,Famotidine,Famotidine 20 mg Tablet,Famotidine; Famotidine,Tablet,20 mg,Oral,966770,H2 receptor antagonist,RxNorm terminology reference / synthetic mapping,0.94,Already normalized,Famotidine 20 mg,Synthetic test record. Prescription remains the source of truth; normalization does not authorize medication use.
MED000291,Ibuprofin,Ibuprofen,Ibuprofen,Ibuprofen 400 mg Tablet,Ibuprofen; Ibuprofen,Tablet,400 mg,Oral,310965,NSAID,RxNorm terminology reference / synthetic mapping,0.97,Normalized,Ibuprofin 400 mg,Synthetic test record. Prescription remains the source of truth; normalization does not authorize medication use.
MED000292,Salbutamol,Salbutamol,Salbutamol,Salbutamol 100 mcg/dose Inhaler,Salbutamol; Salbutamol,Inhaler,100 mcg/dose,Inhalation,745678,Bronchodilator,RxNorm terminology reference / synthetic mapping,0.94,Already normalized,Salbutamol 100 mcg/dose,Synthetic test record. Prescription remains the source of truth; normalization does not authorize medication use.
MED000293,Ibuprophen,Ibuprofen,Ibuprofen,Ibuprofen 400 mg Tablet,Ibuprofen; Ibuprofen,Tablet,400 mg,Oral,310965,NSAID,RxNorm terminology reference / synthetic mapping,0.96,Normalized,Ibuprophen 400 mg,Synthetic test record. Prescription remains the source of truth; normalization does not authorize medication use.
MED000294,Paracetamol,Paracetamol,Acetaminophen,Acetaminophen 500 mg Tablet,Paracetamol; Acetaminophen,Tablet,500 mg,Oral,161,Analgesic / Antipyretic,RxNorm terminology reference / synthetic mapping,0.98,Already normalized,Paracetamol 500 mg,Synthetic test record. Prescription remains the source of truth; normalization does not authorize medication use.
MED000295,Amoxicillin,Amoxicillin,Amoxicillin,Amoxicillin 500 mg Capsule,Amoxicillin; Amoxicillin,Capsule,500 mg,Oral,723,Antibiotic,RxNorm terminology reference / synthetic mapping,0.96,Already normalized,Amoxicillin 500 mg,Synthetic test record. Prescription remains the source of truth; normalization does not authorize medication use.
MED000296,Metformine,Metformin,Metformin,Metformin 500 mg Tablet,Metformin; Metformin,Tablet,500 mg,Oral,860975,Antidiabetic,RxNorm terminology reference / synthetic mapping,0.92,Normalized,Metformine 500 mg,Synthetic test record. Prescription remains the source of truth; normalization does not authorize medication use.
MED000297,Pantaprazole,Pantoprazole,Pantoprazole,Pantoprazole 40 mg Tablet,Pantoprazole; Pantoprazole,Tablet,40 mg,Oral,861667,Proton pump inhibitor,RxNorm terminology reference / synthetic mapping,0.92,Normalized,Pantaprazole 40 mg,Synthetic test record. Prescription remains the source of truth; normalization does not authorize medication use.
MED000298,Paracetamol,Paracetamol,Acetaminophen,Acetaminophen 500 mg Tablet,Paracetamol; Acetaminophen,Tablet,500 mg,Oral,161,Analgesic / Antipyretic,RxNorm terminology reference / synthetic mapping,0.92,Already normalized,Paracetamol 500 mg,Synthetic test record. Prescription remains the source of truth; normalization does not authorize medication use.
MED000299,Ibuprofin,Ibuprofen,Ibuprofen,Ibuprofen 400 mg Tablet,Ibuprofen; Ibuprofen,Tablet,400 mg,Oral,310965,NSAID,RxNorm terminology reference / synthetic mapping,0.97,Normalized,Ibuprofin 400 mg,Synthetic test record. Prescription remains the source of truth; normalization does not authorize medication use.
MED000300,Glimepride,Glimepiride,Glimepiride,Glimepiride 2 mg Tablet,Glimepiride; Glimepiride,Tablet,2 mg,Oral,861713,Antidiabetic,RxNorm terminology reference / synthetic mapping,0.96,Normalized,Glimepride 2 mg,Synthetic test record. Prescription remains the source of truth; normalization does not authorize medication use.
MED000301,Omeprazol,Omeprazole,Omeprazole,Omeprazole 20 mg Capsule,Omeprazole; Omeprazole,Capsule,20 mg,Oral,647640,Proton pump inhibitor,RxNorm terminology reference / synthetic mapping,0.94,Normalized,Omeprazol 20 mg,Synthetic test record. Prescription remains the source of truth; normalization does not authorize medication use.
MED000302,Domperidone,Domperidone,Domperidone,Domperidone 10 mg Tablet,Domperidone; Domperidone,Tablet,10 mg,Oral,897626,Gastroprokinetic,RxNorm terminology reference / synthetic mapping,0.96,Already normalized,Domperidone 10 mg,Synthetic test record. Prescription remains the source of truth; normalization does not authorize medication use.
MED000303,Azithromycine,Azithromycin,Azithromycin,Azithromycin 500 mg Tablet,Azithromycin; Azithromycin,Tablet,500 mg,Oral,18631,Antibiotic,RxNorm terminology reference / synthetic mapping,0.95,Normalized,Azithromycine 500 mg,Synthetic test record. Prescription remains the source of truth; normalization does not authorize medication use.
MED000304,Omeprazole,Omeprazole,Omeprazole,Omeprazole 20 mg Capsule,Omeprazole; Omeprazole,Capsule,20 mg,Oral,647640,Proton pump inhibitor,RxNorm terminology reference / synthetic mapping,0.92,Already normalized,Omeprazole 20 mg,Synthetic test record. Prescription remains the source of truth; normalization does not authorize medication use.
MED000305,Azithrocin,Azithromycin,Azithromycin,Azithromycin 500 mg Tablet,Azithromycin; Azithromycin,Tablet,500 mg,Oral,18631,Antibiotic,RxNorm terminology reference / synthetic mapping,0.93,Normalized,Azithrocin 500 mg,Synthetic test record. Prescription remains the source of truth; normalization does not authorize medication use.
MED000306,Omeprazole,Omeprazole,Omeprazole,Omeprazole 20 mg Capsule,Omeprazole; Omeprazole,Capsule,20 mg,Oral,647640,Proton pump inhibitor,RxNorm terminology reference / synthetic mapping,0.92,Already normalized,Omeprazole 20 mg,Synthetic test record. Prescription remains the source of truth; normalization does not authorize medication use.
MED000307,Ciprofloxacine,Ciprofloxacin,Ciprofloxacin,Ciprofloxacin 500 mg Tablet,Ciprofloxacin; Ciprofloxacin,Tablet,500 mg,Oral,2551,Antibiotic,RxNorm terminology reference / synthetic mapping,0.91,Normalized,Ciprofloxacine 500 mg,Synthetic test record. Prescription remains the source of truth; normalization does not authorize medication use.
MED000308,Insulin Glargine,Insulin Glargine,Insulin Glargine,Insulin Glargine 100 units/mL Injection,Insulin Glargine; Insulin Glargine,Injection,100 units/mL,Subcutaneous,261551,Insulin,RxNorm terminology reference / synthetic mapping,0.91,Already normalized,Insulin Glargine 100 units/mL,Synthetic test record. Prescription remains the source of truth; normalization does not authorize medication use.
MED000309,Aspirin,Aspirin,Acetylsalicylic Acid,Acetylsalicylic Acid 75 mg Tablet,Aspirin; Acetylsalicylic Acid,Tablet,75 mg,Oral,1191,Antiplatelet,RxNorm terminology reference / synthetic mapping,0.96,Already normalized,Aspirin 75 mg,Synthetic test record. Prescription remains the source of truth; normalization does not authorize medication use.
MED000310,Insulin Glargene,Insulin Glargine,Insulin Glargine,Insulin Glargine 100 units/mL Injection,Insulin Glargine; Insulin Glargine,Injection,100 units/mL,Subcutaneous,261551,Insulin,RxNorm terminology reference / synthetic mapping,0.98,Normalized,Insulin Glargene 100 units/mL,Synthetic test record. Prescription remains the source of truth; normalization does not authorize medication use.
MED000311,Ciprofloxin,Ciprofloxacin,Ciprofloxacin,Ciprofloxacin 500 mg Tablet,Ciprofloxacin; Ciprofloxacin,Tablet,500 mg,Oral,2551,Antibiotic,RxNorm terminology reference / synthetic mapping,0.92,Normalized,Ciprofloxin 500 mg,Synthetic test record. Prescription remains the source of truth; normalization does not authorize medication use.
MED000312,Telmisartan,Telmisartan,Telmisartan,Telmisartan 40 mg Tablet,Telmisartan; Telmisartan,Tablet,40 mg,Oral,309410,Antihypertensive,RxNorm terminology reference / synthetic mapping,0.97,Already normalized,Telmisartan 40 mg,Synthetic test record. Prescription remains the source of truth; normalization does not authorize medication use.
MED000313,Amoxicillin,Amoxicillin,Amoxicillin,Amoxicillin 500 mg Capsule,Amoxicillin; Amoxicillin,Capsule,500 mg,Oral,723,Antibiotic,RxNorm terminology reference / synthetic mapping,0.94,Already normalized,Amoxicillin 500 mg,Synthetic test record. Prescription remains the source of truth; normalization does not authorize medication use.
MED000314,Levothyroxin,Levothyroxine,Levothyroxine,Levothyroxine 50 mcg Tablet,Levothyroxine; Levothyroxine,Tablet,50 mcg,Oral,966220,Thyroid hormone,RxNorm terminology reference / synthetic mapping,0.97,Normalized,Levothyroxin 50 mcg,Synthetic test record. Prescription remains the source of truth; normalization does not authorize medication use.
MED000315,Levothroxine,Levothyroxine,Levothyroxine,Levothyroxine 50 mcg Tablet,Levothyroxine; Levothyroxine,Tablet,50 mcg,Oral,966220,Thyroid hormone,RxNorm terminology reference / synthetic mapping,0.91,Normalized,Levothroxine 50 mcg,Synthetic test record. Prescription remains the source of truth; normalization does not authorize medication use.
MED000316,Famotidine,Famotidine,Famotidine,Famotidine 20 mg Tablet,Famotidine; Famotidine,Tablet,20 mg,Oral,966770,H2 receptor antagonist,RxNorm terminology reference / synthetic mapping,0.95,Already normalized,Famotidine 20 mg,Synthetic test record. Prescription remains the source of truth; normalization does not authorize medication use.
MED000317,Famotidin,Famotidine,Famotidine,Famotidine 20 mg Tablet,Famotidine; Famotidine,Tablet,20 mg,Oral,966770,H2 receptor antagonist,RxNorm terminology reference / synthetic mapping,0.91,Normalized,Famotidin 20 mg,Synthetic test record. Prescription remains the source of truth; normalization does not authorize medication use.
MED000318,Prednisolone,Prednisolone,Prednisolone,Prednisolone 10 mg Tablet,Prednisolone; Prednisolone,Tablet,10 mg,Oral,1168002,Corticosteroid,RxNorm terminology reference / synthetic mapping,0.91,Already normalized,Prednisolone 10 mg,Synthetic test record. Prescription remains the source of truth; normalization does not authorize medication use.
MED000319,Prednisolon,Prednisolone,Prednisolone,Prednisolone 10 mg Tablet,Prednisolone; Prednisolone,Tablet,10 mg,Oral,1168002,Corticosteroid,RxNorm terminology reference / synthetic mapping,0.96,Normalized,Prednisolon 10 mg,Synthetic test record. Prescription remains the source of truth; normalization does not authorize medication use.
MED000320,Warfarn,Warfarin,Warfarin,Warfarin 5 mg Tablet,Warfarin; Warfarin,Tablet,5 mg,Oral,855333,Anticoagulant,RxNorm terminology reference / synthetic mapping,0.91,Normalized,Warfarn 5 mg,Synthetic test record. Prescription remains the source of truth; normalization does not authorize medication use.
MED000321,Domperidn,Domperidone,Domperidone,Domperidone 10 mg Tablet,Domperidone; Domperidone,Tablet,10 mg,Oral,897626,Gastroprokinetic,RxNorm terminology reference / synthetic mapping,0.99,Normalized,Domperidn 10 mg,Synthetic test record. Prescription remains the source of truth; normalization does not authorize medication use.
MED000322,Ciprofloxacine,Ciprofloxacin,Ciprofloxacin,Ciprofloxacin 500 mg Tablet,Ciprofloxacin; Ciprofloxacin,Tablet,500 mg,Oral,2551,Antibiotic,RxNorm terminology reference / synthetic mapping,0.95,Normalized,Ciprofloxacine 500 mg,Synthetic test record. Prescription remains the source of truth; normalization does not authorize medication use.
MED000323,Ibuprophen,Ibuprofen,Ibuprofen,Ibuprofen 400 mg Tablet,Ibuprofen; Ibuprofen,Tablet,400 mg,Oral,310965,NSAID,RxNorm terminology reference / synthetic mapping,0.98,Normalized,Ibuprophen 400 mg,Synthetic test record. Prescription remains the source of truth; normalization does not authorize medication use.
MED000324,Salbutamol,Salbutamol,Salbutamol,Salbutamol 100 mcg/dose Inhaler,Salbutamol; Salbutamol,Inhaler,100 mcg/dose,Inhalation,745678,Bronchodilator,RxNorm terminology reference / synthetic mapping,0.97,Already normalized,Salbutamol 100 mcg/dose,Synthetic test record. Prescription remains the source of truth; normalization does not authorize medication use.
MED000325,Warfarn,Warfarin,Warfarin,Warfarin 5 mg Tablet,Warfarin; Warfarin,Tablet,5 mg,Oral,855333,Anticoagulant,RxNorm terminology reference / synthetic mapping,0.91,Normalized,Warfarn 5 mg,Synthetic test record. Prescription remains the source of truth; normalization does not authorize medication use.
MED000326,Doxycyclin,Doxycycline,Doxycycline,Doxycycline 100 mg Capsule,Doxycycline; Doxycycline,Capsule,100 mg,Oral,3640,Antibiotic,RxNorm terminology reference / synthetic mapping,0.92,Normalized,Doxycyclin 100 mg,Synthetic test record. Prescription remains the source of truth; normalization does not authorize medication use.
MED000327,Losartan,Losartan,Losartan,Losartan 50 mg Tablet,Losartan; Losartan,Tablet,50 mg,Oral,979118,Antihypertensive,RxNorm terminology reference / synthetic mapping,0.97,Already normalized,Losartan 50 mg,Synthetic test record. Prescription remains the source of truth; normalization does not authorize medication use.
MED000328,Montelukast,Montelukast,Montelukast,Montelukast 10 mg Tablet,Montelukast; Montelukast,Tablet,10 mg,Oral,1018502,Leukotriene receptor antagonist,RxNorm terminology reference / synthetic mapping,0.95,Already normalized,Montelukast 10 mg,Synthetic test record. Prescription remains the source of truth; normalization does not authorize medication use.
MED000329,Montelukast,Montelukast,Montelukast,Montelukast 10 mg Tablet,Montelukast; Montelukast,Tablet,10 mg,Oral,1018502,Leukotriene receptor antagonist,RxNorm terminology reference / synthetic mapping,0.91,Already normalized,Montelukast 10 mg,Synthetic test record. Prescription remains the source of truth; normalization does not authorize medication use.
MED000330,Domperidone,Domperidone,Domperidone,Domperidone 10 mg Tablet,Domperidone; Domperidone,Tablet,10 mg,Oral,897626,Gastroprokinetic,RxNorm terminology reference / synthetic mapping,0.98,Already normalized,Domperidone 10 mg,Synthetic test record. Prescription remains the source of truth; normalization does not authorize medication use.
MED000331,Amlodpine,Amlodipine,Amlodipine,Amlodipine 5 mg Tablet,Amlodipine; Amlodipine,Tablet,5 mg,Oral,308135,Antihypertensive,RxNorm terminology reference / synthetic mapping,0.91,Normalized,Amlodpine 5 mg,Synthetic test record. Prescription remains the source of truth; normalization does not authorize medication use.
MED000332,Doxycycline,Doxycycline,Doxycycline,Doxycycline 100 mg Capsule,Doxycycline; Doxycycline,Capsule,100 mg,Oral,3640,Antibiotic,RxNorm terminology reference / synthetic mapping,0.92,Already normalized,Doxycycline 100 mg,Synthetic test record. Prescription remains the source of truth; normalization does not authorize medication use.
MED000333,Metfornin,Metformin,Metformin,Metformin 500 mg Tablet,Metformin; Metformin,Tablet,500 mg,Oral,860975,Antidiabetic,RxNorm terminology reference / synthetic mapping,0.93,Normalized,Metfornin 500 mg,Synthetic test record. Prescription remains the source of truth; normalization does not authorize medication use.
MED000334,Domperidone,Domperidone,Domperidone,Domperidone 10 mg Tablet,Domperidone; Domperidone,Tablet,10 mg,Oral,897626,Gastroprokinetic,RxNorm terminology reference / synthetic mapping,0.92,Already normalized,Domperidone 10 mg,Synthetic test record. Prescription remains the source of truth; normalization does not authorize medication use.
MED000335,Prednisolon,Prednisolone,Prednisolone,Prednisolone 10 mg Tablet,Prednisolone; Prednisolone,Tablet,10 mg,Oral,1168002,Corticosteroid,RxNorm terminology reference / synthetic mapping,0.94,Normalized,Prednisolon 10 mg,Synthetic test record. Prescription remains the source of truth; normalization does not authorize medication use.
MED000336,Telmisartn,Telmisartan,Telmisartan,Telmisartan 40 mg Tablet,Telmisartan; Telmisartan,Tablet,40 mg,Oral,309410,Antihypertensive,RxNorm terminology reference / synthetic mapping,0.98,Normalized,Telmisartn 40 mg,Synthetic test record. Prescription remains the source of truth; normalization does not authorize medication use.
MED000337,Cetirizinee,Cetirizine,Cetirizine,Cetirizine 10 mg Tablet,Cetirizine; Cetirizine,Tablet,10 mg,Oral,1014676,Antihistamine,RxNorm terminology reference / synthetic mapping,0.92,Normalized,Cetirizinee 10 mg,Synthetic test record. Prescription remains the source of truth; normalization does not authorize medication use.
MED000338,Azithromycine,Azithromycin,Azithromycin,Azithromycin 500 mg Tablet,Azithromycin; Azithromycin,Tablet,500 mg,Oral,18631,Antibiotic,RxNorm terminology reference / synthetic mapping,0.96,Normalized,Azithromycine 500 mg,Synthetic test record. Prescription remains the source of truth; normalization does not authorize medication use.
MED000339,Insulin Glargine,Insulin Glargine,Insulin Glargine,Insulin Glargine 100 units/mL Injection,Insulin Glargine; Insulin Glargine,Injection,100 units/mL,Subcutaneous,261551,Insulin,RxNorm terminology reference / synthetic mapping,0.92,Already normalized,Insulin Glargine 100 units/mL,Synthetic test record. Prescription remains the source of truth; normalization does not authorize medication use.
MED000340,Azitromycin,Azithromycin,Azithromycin,Azithromycin 500 mg Tablet,Azithromycin; Azithromycin,Tablet,500 mg,Oral,18631,Antibiotic,RxNorm terminology reference / synthetic mapping,0.92,Normalized,Azitromycin 500 mg,Synthetic test record. Prescription remains the source of truth; normalization does not authorize medication use.
MED000341,Aspirin,Aspirin,Acetylsalicylic Acid,Acetylsalicylic Acid 75 mg Tablet,Aspirin; Acetylsalicylic Acid,Tablet,75 mg,Oral,1191,Antiplatelet,RxNorm terminology reference / synthetic mapping,0.9,Already normalized,Aspirin 75 mg,Synthetic test record. Prescription remains the source of truth; normalization does not authorize medication use.
MED000342,Insulin Glargin,Insulin Glargine,Insulin Glargine,Insulin Glargine 100 units/mL Injection,Insulin Glargine; Insulin Glargine,Injection,100 units/mL,Subcutaneous,261551,Insulin,RxNorm terminology reference / synthetic mapping,0.92,Normalized,Insulin Glargin 100 units/mL,Synthetic test record. Prescription remains the source of truth; normalization does not authorize medication use.
MED000343,Telmisartan,Telmisartan,Telmisartan,Telmisartan 40 mg Tablet,Telmisartan; Telmisartan,Tablet,40 mg,Oral,309410,Antihypertensive,RxNorm terminology reference / synthetic mapping,0.93,Already normalized,Telmisartan 40 mg,Synthetic test record. Prescription remains the source of truth; normalization does not authorize medication use.
MED000344,Clopidogral,Clopidogrel,Clopidogrel,Clopidogrel 75 mg Tablet,Clopidogrel; Clopidogrel,Tablet,75 mg,Oral,309362,Antiplatelet,RxNorm terminology reference / synthetic mapping,0.92,Normalized,Clopidogral 75 mg,Synthetic test record. Prescription remains the source of truth; normalization does not authorize medication use.
MED000345,Doxycyline,Doxycycline,Doxycycline,Doxycycline 100 mg Capsule,Doxycycline; Doxycycline,Capsule,100 mg,Oral,3640,Antibiotic,RxNorm terminology reference / synthetic mapping,0.98,Normalized,Doxycyline 100 mg,Synthetic test record. Prescription remains the source of truth; normalization does not authorize medication use.
MED000346,Diclofinac,Diclofenac,Diclofenac,Diclofenac 50 mg Tablet,Diclofenac; Diclofenac,Tablet,50 mg,Oral,308135,NSAID,RxNorm terminology reference / synthetic mapping,0.91,Normalized,Diclofinac 50 mg,Synthetic test record. Prescription remains the source of truth; normalization does not authorize medication use.
MED000347,Telmisartn,Telmisartan,Telmisartan,Telmisartan 40 mg Tablet,Telmisartan; Telmisartan,Tablet,40 mg,Oral,309410,Antihypertensive,RxNorm terminology reference / synthetic mapping,0.94,Normalized,Telmisartn 40 mg,Synthetic test record. Prescription remains the source of truth; normalization does not authorize medication use.
MED000348,Atorvastain,Atorvastatin,Atorvastatin,Atorvastatin 20 mg Tablet,Atorvastatin; Atorvastatin,Tablet,20 mg,Oral,617314,Lipid-lowering agent,RxNorm terminology reference / synthetic mapping,0.91,Normalized,Atorvastain 20 mg,Synthetic test record. Prescription remains the source of truth; normalization does not authorize medication use.
MED000349,Amlodipin,Amlodipine,Amlodipine,Amlodipine 5 mg Tablet,Amlodipine; Amlodipine,Tablet,5 mg,Oral,308135,Antihypertensive,RxNorm terminology reference / synthetic mapping,0.95,Normalized,Amlodipin 5 mg,Synthetic test record. Prescription remains the source of truth; normalization does not authorize medication use.
MED000350,Montelukast,Montelukast,Montelukast,Montelukast 10 mg Tablet,Montelukast; Montelukast,Tablet,10 mg,Oral,1018502,Leukotriene receptor antagonist,RxNorm terminology reference / synthetic mapping,0.91,Already normalized,Montelukast 10 mg,Synthetic test record. Prescription remains the source of truth; normalization does not authorize medication use.
MED000351,Metoprolol,Metoprolol,Metoprolol,Metoprolol 25 mg Tablet,Metoprolol; Metoprolol,Tablet,25 mg,Oral,866924,Beta blocker,RxNorm terminology reference / synthetic mapping,0.99,Already normalized,Metoprolol 25 mg,Synthetic test record. Prescription remains the source of truth; normalization does not authorize medication use.
MED000352,Clopidgrel,Clopidogrel,Clopidogrel,Clopidogrel 75 mg Tablet,Clopidogrel; Clopidogrel,Tablet,75 mg,Oral,309362,Antiplatelet,RxNorm terminology reference / synthetic mapping,0.94,Normalized,Clopidgrel 75 mg,Synthetic test record. Prescription remains the source of truth; normalization does not authorize medication use.
MED000353,Glimepiride,Glimepiride,Glimepiride,Glimepiride 2 mg Tablet,Glimepiride; Glimepiride,Tablet,2 mg,Oral,861713,Antidiabetic,RxNorm terminology reference / synthetic mapping,0.96,Already normalized,Glimepiride 2 mg,Synthetic test record. Prescription remains the source of truth; normalization does not authorize medication use.
MED000354,Budesonide,Budesonide,Budesonide,Budesonide 200 mcg/dose Inhaler,Budesonide; Budesonide,Inhaler,200 mcg/dose,Inhalation,745678,Corticosteroid,RxNorm terminology reference / synthetic mapping,0.96,Already normalized,Budesonide 200 mcg/dose,Synthetic test record. Prescription remains the source of truth; normalization does not authorize medication use.
MED000355,Budesonide,Budesonide,Budesonide,Budesonide 200 mcg/dose Inhaler,Budesonide; Budesonide,Inhaler,200 mcg/dose,Inhalation,745678,Corticosteroid,RxNorm terminology reference / synthetic mapping,0.95,Already normalized,Budesonide 200 mcg/dose,Synthetic test record. Prescription remains the source of truth; normalization does not authorize medication use.
MED000356,Montelukast,Montelukast,Montelukast,Montelukast 10 mg Tablet,Montelukast; Montelukast,Tablet,10 mg,Oral,1018502,Leukotriene receptor antagonist,RxNorm terminology reference / synthetic mapping,0.98,Already normalized,Montelukast 10 mg,Synthetic test record. Prescription remains the source of truth; normalization does not authorize medication use.
MED000357,Warfain,Warfarin,Warfarin,Warfarin 5 mg Tablet,Warfarin; Warfarin,Tablet,5 mg,Oral,855333,Anticoagulant,RxNorm terminology reference / synthetic mapping,0.94,Normalized,Warfain 5 mg,Synthetic test record. Prescription remains the source of truth; normalization does not authorize medication use.
MED000358,Amlodipinee,Amlodipine,Amlodipine,Amlodipine 5 mg Tablet,Amlodipine; Amlodipine,Tablet,5 mg,Oral,308135,Antihypertensive,RxNorm terminology reference / synthetic mapping,0.97,Normalized,Amlodipinee 5 mg,Synthetic test record. Prescription remains the source of truth; normalization does not authorize medication use.
MED000359,Doxycyline,Doxycycline,Doxycycline,Doxycycline 100 mg Capsule,Doxycycline; Doxycycline,Capsule,100 mg,Oral,3640,Antibiotic,RxNorm terminology reference / synthetic mapping,0.98,Normalized,Doxycyline 100 mg,Synthetic test record. Prescription remains the source of truth; normalization does not authorize medication use.
MED000360,Warfarin,Warfarin,Warfarin,Warfarin 5 mg Tablet,Warfarin; Warfarin,Tablet,5 mg,Oral,855333,Anticoagulant,RxNorm terminology reference / synthetic mapping,0.97,Already normalized,Warfarin 5 mg,Synthetic test record. Prescription remains the source of truth; normalization does not authorize medication use.
MED000361,Glimepiride,Glimepiride,Glimepiride,Glimepiride 2 mg Tablet,Glimepiride; Glimepiride,Tablet,2 mg,Oral,861713,Antidiabetic,RxNorm terminology reference / synthetic mapping,0.98,Already normalized,Glimepiride 2 mg,Synthetic test record. Prescription remains the source of truth; normalization does not authorize medication use.
MED000362,Diclofenec,Diclofenac,Diclofenac,Diclofenac 50 mg Tablet,Diclofenac; Diclofenac,Tablet,50 mg,Oral,308135,NSAID,RxNorm terminology reference / synthetic mapping,0.94,Normalized,Diclofenec 50 mg,Synthetic test record. Prescription remains the source of truth; normalization does not authorize medication use.
MED000363,Domperidone,Domperidone,Domperidone,Domperidone 10 mg Tablet,Domperidone; Domperidone,Tablet,10 mg,Oral,897626,Gastroprokinetic,RxNorm terminology reference / synthetic mapping,0.98,Already normalized,Domperidone 10 mg,Synthetic test record. Prescription remains the source of truth; normalization does not authorize medication use.
MED000364,Famotidinee,Famotidine,Famotidine,Famotidine 20 mg Tablet,Famotidine; Famotidine,Tablet,20 mg,Oral,966770,H2 receptor antagonist,RxNorm terminology reference / synthetic mapping,0.92,Normalized,Famotidinee 20 mg,Synthetic test record. Prescription remains the source of truth; normalization does not authorize medication use.
MED000365,Losartn,Losartan,Losartan,Losartan 50 mg Tablet,Losartan; Losartan,Tablet,50 mg,Oral,979118,Antihypertensive,RxNorm terminology reference / synthetic mapping,0.95,Normalized,Losartn 50 mg,Synthetic test record. Prescription remains the source of truth; normalization does not authorize medication use.
MED000366,Diclofenec,Diclofenac,Diclofenac,Diclofenac 50 mg Tablet,Diclofenac; Diclofenac,Tablet,50 mg,Oral,308135,NSAID,RxNorm terminology reference / synthetic mapping,0.92,Normalized,Diclofenec 50 mg,Synthetic test record. Prescription remains the source of truth; normalization does not authorize medication use.
MED000367,Omeprazole,Omeprazole,Omeprazole,Omeprazole 20 mg Capsule,Omeprazole; Omeprazole,Capsule,20 mg,Oral,647640,Proton pump inhibitor,RxNorm terminology reference / synthetic mapping,0.94,Already normalized,Omeprazole 20 mg,Synthetic test record. Prescription remains the source of truth; normalization does not authorize medication use.
MED000368,Clopidogrel,Clopidogrel,Clopidogrel,Clopidogrel 75 mg Tablet,Clopidogrel; Clopidogrel,Tablet,75 mg,Oral,309362,Antiplatelet,RxNorm terminology reference / synthetic mapping,0.9,Already normalized,Clopidogrel 75 mg,Synthetic test record. Prescription remains the source of truth; normalization does not authorize medication use.
MED000369,Montelukast,Montelukast,Montelukast,Montelukast 10 mg Tablet,Montelukast; Montelukast,Tablet,10 mg,Oral,1018502,Leukotriene receptor antagonist,RxNorm terminology reference / synthetic mapping,0.91,Already normalized,Montelukast 10 mg,Synthetic test record. Prescription remains the source of truth; normalization does not authorize medication use.
MED000370,Ibuprophen,Ibuprofen,Ibuprofen,Ibuprofen 400 mg Tablet,Ibuprofen; Ibuprofen,Tablet,400 mg,Oral,310965,NSAID,RxNorm terminology reference / synthetic mapping,0.97,Normalized,Ibuprophen 400 mg,Synthetic test record. Prescription remains the source of truth; normalization does not authorize medication use.
MED000371,Ondansetrone,Ondansetron,Ondansetron,Ondansetron 4 mg Tablet,Ondansetron; Ondansetron,Tablet,4 mg,Oral,312157,Antiemetic,RxNorm terminology reference / synthetic mapping,0.99,Normalized,Ondansetrone 4 mg,Synthetic test record. Prescription remains the source of truth; normalization does not authorize medication use.
MED000372,Clopidogrel,Clopidogrel,Clopidogrel,Clopidogrel 75 mg Tablet,Clopidogrel; Clopidogrel,Tablet,75 mg,Oral,309362,Antiplatelet,RxNorm terminology reference / synthetic mapping,0.99,Already normalized,Clopidogrel 75 mg,Synthetic test record. Prescription remains the source of truth; normalization does not authorize medication use.
MED000373,Clopidogrel,Clopidogrel,Clopidogrel,Clopidogrel 75 mg Tablet,Clopidogrel; Clopidogrel,Tablet,75 mg,Oral,309362,Antiplatelet,RxNorm terminology reference / synthetic mapping,0.98,Already normalized,Clopidogrel 75 mg,Synthetic test record. Prescription remains the source of truth; normalization does not authorize medication use.
MED000374,Domperidone,Domperidone,Domperidone,Domperidone 10 mg Tablet,Domperidone; Domperidone,Tablet,10 mg,Oral,897626,Gastroprokinetic,RxNorm terminology reference / synthetic mapping,0.98,Already normalized,Domperidone 10 mg,Synthetic test record. Prescription remains the source of truth; normalization does not authorize medication use.
MED000375,Amoxycillin,Amoxicillin,Amoxicillin,Amoxicillin 500 mg Capsule,Amoxicillin; Amoxicillin,Capsule,500 mg,Oral,723,Antibiotic,RxNorm terminology reference / synthetic mapping,0.99,Normalized,Amoxycillin 500 mg,Synthetic test record. Prescription remains the source of truth; normalization does not authorize medication use.
MED000376,Budesonid,Budesonide,Budesonide,Budesonide 200 mcg/dose Inhaler,Budesonide; Budesonide,Inhaler,200 mcg/dose,Inhalation,745678,Corticosteroid,RxNorm terminology reference / synthetic mapping,0.96,Normalized,Budesonid 200 mcg/dose,Synthetic test record. Prescription remains the source of truth; normalization does not authorize medication use.
MED000377,Salbutamoll,Salbutamol,Salbutamol,Salbutamol 100 mcg/dose Inhaler,Salbutamol; Salbutamol,Inhaler,100 mcg/dose,Inhalation,745678,Bronchodilator,RxNorm terminology reference / synthetic mapping,0.93,Normalized,Salbutamoll 100 mcg/dose,Synthetic test record. Prescription remains the source of truth; normalization does not authorize medication use.
MED000378,Atorvastin,Atorvastatin,Atorvastatin,Atorvastatin 20 mg Tablet,Atorvastatin; Atorvastatin,Tablet,20 mg,Oral,617314,Lipid-lowering agent,RxNorm terminology reference / synthetic mapping,0.95,Normalized,Atorvastin 20 mg,Synthetic test record. Prescription remains the source of truth; normalization does not authorize medication use.
MED000379,Cetrizine,Cetirizine,Cetirizine,Cetirizine 10 mg Tablet,Cetirizine; Cetirizine,Tablet,10 mg,Oral,1014676,Antihistamine,RxNorm terminology reference / synthetic mapping,0.9,Normalized,Cetrizine 10 mg,Synthetic test record. Prescription remains the source of truth; normalization does not authorize medication use.
MED000380,Azithromicin,Azithromycin,Azithromycin,Azithromycin 500 mg Tablet,Azithromycin; Azithromycin,Tablet,500 mg,Oral,18631,Antibiotic,RxNorm terminology reference / synthetic mapping,0.91,Normalized,Azithromicin 500 mg,Synthetic test record. Prescription remains the source of truth; normalization does not authorize medication use.
MED000381,Pantoprazol,Pantoprazole,Pantoprazole,Pantoprazole 40 mg Tablet,Pantoprazole; Pantoprazole,Tablet,40 mg,Oral,861667,Proton pump inhibitor,RxNorm terminology reference / synthetic mapping,0.9,Normalized,Pantoprazol 40 mg,Synthetic test record. Prescription remains the source of truth; normalization does not authorize medication use.
MED000382,Doxycyline,Doxycycline,Doxycycline,Doxycycline 100 mg Capsule,Doxycycline; Doxycycline,Capsule,100 mg,Oral,3640,Antibiotic,RxNorm terminology reference / synthetic mapping,0.91,Normalized,Doxycyline 100 mg,Synthetic test record. Prescription remains the source of truth; normalization does not authorize medication use.
MED000383,Pantoprazloe,Pantoprazole,Pantoprazole,Pantoprazole 40 mg Tablet,Pantoprazole; Pantoprazole,Tablet,40 mg,Oral,861667,Proton pump inhibitor,RxNorm terminology reference / synthetic mapping,0.92,Normalized,Pantoprazloe 40 mg,Synthetic test record. Prescription remains the source of truth; normalization does not authorize medication use.
MED000384,Atorvastatin,Atorvastatin,Atorvastatin,Atorvastatin 20 mg Tablet,Atorvastatin; Atorvastatin,Tablet,20 mg,Oral,617314,Lipid-lowering agent,RxNorm terminology reference / synthetic mapping,0.92,Already normalized,Atorvastatin 20 mg,Synthetic test record. Prescription remains the source of truth; normalization does not authorize medication use.
MED000385,Salbutamol,Salbutamol,Salbutamol,Salbutamol 100 mcg/dose Inhaler,Salbutamol; Salbutamol,Inhaler,100 mcg/dose,Inhalation,745678,Bronchodilator,RxNorm terminology reference / synthetic mapping,0.92,Already normalized,Salbutamol 100 mcg/dose,Synthetic test record. Prescription remains the source of truth; normalization does not authorize medication use.
MED000386,Atorvastatin,Atorvastatin,Atorvastatin,Atorvastatin 20 mg Tablet,Atorvastatin; Atorvastatin,Tablet,20 mg,Oral,617314,Lipid-lowering agent,RxNorm terminology reference / synthetic mapping,0.94,Already normalized,Atorvastatin 20 mg,Synthetic test record. Prescription remains the source of truth; normalization does not authorize medication use.
MED000387,Ibuprofen,Ibuprofen,Ibuprofen,Ibuprofen 400 mg Tablet,Ibuprofen; Ibuprofen,Tablet,400 mg,Oral,310965,NSAID,RxNorm terminology reference / synthetic mapping,0.9,Already normalized,Ibuprofen 400 mg,Synthetic test record. Prescription remains the source of truth; normalization does not authorize medication use.
MED000388,Glimepirid,Glimepiride,Glimepiride,Glimepiride 2 mg Tablet,Glimepiride; Glimepiride,Tablet,2 mg,Oral,861713,Antidiabetic,RxNorm terminology reference / synthetic mapping,0.93,Normalized,Glimepirid 2 mg,Synthetic test record. Prescription remains the source of truth; normalization does not authorize medication use.
MED000389,Diclofinac,Diclofenac,Diclofenac,Diclofenac 50 mg Tablet,Diclofenac; Diclofenac,Tablet,50 mg,Oral,308135,NSAID,RxNorm terminology reference / synthetic mapping,0.95,Normalized,Diclofinac 50 mg,Synthetic test record. Prescription remains the source of truth; normalization does not authorize medication use.
MED000390,Diclofenac,Diclofenac,Diclofenac,Diclofenac 50 mg Tablet,Diclofenac; Diclofenac,Tablet,50 mg,Oral,308135,NSAID,RxNorm terminology reference / synthetic mapping,0.96,Already normalized,Diclofenac 50 mg,Synthetic test record. Prescription remains the source of truth; normalization does not authorize medication use.
MED000391,Doxycyclin,Doxycycline,Doxycycline,Doxycycline 100 mg Capsule,Doxycycline; Doxycycline,Capsule,100 mg,Oral,3640,Antibiotic,RxNorm terminology reference / synthetic mapping,0.93,Normalized,Doxycyclin 100 mg,Synthetic test record. Prescription remains the source of truth; normalization does not authorize medication use.
MED000392,Levothroxine,Levothyroxine,Levothyroxine,Levothyroxine 50 mcg Tablet,Levothyroxine; Levothyroxine,Tablet,50 mcg,Oral,966220,Thyroid hormone,RxNorm terminology reference / synthetic mapping,0.97,Normalized,Levothroxine 50 mcg,Synthetic test record. Prescription remains the source of truth; normalization does not authorize medication use.
MED000393,Omeprazloe,Omeprazole,Omeprazole,Omeprazole 20 mg Capsule,Omeprazole; Omeprazole,Capsule,20 mg,Oral,647640,Proton pump inhibitor,RxNorm terminology reference / synthetic mapping,0.95,Normalized,Omeprazloe 20 mg,Synthetic test record. Prescription remains the source of truth; normalization does not authorize medication use.
MED000394,Prednisolone,Prednisolone,Prednisolone,Prednisolone 10 mg Tablet,Prednisolone; Prednisolone,Tablet,10 mg,Oral,1168002,Corticosteroid,RxNorm terminology reference / synthetic mapping,0.93,Already normalized,Prednisolone 10 mg,Synthetic test record. Prescription remains the source of truth; normalization does not authorize medication use.
MED000395,Glimepiride,Glimepiride,Glimepiride,Glimepiride 2 mg Tablet,Glimepiride; Glimepiride,Tablet,2 mg,Oral,861713,Antidiabetic,RxNorm terminology reference / synthetic mapping,0.94,Already normalized,Glimepiride 2 mg,Synthetic test record. Prescription remains the source of truth; normalization does not authorize medication use.
MED000396,Diclofenak,Diclofenac,Diclofenac,Diclofenac 50 mg Tablet,Diclofenac; Diclofenac,Tablet,50 mg,Oral,308135,NSAID,RxNorm terminology reference / synthetic mapping,0.91,Normalized,Diclofenak 50 mg,Synthetic test record. Prescription remains the source of truth; normalization does not authorize medication use.
MED000397,Budesonid,Budesonide,Budesonide,Budesonide 200 mcg/dose Inhaler,Budesonide; Budesonide,Inhaler,200 mcg/dose,Inhalation,745678,Corticosteroid,RxNorm terminology reference / synthetic mapping,0.95,Normalized,Budesonid 200 mcg/dose,Synthetic test record. Prescription remains the source of truth; normalization does not authorize medication use.
MED000398,Montelukast,Montelukast,Montelukast,Montelukast 10 mg Tablet,Montelukast; Montelukast,Tablet,10 mg,Oral,1018502,Leukotriene receptor antagonist,RxNorm terminology reference / synthetic mapping,0.98,Already normalized,Montelukast 10 mg,Synthetic test record. Prescription remains the source of truth; normalization does not authorize medication use.
MED000399,Azithrocin,Azithromycin,Azithromycin,Azithromycin 500 mg Tablet,Azithromycin; Azithromycin,Tablet,500 mg,Oral,18631,Antibiotic,RxNorm terminology reference / synthetic mapping,0.91,Normalized,Azithrocin 500 mg,Synthetic test record. Prescription remains the source of truth; normalization does not authorize medication use.
MED000400,Glimepiride,Glimepiride,Glimepiride,Glimepiride 2 mg Tablet,Glimepiride; Glimepiride,Tablet,2 mg,Oral,861713,Antidiabetic,RxNorm terminology reference / synthetic mapping,0.96,Already normalized,Glimepiride 2 mg,Synthetic test record. Prescription remains the source of truth; normalization does not authorize medication use.
MED000401,Diclofenec,Diclofenac,Diclofenac,Diclofenac 50 mg Tablet,Diclofenac; Diclofenac,Tablet,50 mg,Oral,308135,NSAID,RxNorm terminology reference / synthetic mapping,0.96,Normalized,Diclofenec 50 mg,Synthetic test record. Prescription remains the source of truth; normalization does not authorize medication use.
MED000402,Levothyroxine,Levothyroxine,Levothyroxine,Levothyroxine 50 mcg Tablet,Levothyroxine; Levothyroxine,Tablet,50 mcg,Oral,966220,Thyroid hormone,RxNorm terminology reference / synthetic mapping,0.91,Already normalized,Levothyroxine 50 mcg,Synthetic test record. Prescription remains the source of truth; normalization does not authorize medication use.
MED000403,Ciprofloxacin,Ciprofloxacin,Ciprofloxacin,Ciprofloxacin 500 mg Tablet,Ciprofloxacin; Ciprofloxacin,Tablet,500 mg,Oral,2551,Antibiotic,RxNorm terminology reference / synthetic mapping,0.94,Already normalized,Ciprofloxacin 500 mg,Synthetic test record. Prescription remains the source of truth; normalization does not authorize medication use.
MED000404,Famotidine,Famotidine,Famotidine,Famotidine 20 mg Tablet,Famotidine; Famotidine,Tablet,20 mg,Oral,966770,H2 receptor antagonist,RxNorm terminology reference / synthetic mapping,0.98,Already normalized,Famotidine 20 mg,Synthetic test record. Prescription remains the source of truth; normalization does not authorize medication use.
MED000405,Amoxicilin,Amoxicillin,Amoxicillin,Amoxicillin 500 mg Capsule,Amoxicillin; Amoxicillin,Capsule,500 mg,Oral,723,Antibiotic,RxNorm terminology reference / synthetic mapping,0.92,Normalized,Amoxicilin 500 mg,Synthetic test record. Prescription remains the source of truth; normalization does not authorize medication use.
MED000406,Ondansetron,Ondansetron,Ondansetron,Ondansetron 4 mg Tablet,Ondansetron; Ondansetron,Tablet,4 mg,Oral,312157,Antiemetic,RxNorm terminology reference / synthetic mapping,0.95,Already normalized,Ondansetron 4 mg,Synthetic test record. Prescription remains the source of truth; normalization does not authorize medication use.
MED000407,Atorvastain,Atorvastatin,Atorvastatin,Atorvastatin 20 mg Tablet,Atorvastatin; Atorvastatin,Tablet,20 mg,Oral,617314,Lipid-lowering agent,RxNorm terminology reference / synthetic mapping,0.9,Normalized,Atorvastain 20 mg,Synthetic test record. Prescription remains the source of truth; normalization does not authorize medication use.
MED000408,Aspirine,Aspirin,Acetylsalicylic Acid,Acetylsalicylic Acid 75 mg Tablet,Aspirin; Acetylsalicylic Acid,Tablet,75 mg,Oral,1191,Antiplatelet,RxNorm terminology reference / synthetic mapping,0.93,Normalized,Aspirine 75 mg,Synthetic test record. Prescription remains the source of truth; normalization does not authorize medication use.
MED000409,Atorvastatin,Atorvastatin,Atorvastatin,Atorvastatin 20 mg Tablet,Atorvastatin; Atorvastatin,Tablet,20 mg,Oral,617314,Lipid-lowering agent,RxNorm terminology reference / synthetic mapping,0.94,Already normalized,Atorvastatin 20 mg,Synthetic test record. Prescription remains the source of truth; normalization does not authorize medication use.
MED000410,Omeprazol,Omeprazole,Omeprazole,Omeprazole 20 mg Capsule,Omeprazole; Omeprazole,Capsule,20 mg,Oral,647640,Proton pump inhibitor,RxNorm terminology reference / synthetic mapping,0.95,Normalized,Omeprazol 20 mg,Synthetic test record. Prescription remains the source of truth; normalization does not authorize medication use.
MED000411,Azithromycin,Azithromycin,Azithromycin,Azithromycin 500 mg Tablet,Azithromycin; Azithromycin,Tablet,500 mg,Oral,18631,Antibiotic,RxNorm terminology reference / synthetic mapping,0.97,Already normalized,Azithromycin 500 mg,Synthetic test record. Prescription remains the source of truth; normalization does not authorize medication use.
MED000412,Azithromycin,Azithromycin,Azithromycin,Azithromycin 500 mg Tablet,Azithromycin; Azithromycin,Tablet,500 mg,Oral,18631,Antibiotic,RxNorm terminology reference / synthetic mapping,0.98,Already normalized,Azithromycin 500 mg,Synthetic test record. Prescription remains the source of truth; normalization does not authorize medication use.
MED000413,Famotidinee,Famotidine,Famotidine,Famotidine 20 mg Tablet,Famotidine; Famotidine,Tablet,20 mg,Oral,966770,H2 receptor antagonist,RxNorm terminology reference / synthetic mapping,0.94,Normalized,Famotidinee 20 mg,Synthetic test record. Prescription remains the source of truth; normalization does not authorize medication use.
MED000414,Amoxycillin,Amoxicillin,Amoxicillin,Amoxicillin 500 mg Capsule,Amoxicillin; Amoxicillin,Capsule,500 mg,Oral,723,Antibiotic,RxNorm terminology reference / synthetic mapping,0.96,Normalized,Amoxycillin 500 mg,Synthetic test record. Prescription remains the source of truth; normalization does not authorize medication use.
MED000415,Paracetamoll,Paracetamol,Acetaminophen,Acetaminophen 500 mg Tablet,Paracetamol; Acetaminophen,Tablet,500 mg,Oral,161,Analgesic / Antipyretic,RxNorm terminology reference / synthetic mapping,0.98,Normalized,Paracetamoll 500 mg,Synthetic test record. Prescription remains the source of truth; normalization does not authorize medication use.
MED000416,Levothyroxin,Levothyroxine,Levothyroxine,Levothyroxine 50 mcg Tablet,Levothyroxine; Levothyroxine,Tablet,50 mcg,Oral,966220,Thyroid hormone,RxNorm terminology reference / synthetic mapping,0.95,Normalized,Levothyroxin 50 mcg,Synthetic test record. Prescription remains the source of truth; normalization does not authorize medication use.
MED000417,Losartam,Losartan,Losartan,Losartan 50 mg Tablet,Losartan; Losartan,Tablet,50 mg,Oral,979118,Antihypertensive,RxNorm terminology reference / synthetic mapping,0.98,Normalized,Losartam 50 mg,Synthetic test record. Prescription remains the source of truth; normalization does not authorize medication use.
MED000418,Glimepiride,Glimepiride,Glimepiride,Glimepiride 2 mg Tablet,Glimepiride; Glimepiride,Tablet,2 mg,Oral,861713,Antidiabetic,RxNorm terminology reference / synthetic mapping,0.91,Already normalized,Glimepiride 2 mg,Synthetic test record. Prescription remains the source of truth; normalization does not authorize medication use.
MED000419,Glimepiride,Glimepiride,Glimepiride,Glimepiride 2 mg Tablet,Glimepiride; Glimepiride,Tablet,2 mg,Oral,861713,Antidiabetic,RxNorm terminology reference / synthetic mapping,0.98,Already normalized,Glimepiride 2 mg,Synthetic test record. Prescription remains the source of truth; normalization does not authorize medication use.
MED000420,Diclofenac,Diclofenac,Diclofenac,Diclofenac 50 mg Tablet,Diclofenac; Diclofenac,Tablet,50 mg,Oral,308135,NSAID,RxNorm terminology reference / synthetic mapping,0.93,Already normalized,Diclofenac 50 mg,Synthetic test record. Prescription remains the source of truth; normalization does not authorize medication use.
MED000421,Diclofenec,Diclofenac,Diclofenac,Diclofenac 50 mg Tablet,Diclofenac; Diclofenac,Tablet,50 mg,Oral,308135,NSAID,RxNorm terminology reference / synthetic mapping,0.97,Normalized,Diclofenec 50 mg,Synthetic test record. Prescription remains the source of truth; normalization does not authorize medication use.
MED000422,Furosemide,Furosemide,Furosemide,Furosemide 40 mg Tablet,Furosemide; Furosemide,Tablet,40 mg,Oral,310429,Diuretic,RxNorm terminology reference / synthetic mapping,0.94,Already normalized,Furosemide 40 mg,Synthetic test record. Prescription remains the source of truth; normalization does not authorize medication use.
MED000423,Pantoprazloe,Pantoprazole,Pantoprazole,Pantoprazole 40 mg Tablet,Pantoprazole; Pantoprazole,Tablet,40 mg,Oral,861667,Proton pump inhibitor,RxNorm terminology reference / synthetic mapping,0.94,Normalized,Pantoprazloe 40 mg,Synthetic test record. Prescription remains the source of truth; normalization does not authorize medication use.
MED000424,Salbutamol,Salbutamol,Salbutamol,Salbutamol 100 mcg/dose Inhaler,Salbutamol; Salbutamol,Inhaler,100 mcg/dose,Inhalation,745678,Bronchodilator,RxNorm terminology reference / synthetic mapping,0.98,Already normalized,Salbutamol 100 mcg/dose,Synthetic test record. Prescription remains the source of truth; normalization does not authorize medication use.
MED000425,Atorvastin,Atorvastatin,Atorvastatin,Atorvastatin 20 mg Tablet,Atorvastatin; Atorvastatin,Tablet,20 mg,Oral,617314,Lipid-lowering agent,RxNorm terminology reference / synthetic mapping,0.96,Normalized,Atorvastin 20 mg,Synthetic test record. Prescription remains the source of truth; normalization does not authorize medication use.
MED000426,Aspirin,Aspirin,Acetylsalicylic Acid,Acetylsalicylic Acid 75 mg Tablet,Aspirin; Acetylsalicylic Acid,Tablet,75 mg,Oral,1191,Antiplatelet,RxNorm terminology reference / synthetic mapping,0.93,Already normalized,Aspirin 75 mg,Synthetic test record. Prescription remains the source of truth; normalization does not authorize medication use.
MED000427,Clopidgrel,Clopidogrel,Clopidogrel,Clopidogrel 75 mg Tablet,Clopidogrel; Clopidogrel,Tablet,75 mg,Oral,309362,Antiplatelet,RxNorm terminology reference / synthetic mapping,0.95,Normalized,Clopidgrel 75 mg,Synthetic test record. Prescription remains the source of truth; normalization does not authorize medication use.
MED000428,Doxycyclin,Doxycycline,Doxycycline,Doxycycline 100 mg Capsule,Doxycycline; Doxycycline,Capsule,100 mg,Oral,3640,Antibiotic,RxNorm terminology reference / synthetic mapping,0.93,Normalized,Doxycyclin 100 mg,Synthetic test record. Prescription remains the source of truth; normalization does not authorize medication use.
MED000429,Losartn,Losartan,Losartan,Losartan 50 mg Tablet,Losartan; Losartan,Tablet,50 mg,Oral,979118,Antihypertensive,RxNorm terminology reference / synthetic mapping,0.92,Normalized,Losartn 50 mg,Synthetic test record. Prescription remains the source of truth; normalization does not authorize medication use.
MED000430,Clopidogral,Clopidogrel,Clopidogrel,Clopidogrel 75 mg Tablet,Clopidogrel; Clopidogrel,Tablet,75 mg,Oral,309362,Antiplatelet,RxNorm terminology reference / synthetic mapping,0.96,Normalized,Clopidogral 75 mg,Synthetic test record. Prescription remains the source of truth; normalization does not authorize medication use.
MED000431,Ibuprophen,Ibuprofen,Ibuprofen,Ibuprofen 400 mg Tablet,Ibuprofen; Ibuprofen,Tablet,400 mg,Oral,310965,NSAID,RxNorm terminology reference / synthetic mapping,0.94,Normalized,Ibuprophen 400 mg,Synthetic test record. Prescription remains the source of truth; normalization does not authorize medication use.
MED000432,Atorvastin,Atorvastatin,Atorvastatin,Atorvastatin 20 mg Tablet,Atorvastatin; Atorvastatin,Tablet,20 mg,Oral,617314,Lipid-lowering agent,RxNorm terminology reference / synthetic mapping,0.91,Normalized,Atorvastin 20 mg,Synthetic test record. Prescription remains the source of truth; normalization does not authorize medication use.
MED000433,Metoprolol,Metoprolol,Metoprolol,Metoprolol 25 mg Tablet,Metoprolol; Metoprolol,Tablet,25 mg,Oral,866924,Beta blocker,RxNorm terminology reference / synthetic mapping,0.94,Already normalized,Metoprolol 25 mg,Synthetic test record. Prescription remains the source of truth; normalization does not authorize medication use.
MED000434,Amlodipinee,Amlodipine,Amlodipine,Amlodipine 5 mg Tablet,Amlodipine; Amlodipine,Tablet,5 mg,Oral,308135,Antihypertensive,RxNorm terminology reference / synthetic mapping,0.93,Normalized,Amlodipinee 5 mg,Synthetic test record. Prescription remains the source of truth; normalization does not authorize medication use.
MED000435,Ciprofloxacin,Ciprofloxacin,Ciprofloxacin,Ciprofloxacin 500 mg Tablet,Ciprofloxacin; Ciprofloxacin,Tablet,500 mg,Oral,2551,Antibiotic,RxNorm terminology reference / synthetic mapping,0.91,Already normalized,Ciprofloxacin 500 mg,Synthetic test record. Prescription remains the source of truth; normalization does not authorize medication use.
MED000436,Doxycyclin,Doxycycline,Doxycycline,Doxycycline 100 mg Capsule,Doxycycline; Doxycycline,Capsule,100 mg,Oral,3640,Antibiotic,RxNorm terminology reference / synthetic mapping,0.91,Normalized,Doxycyclin 100 mg,Synthetic test record. Prescription remains the source of truth; normalization does not authorize medication use.
MED000437,Doxycycline,Doxycycline,Doxycycline,Doxycycline 100 mg Capsule,Doxycycline; Doxycycline,Capsule,100 mg,Oral,3640,Antibiotic,RxNorm terminology reference / synthetic mapping,0.92,Already normalized,Doxycycline 100 mg,Synthetic test record. Prescription remains the source of truth; normalization does not authorize medication use.
MED000438,Budesonied,Budesonide,Budesonide,Budesonide 200 mcg/dose Inhaler,Budesonide; Budesonide,Inhaler,200 mcg/dose,Inhalation,745678,Corticosteroid,RxNorm terminology reference / synthetic mapping,0.94,Normalized,Budesonied 200 mcg/dose,Synthetic test record. Prescription remains the source of truth; normalization does not authorize medication use.
MED000439,Ciprofloxacin,Ciprofloxacin,Ciprofloxacin,Ciprofloxacin 500 mg Tablet,Ciprofloxacin; Ciprofloxacin,Tablet,500 mg,Oral,2551,Antibiotic,RxNorm terminology reference / synthetic mapping,0.93,Already normalized,Ciprofloxacin 500 mg,Synthetic test record. Prescription remains the source of truth; normalization does not authorize medication use.
MED000440,Pantaprazole,Pantoprazole,Pantoprazole,Pantoprazole 40 mg Tablet,Pantoprazole; Pantoprazole,Tablet,40 mg,Oral,861667,Proton pump inhibitor,RxNorm terminology reference / synthetic mapping,0.93,Normalized,Pantaprazole 40 mg,Synthetic test record. Prescription remains the source of truth; normalization does not authorize medication use.
MED000441,Salbutamol,Salbutamol,Salbutamol,Salbutamol 100 mcg/dose Inhaler,Salbutamol; Salbutamol,Inhaler,100 mcg/dose,Inhalation,745678,Bronchodilator,RxNorm terminology reference / synthetic mapping,0.92,Already normalized,Salbutamol 100 mcg/dose,Synthetic test record. Prescription remains the source of truth; normalization does not authorize medication use.
MED000442,Metoprolol,Metoprolol,Metoprolol,Metoprolol 25 mg Tablet,Metoprolol; Metoprolol,Tablet,25 mg,Oral,866924,Beta blocker,RxNorm terminology reference / synthetic mapping,0.92,Already normalized,Metoprolol 25 mg,Synthetic test record. Prescription remains the source of truth; normalization does not authorize medication use.
MED000443,Losartn,Losartan,Losartan,Losartan 50 mg Tablet,Losartan; Losartan,Tablet,50 mg,Oral,979118,Antihypertensive,RxNorm terminology reference / synthetic mapping,0.93,Normalized,Losartn 50 mg,Synthetic test record. Prescription remains the source of truth; normalization does not authorize medication use.
MED000444,Metformin,Metformin,Metformin,Metformin 500 mg Tablet,Metformin; Metformin,Tablet,500 mg,Oral,860975,Antidiabetic,RxNorm terminology reference / synthetic mapping,0.98,Already normalized,Metformin 500 mg,Synthetic test record. Prescription remains the source of truth; normalization does not authorize medication use.
MED000445,Montelukast,Montelukast,Montelukast,Montelukast 10 mg Tablet,Montelukast; Montelukast,Tablet,10 mg,Oral,1018502,Leukotriene receptor antagonist,RxNorm terminology reference / synthetic mapping,0.96,Already normalized,Montelukast 10 mg,Synthetic test record. Prescription remains the source of truth; normalization does not authorize medication use.
MED000446,Montelukast,Montelukast,Montelukast,Montelukast 10 mg Tablet,Montelukast; Montelukast,Tablet,10 mg,Oral,1018502,Leukotriene receptor antagonist,RxNorm terminology reference / synthetic mapping,0.93,Already normalized,Montelukast 10 mg,Synthetic test record. Prescription remains the source of truth; normalization does not authorize medication use.
MED000447,Ibuprophen,Ibuprofen,Ibuprofen,Ibuprofen 400 mg Tablet,Ibuprofen; Ibuprofen,Tablet,400 mg,Oral,310965,NSAID,RxNorm terminology reference / synthetic mapping,0.92,Normalized,Ibuprophen 400 mg,Synthetic test record. Prescription remains the source of truth; normalization does not authorize medication use.
MED000448,Azithromicin,Azithromycin,Azithromycin,Azithromycin 500 mg Tablet,Azithromycin; Azithromycin,Tablet,500 mg,Oral,18631,Antibiotic,RxNorm terminology reference / synthetic mapping,0.93,Normalized,Azithromicin 500 mg,Synthetic test record. Prescription remains the source of truth; normalization does not authorize medication use.
MED000449,Levothroxine,Levothyroxine,Levothyroxine,Levothyroxine 50 mcg Tablet,Levothyroxine; Levothyroxine,Tablet,50 mcg,Oral,966220,Thyroid hormone,RxNorm terminology reference / synthetic mapping,0.93,Normalized,Levothroxine 50 mcg,Synthetic test record. Prescription remains the source of truth; normalization does not authorize medication use.
MED000450,Losartan,Losartan,Losartan,Losartan 50 mg Tablet,Losartan; Losartan,Tablet,50 mg,Oral,979118,Antihypertensive,RxNorm terminology reference / synthetic mapping,0.92,Already normalized,Losartan 50 mg,Synthetic test record. Prescription remains the source of truth; normalization does not authorize medication use.
MED000451,Ibuprofen,Ibuprofen,Ibuprofen,Ibuprofen 400 mg Tablet,Ibuprofen; Ibuprofen,Tablet,400 mg,Oral,310965,NSAID,RxNorm terminology reference / synthetic mapping,0.98,Already normalized,Ibuprofen 400 mg,Synthetic test record. Prescription remains the source of truth; normalization does not authorize medication use.
MED000452,Metoprololl,Metoprolol,Metoprolol,Metoprolol 25 mg Tablet,Metoprolol; Metoprolol,Tablet,25 mg,Oral,866924,Beta blocker,RxNorm terminology reference / synthetic mapping,0.95,Normalized,Metoprololl 25 mg,Synthetic test record. Prescription remains the source of truth; normalization does not authorize medication use.
MED000453,Furosemid,Furosemide,Furosemide,Furosemide 40 mg Tablet,Furosemide; Furosemide,Tablet,40 mg,Oral,310429,Diuretic,RxNorm terminology reference / synthetic mapping,0.93,Normalized,Furosemid 40 mg,Synthetic test record. Prescription remains the source of truth; normalization does not authorize medication use.
MED000454,Doxycycline,Doxycycline,Doxycycline,Doxycycline 100 mg Capsule,Doxycycline; Doxycycline,Capsule,100 mg,Oral,3640,Antibiotic,RxNorm terminology reference / synthetic mapping,0.97,Already normalized,Doxycycline 100 mg,Synthetic test record. Prescription remains the source of truth; normalization does not authorize medication use.
MED000455,Diclofenac,Diclofenac,Diclofenac,Diclofenac 50 mg Tablet,Diclofenac; Diclofenac,Tablet,50 mg,Oral,308135,NSAID,RxNorm terminology reference / synthetic mapping,0.97,Already normalized,Diclofenac 50 mg,Synthetic test record. Prescription remains the source of truth; normalization does not authorize medication use.
MED000456,Amoxicilin,Amoxicillin,Amoxicillin,Amoxicillin 500 mg Capsule,Amoxicillin; Amoxicillin,Capsule,500 mg,Oral,723,Antibiotic,RxNorm terminology reference / synthetic mapping,0.91,Normalized,Amoxicilin 500 mg,Synthetic test record. Prescription remains the source of truth; normalization does not authorize medication use.
MED000457,Amlodipin,Amlodipine,Amlodipine,Amlodipine 5 mg Tablet,Amlodipine; Amlodipine,Tablet,5 mg,Oral,308135,Antihypertensive,RxNorm terminology reference / synthetic mapping,0.94,Normalized,Amlodipin 5 mg,Synthetic test record. Prescription remains the source of truth; normalization does not authorize medication use.
MED000458,Metformine,Metformin,Metformin,Metformin 500 mg Tablet,Metformin; Metformin,Tablet,500 mg,Oral,860975,Antidiabetic,RxNorm terminology reference / synthetic mapping,0.95,Normalized,Metformine 500 mg,Synthetic test record. Prescription remains the source of truth; normalization does not authorize medication use.
MED000459,Paraceta mol,Paracetamol,Acetaminophen,Acetaminophen 500 mg Tablet,Paracetamol; Acetaminophen,Tablet,500 mg,Oral,161,Analgesic / Antipyretic,RxNorm terminology reference / synthetic mapping,0.97,Normalized,Paraceta mol 500 mg,Synthetic test record. Prescription remains the source of truth; normalization does not authorize medication use.
MED000460,Atorvastain,Atorvastatin,Atorvastatin,Atorvastatin 20 mg Tablet,Atorvastatin; Atorvastatin,Tablet,20 mg,Oral,617314,Lipid-lowering agent,RxNorm terminology reference / synthetic mapping,0.95,Normalized,Atorvastain 20 mg,Synthetic test record. Prescription remains the source of truth; normalization does not authorize medication use.
MED000461,Budesonide,Budesonide,Budesonide,Budesonide 200 mcg/dose Inhaler,Budesonide; Budesonide,Inhaler,200 mcg/dose,Inhalation,745678,Corticosteroid,RxNorm terminology reference / synthetic mapping,0.98,Already normalized,Budesonide 200 mcg/dose,Synthetic test record. Prescription remains the source of truth; normalization does not authorize medication use.
MED000462,Doxycicline,Doxycycline,Doxycycline,Doxycycline 100 mg Capsule,Doxycycline; Doxycycline,Capsule,100 mg,Oral,3640,Antibiotic,RxNorm terminology reference / synthetic mapping,0.93,Normalized,Doxycicline 100 mg,Synthetic test record. Prescription remains the source of truth; normalization does not authorize medication use.
MED000463,Warfain,Warfarin,Warfarin,Warfarin 5 mg Tablet,Warfarin; Warfarin,Tablet,5 mg,Oral,855333,Anticoagulant,RxNorm terminology reference / synthetic mapping,0.91,Normalized,Warfain 5 mg,Synthetic test record. Prescription remains the source of truth; normalization does not authorize medication use.
MED000464,Salbutamol,Salbutamol,Salbutamol,Salbutamol 100 mcg/dose Inhaler,Salbutamol; Salbutamol,Inhaler,100 mcg/dose,Inhalation,745678,Bronchodilator,RxNorm terminology reference / synthetic mapping,0.93,Already normalized,Salbutamol 100 mcg/dose,Synthetic test record. Prescription remains the source of truth; normalization does not authorize medication use.
MED000465,Budesonide,Budesonide,Budesonide,Budesonide 200 mcg/dose Inhaler,Budesonide; Budesonide,Inhaler,200 mcg/dose,Inhalation,745678,Corticosteroid,RxNorm terminology reference / synthetic mapping,0.9,Already normalized,Budesonide 200 mcg/dose,Synthetic test record. Prescription remains the source of truth; normalization does not authorize medication use.
MED000466,Doxycycline,Doxycycline,Doxycycline,Doxycycline 100 mg Capsule,Doxycycline; Doxycycline,Capsule,100 mg,Oral,3640,Antibiotic,RxNorm terminology reference / synthetic mapping,0.98,Already normalized,Doxycycline 100 mg,Synthetic test record. Prescription remains the source of truth; normalization does not authorize medication use.
MED000467,Glimepiride,Glimepiride,Glimepiride,Glimepiride 2 mg Tablet,Glimepiride; Glimepiride,Tablet,2 mg,Oral,861713,Antidiabetic,RxNorm terminology reference / synthetic mapping,0.94,Already normalized,Glimepiride 2 mg,Synthetic test record. Prescription remains the source of truth; normalization does not authorize medication use.
MED000468,Budesonide,Budesonide,Budesonide,Budesonide 200 mcg/dose Inhaler,Budesonide; Budesonide,Inhaler,200 mcg/dose,Inhalation,745678,Corticosteroid,RxNorm terminology reference / synthetic mapping,0.97,Already normalized,Budesonide 200 mcg/dose,Synthetic test record. Prescription remains the source of truth; normalization does not authorize medication use.
MED000469,Ibuprofen,Ibuprofen,Ibuprofen,Ibuprofen 400 mg Tablet,Ibuprofen; Ibuprofen,Tablet,400 mg,Oral,310965,NSAID,RxNorm terminology reference / synthetic mapping,0.92,Already normalized,Ibuprofen 400 mg,Synthetic test record. Prescription remains the source of truth; normalization does not authorize medication use.
MED000470,Diclofenac,Diclofenac,Diclofenac,Diclofenac 50 mg Tablet,Diclofenac; Diclofenac,Tablet,50 mg,Oral,308135,NSAID,RxNorm terminology reference / synthetic mapping,0.96,Already normalized,Diclofenac 50 mg,Synthetic test record. Prescription remains the source of truth; normalization does not authorize medication use.
MED000471,Atorvastatin,Atorvastatin,Atorvastatin,Atorvastatin 20 mg Tablet,Atorvastatin; Atorvastatin,Tablet,20 mg,Oral,617314,Lipid-lowering agent,RxNorm terminology reference / synthetic mapping,0.97,Already normalized,Atorvastatin 20 mg,Synthetic test record. Prescription remains the source of truth; normalization does not authorize medication use.
MED000472,Metoprol,Metoprolol,Metoprolol,Metoprolol 25 mg Tablet,Metoprolol; Metoprolol,Tablet,25 mg,Oral,866924,Beta blocker,RxNorm terminology reference / synthetic mapping,0.97,Normalized,Metoprol 25 mg,Synthetic test record. Prescription remains the source of truth; normalization does not authorize medication use.
MED000473,Salbutamoll,Salbutamol,Salbutamol,Salbutamol 100 mcg/dose Inhaler,Salbutamol; Salbutamol,Inhaler,100 mcg/dose,Inhalation,745678,Bronchodilator,RxNorm terminology reference / synthetic mapping,0.97,Normalized,Salbutamoll 100 mcg/dose,Synthetic test record. Prescription remains the source of truth; normalization does not authorize medication use.
MED000474,Glimepiride,Glimepiride,Glimepiride,Glimepiride 2 mg Tablet,Glimepiride; Glimepiride,Tablet,2 mg,Oral,861713,Antidiabetic,RxNorm terminology reference / synthetic mapping,0.93,Already normalized,Glimepiride 2 mg,Synthetic test record. Prescription remains the source of truth; normalization does not authorize medication use.
MED000475,Budesonide,Budesonide,Budesonide,Budesonide 200 mcg/dose Inhaler,Budesonide; Budesonide,Inhaler,200 mcg/dose,Inhalation,745678,Corticosteroid,RxNorm terminology reference / synthetic mapping,0.98,Already normalized,Budesonide 200 mcg/dose,Synthetic test record. Prescription remains the source of truth; normalization does not authorize medication use.
MED000476,Montelukast,Montelukast,Montelukast,Montelukast 10 mg Tablet,Montelukast; Montelukast,Tablet,10 mg,Oral,1018502,Leukotriene receptor antagonist,RxNorm terminology reference / synthetic mapping,0.98,Already normalized,Montelukast 10 mg,Synthetic test record. Prescription remains the source of truth; normalization does not authorize medication use.
MED000477,Domperidone,Domperidone,Domperidone,Domperidone 10 mg Tablet,Domperidone; Domperidone,Tablet,10 mg,Oral,897626,Gastroprokinetic,RxNorm terminology reference / synthetic mapping,0.97,Already normalized,Domperidone 10 mg,Synthetic test record. Prescription remains the source of truth; normalization does not authorize medication use.
MED000478,Atorvastain,Atorvastatin,Atorvastatin,Atorvastatin 20 mg Tablet,Atorvastatin; Atorvastatin,Tablet,20 mg,Oral,617314,Lipid-lowering agent,RxNorm terminology reference / synthetic mapping,0.92,Normalized,Atorvastain 20 mg,Synthetic test record. Prescription remains the source of truth; normalization does not authorize medication use.
MED000479,Domperidone,Domperidone,Domperidone,Domperidone 10 mg Tablet,Domperidone; Domperidone,Tablet,10 mg,Oral,897626,Gastroprokinetic,RxNorm terminology reference / synthetic mapping,0.97,Already normalized,Domperidone 10 mg,Synthetic test record. Prescription remains the source of truth; normalization does not authorize medication use.
MED000480,Warfarn,Warfarin,Warfarin,Warfarin 5 mg Tablet,Warfarin; Warfarin,Tablet,5 mg,Oral,855333,Anticoagulant,RxNorm terminology reference / synthetic mapping,0.99,Normalized,Warfarn 5 mg,Synthetic test record. Prescription remains the source of truth; normalization does not authorize medication use.
MED000481,Azithrocin,Azithromycin,Azithromycin,Azithromycin 500 mg Tablet,Azithromycin; Azithromycin,Tablet,500 mg,Oral,18631,Antibiotic,RxNorm terminology reference / synthetic mapping,0.95,Normalized,Azithrocin 500 mg,Synthetic test record. Prescription remains the source of truth; normalization does not authorize medication use.
MED000482,Pantaprazole,Pantoprazole,Pantoprazole,Pantoprazole 40 mg Tablet,Pantoprazole; Pantoprazole,Tablet,40 mg,Oral,861667,Proton pump inhibitor,RxNorm terminology reference / synthetic mapping,0.93,Normalized,Pantaprazole 40 mg,Synthetic test record. Prescription remains the source of truth; normalization does not authorize medication use.
MED000483,Diclofenec,Diclofenac,Diclofenac,Diclofenac 50 mg Tablet,Diclofenac; Diclofenac,Tablet,50 mg,Oral,308135,NSAID,RxNorm terminology reference / synthetic mapping,0.99,Normalized,Diclofenec 50 mg,Synthetic test record. Prescription remains the source of truth; normalization does not authorize medication use.
MED000484,Montelukast,Montelukast,Montelukast,Montelukast 10 mg Tablet,Montelukast; Montelukast,Tablet,10 mg,Oral,1018502,Leukotriene receptor antagonist,RxNorm terminology reference / synthetic mapping,0.94,Already normalized,Montelukast 10 mg,Synthetic test record. Prescription remains the source of truth; normalization does not authorize medication use.
MED000485,Amoxycillin,Amoxicillin,Amoxicillin,Amoxicillin 500 mg Capsule,Amoxicillin; Amoxicillin,Capsule,500 mg,Oral,723,Antibiotic,RxNorm terminology reference / synthetic mapping,0.95,Normalized,Amoxycillin 500 mg,Synthetic test record. Prescription remains the source of truth; normalization does not authorize medication use.
MED000486,Domperidone,Domperidone,Domperidone,Domperidone 10 mg Tablet,Domperidone; Domperidone,Tablet,10 mg,Oral,897626,Gastroprokinetic,RxNorm terminology reference / synthetic mapping,0.99,Already normalized,Domperidone 10 mg,Synthetic test record. Prescription remains the source of truth; normalization does not authorize medication use.
MED000487,Pantaprazole,Pantoprazole,Pantoprazole,Pantoprazole 40 mg Tablet,Pantoprazole; Pantoprazole,Tablet,40 mg,Oral,861667,Proton pump inhibitor,RxNorm terminology reference / synthetic mapping,0.95,Normalized,Pantaprazole 40 mg,Synthetic test record. Prescription remains the source of truth; normalization does not authorize medication use.
MED000488,Pantoprazole,Pantoprazole,Pantoprazole,Pantoprazole 40 mg Tablet,Pantoprazole; Pantoprazole,Tablet,40 mg,Oral,861667,Proton pump inhibitor,RxNorm terminology reference / synthetic mapping,0.93,Already normalized,Pantoprazole 40 mg,Synthetic test record. Prescription remains the source of truth; normalization does not authorize medication use.
MED000489,Paracetmol,Paracetamol,Acetaminophen,Acetaminophen 500 mg Tablet,Paracetamol; Acetaminophen,Tablet,500 mg,Oral,161,Analgesic / Antipyretic,RxNorm terminology reference / synthetic mapping,0.93,Normalized,Paracetmol 500 mg,Synthetic test record. Prescription remains the source of truth; normalization does not authorize medication use.
MED000490,Ondansetron,Ondansetron,Ondansetron,Ondansetron 4 mg Tablet,Ondansetron; Ondansetron,Tablet,4 mg,Oral,312157,Antiemetic,RxNorm terminology reference / synthetic mapping,0.95,Already normalized,Ondansetron 4 mg,Synthetic test record. Prescription remains the source of truth; normalization does not authorize medication use.
MED000491,Ondansetrone,Ondansetron,Ondansetron,Ondansetron 4 mg Tablet,Ondansetron; Ondansetron,Tablet,4 mg,Oral,312157,Antiemetic,RxNorm terminology reference / synthetic mapping,0.93,Normalized,Ondansetrone 4 mg,Synthetic test record. Prescription remains the source of truth; normalization does not authorize medication use.
MED000492,Ondansetrone,Ondansetron,Ondansetron,Ondansetron 4 mg Tablet,Ondansetron; Ondansetron,Tablet,4 mg,Oral,312157,Antiemetic,RxNorm terminology reference / synthetic mapping,0.94,Normalized,Ondansetrone 4 mg,Synthetic test record. Prescription remains the source of truth; normalization does not authorize medication use.
MED000493,Aspirine,Aspirin,Acetylsalicylic Acid,Acetylsalicylic Acid 75 mg Tablet,Aspirin; Acetylsalicylic Acid,Tablet,75 mg,Oral,1191,Antiplatelet,RxNorm terminology reference / synthetic mapping,0.92,Normalized,Aspirine 75 mg,Synthetic test record. Prescription remains the source of truth; normalization does not authorize medication use.
MED000494,Diclofinac,Diclofenac,Diclofenac,Diclofenac 50 mg Tablet,Diclofenac; Diclofenac,Tablet,50 mg,Oral,308135,NSAID,RxNorm terminology reference / synthetic mapping,0.96,Normalized,Diclofinac 50 mg,Synthetic test record. Prescription remains the source of truth; normalization does not authorize medication use.
MED000495,Cetirizine,Cetirizine,Cetirizine,Cetirizine 10 mg Tablet,Cetirizine; Cetirizine,Tablet,10 mg,Oral,1014676,Antihistamine,RxNorm terminology reference / synthetic mapping,0.91,Already normalized,Cetirizine 10 mg,Synthetic test record. Prescription remains the source of truth; normalization does not authorize medication use.
MED000496,Famotidne,Famotidine,Famotidine,Famotidine 20 mg Tablet,Famotidine; Famotidine,Tablet,20 mg,Oral,966770,H2 receptor antagonist,RxNorm terminology reference / synthetic mapping,0.91,Normalized,Famotidne 20 mg,Synthetic test record. Prescription remains the source of truth; normalization does not authorize medication use.
MED000497,Amoxicillin,Amoxicillin,Amoxicillin,Amoxicillin 500 mg Capsule,Amoxicillin; Amoxicillin,Capsule,500 mg,Oral,723,Antibiotic,RxNorm terminology reference / synthetic mapping,0.91,Already normalized,Amoxicillin 500 mg,Synthetic test record. Prescription remains the source of truth; normalization does not authorize medication use.
MED000498,Aspirine,Aspirin,Acetylsalicylic Acid,Acetylsalicylic Acid 75 mg Tablet,Aspirin; Acetylsalicylic Acid,Tablet,75 mg,Oral,1191,Antiplatelet,RxNorm terminology reference / synthetic mapping,0.93,Normalized,Aspirine 75 mg,Synthetic test record. Prescription remains the source of truth; normalization does not authorize medication use.
MED000499,Azithromycine,Azithromycin,Azithromycin,Azithromycin 500 mg Tablet,Azithromycin; Azithromycin,Tablet,500 mg,Oral,18631,Antibiotic,RxNorm terminology reference / synthetic mapping,0.93,Normalized,Azithromycine 500 mg,Synthetic test record. Prescription remains the source of truth; normalization does not authorize medication use.
MED000500,Losartn,Losartan,Losartan,Losartan 50 mg Tablet,Losartan; Losartan,Tablet,50 mg,Oral,979118,Antihypertensive,RxNorm terminology reference / synthetic mapping,0.93,Normalized,Losartn 50 mg,Synthetic test record. Prescription remains the source of truth; normalization does not authorize medication use.
MED000501,Metoprolol,Metoprolol,Metoprolol,Metoprolol 25 mg Tablet,Metoprolol; Metoprolol,Tablet,25 mg,Oral,866924,Beta blocker,RxNorm terminology reference / synthetic mapping,0.97,Already normalized,Metoprolol 25 mg,Synthetic test record. Prescription remains the source of truth; normalization does not authorize medication use.
MED000502,Aspirin,Aspirin,Acetylsalicylic Acid,Acetylsalicylic Acid 75 mg Tablet,Aspirin; Acetylsalicylic Acid,Tablet,75 mg,Oral,1191,Antiplatelet,RxNorm terminology reference / synthetic mapping,0.94,Already normalized,Aspirin 75 mg,Synthetic test record. Prescription remains the source of truth; normalization does not authorize medication use.
MED000503,Clopidgrel,Clopidogrel,Clopidogrel,Clopidogrel 75 mg Tablet,Clopidogrel; Clopidogrel,Tablet,75 mg,Oral,309362,Antiplatelet,RxNorm terminology reference / synthetic mapping,0.91,Normalized,Clopidgrel 75 mg,Synthetic test record. Prescription remains the source of truth; normalization does not authorize medication use.
MED000504,Losartam,Losartan,Losartan,Losartan 50 mg Tablet,Losartan; Losartan,Tablet,50 mg,Oral,979118,Antihypertensive,RxNorm terminology reference / synthetic mapping,0.91,Normalized,Losartam 50 mg,Synthetic test record. Prescription remains the source of truth; normalization does not authorize medication use.
MED000505,Metoprolol,Metoprolol,Metoprolol,Metoprolol 25 mg Tablet,Metoprolol; Metoprolol,Tablet,25 mg,Oral,866924,Beta blocker,RxNorm terminology reference / synthetic mapping,0.93,Already normalized,Metoprolol 25 mg,Synthetic test record. Prescription remains the source of truth; normalization does not authorize medication use.
MED000506,Paracetamoll,Paracetamol,Acetaminophen,Acetaminophen 500 mg Tablet,Paracetamol; Acetaminophen,Tablet,500 mg,Oral,161,Analgesic / Antipyretic,RxNorm terminology reference / synthetic mapping,0.95,Normalized,Paracetamoll 500 mg,Synthetic test record. Prescription remains the source of truth; normalization does not authorize medication use.
MED000507,Glimepride,Glimepiride,Glimepiride,Glimepiride 2 mg Tablet,Glimepiride; Glimepiride,Tablet,2 mg,Oral,861713,Antidiabetic,RxNorm terminology reference / synthetic mapping,0.91,Normalized,Glimepride 2 mg,Synthetic test record. Prescription remains the source of truth; normalization does not authorize medication use.
MED000508,Salbutamol,Salbutamol,Salbutamol,Salbutamol 100 mcg/dose Inhaler,Salbutamol; Salbutamol,Inhaler,100 mcg/dose,Inhalation,745678,Bronchodilator,RxNorm terminology reference / synthetic mapping,0.9,Already normalized,Salbutamol 100 mcg/dose,Synthetic test record. Prescription remains the source of truth; normalization does not authorize medication use.
MED000509,Famotidne,Famotidine,Famotidine,Famotidine 20 mg Tablet,Famotidine; Famotidine,Tablet,20 mg,Oral,966770,H2 receptor antagonist,RxNorm terminology reference / synthetic mapping,0.92,Normalized,Famotidne 20 mg,Synthetic test record. Prescription remains the source of truth; normalization does not authorize medication use.
MED000510,Prednisolone,Prednisolone,Prednisolone,Prednisolone 10 mg Tablet,Prednisolone; Prednisolone,Tablet,10 mg,Oral,1168002,Corticosteroid,RxNorm terminology reference / synthetic mapping,0.98,Already normalized,Prednisolone 10 mg,Synthetic test record. Prescription remains the source of truth; normalization does not authorize medication use.
MED000511,Amoxicilin,Amoxicillin,Amoxicillin,Amoxicillin 500 mg Capsule,Amoxicillin; Amoxicillin,Capsule,500 mg,Oral,723,Antibiotic,RxNorm terminology reference / synthetic mapping,0.96,Normalized,Amoxicilin 500 mg,Synthetic test record. Prescription remains the source of truth; normalization does not authorize medication use.
MED000512,Metoprololl,Metoprolol,Metoprolol,Metoprolol 25 mg Tablet,Metoprolol; Metoprolol,Tablet,25 mg,Oral,866924,Beta blocker,RxNorm terminology reference / synthetic mapping,0.97,Normalized,Metoprololl 25 mg,Synthetic test record. Prescription remains the source of truth; normalization does not authorize medication use.
MED000513,Ciprofloxacine,Ciprofloxacin,Ciprofloxacin,Ciprofloxacin 500 mg Tablet,Ciprofloxacin; Ciprofloxacin,Tablet,500 mg,Oral,2551,Antibiotic,RxNorm terminology reference / synthetic mapping,0.92,Normalized,Ciprofloxacine 500 mg,Synthetic test record. Prescription remains the source of truth; normalization does not authorize medication use.
MED000514,Azithromycine,Azithromycin,Azithromycin,Azithromycin 500 mg Tablet,Azithromycin; Azithromycin,Tablet,500 mg,Oral,18631,Antibiotic,RxNorm terminology reference / synthetic mapping,0.9,Normalized,Azithromycine 500 mg,Synthetic test record. Prescription remains the source of truth; normalization does not authorize medication use.
MED000515,Ibuprofin,Ibuprofen,Ibuprofen,Ibuprofen 400 mg Tablet,Ibuprofen; Ibuprofen,Tablet,400 mg,Oral,310965,NSAID,RxNorm terminology reference / synthetic mapping,0.92,Normalized,Ibuprofin 400 mg,Synthetic test record. Prescription remains the source of truth; normalization does not authorize medication use.
MED000516,Prednisolon,Prednisolone,Prednisolone,Prednisolone 10 mg Tablet,Prednisolone; Prednisolone,Tablet,10 mg,Oral,1168002,Corticosteroid,RxNorm terminology reference / synthetic mapping,0.91,Normalized,Prednisolon 10 mg,Synthetic test record. Prescription remains the source of truth; normalization does not authorize medication use.
MED000517,Glimepiride,Glimepiride,Glimepiride,Glimepiride 2 mg Tablet,Glimepiride; Glimepiride,Tablet,2 mg,Oral,861713,Antidiabetic,RxNorm terminology reference / synthetic mapping,0.96,Already normalized,Glimepiride 2 mg,Synthetic test record. Prescription remains the source of truth; normalization does not authorize medication use.
MED000518,Ibuprophen,Ibuprofen,Ibuprofen,Ibuprofen 400 mg Tablet,Ibuprofen; Ibuprofen,Tablet,400 mg,Oral,310965,NSAID,RxNorm terminology reference / synthetic mapping,0.94,Normalized,Ibuprophen 400 mg,Synthetic test record. Prescription remains the source of truth; normalization does not authorize medication use.
MED000519,Ciprofloxacin,Ciprofloxacin,Ciprofloxacin,Ciprofloxacin 500 mg Tablet,Ciprofloxacin; Ciprofloxacin,Tablet,500 mg,Oral,2551,Antibiotic,RxNorm terminology reference / synthetic mapping,0.93,Already normalized,Ciprofloxacin 500 mg,Synthetic test record. Prescription remains the source of truth; normalization does not authorize medication use.
MED000520,Furosimide,Furosemide,Furosemide,Furosemide 40 mg Tablet,Furosemide; Furosemide,Tablet,40 mg,Oral,310429,Diuretic,RxNorm terminology reference / synthetic mapping,0.93,Normalized,Furosimide 40 mg,Synthetic test record. Prescription remains the source of truth; normalization does not authorize medication use.
MED000521,Amlodipne,Amlodipine,Amlodipine,Amlodipine 5 mg Tablet,Amlodipine; Amlodipine,Tablet,5 mg,Oral,308135,Antihypertensive,RxNorm terminology reference / synthetic mapping,0.96,Normalized,Amlodipne 5 mg,Synthetic test record. Prescription remains the source of truth; normalization does not authorize medication use.
MED000522,Telmisartan,Telmisartan,Telmisartan,Telmisartan 40 mg Tablet,Telmisartan; Telmisartan,Tablet,40 mg,Oral,309410,Antihypertensive,RxNorm terminology reference / synthetic mapping,0.93,Already normalized,Telmisartan 40 mg,Synthetic test record. Prescription remains the source of truth; normalization does not authorize medication use.
MED000523,Budesonide,Budesonide,Budesonide,Budesonide 200 mcg/dose Inhaler,Budesonide; Budesonide,Inhaler,200 mcg/dose,Inhalation,745678,Corticosteroid,RxNorm terminology reference / synthetic mapping,0.97,Already normalized,Budesonide 200 mcg/dose,Synthetic test record. Prescription remains the source of truth; normalization does not authorize medication use.
MED000524,Atorvastin,Atorvastatin,Atorvastatin,Atorvastatin 20 mg Tablet,Atorvastatin; Atorvastatin,Tablet,20 mg,Oral,617314,Lipid-lowering agent,RxNorm terminology reference / synthetic mapping,0.93,Normalized,Atorvastin 20 mg,Synthetic test record. Prescription remains the source of truth; normalization does not authorize medication use.
MED000525,Ibuprofen,Ibuprofen,Ibuprofen,Ibuprofen 400 mg Tablet,Ibuprofen; Ibuprofen,Tablet,400 mg,Oral,310965,NSAID,RxNorm terminology reference / synthetic mapping,0.98,Already normalized,Ibuprofen 400 mg,Synthetic test record. Prescription remains the source of truth; normalization does not authorize medication use.
MED000526,Domperidone,Domperidone,Domperidone,Domperidone 10 mg Tablet,Domperidone; Domperidone,Tablet,10 mg,Oral,897626,Gastroprokinetic,RxNorm terminology reference / synthetic mapping,0.94,Already normalized,Domperidone 10 mg,Synthetic test record. Prescription remains the source of truth; normalization does not authorize medication use.
MED000527,Insulin Glargine,Insulin Glargine,Insulin Glargine,Insulin Glargine 100 units/mL Injection,Insulin Glargine; Insulin Glargine,Injection,100 units/mL,Subcutaneous,261551,Insulin,RxNorm terminology reference / synthetic mapping,0.98,Already normalized,Insulin Glargine 100 units/mL,Synthetic test record. Prescription remains the source of truth; normalization does not authorize medication use.
MED000528,Prednisolone,Prednisolone,Prednisolone,Prednisolone 10 mg Tablet,Prednisolone; Prednisolone,Tablet,10 mg,Oral,1168002,Corticosteroid,RxNorm terminology reference / synthetic mapping,0.92,Already normalized,Prednisolone 10 mg,Synthetic test record. Prescription remains the source of truth; normalization does not authorize medication use.
MED000529,Glimepiride,Glimepiride,Glimepiride,Glimepiride 2 mg Tablet,Glimepiride; Glimepiride,Tablet,2 mg,Oral,861713,Antidiabetic,RxNorm terminology reference / synthetic mapping,0.94,Already normalized,Glimepiride 2 mg,Synthetic test record. Prescription remains the source of truth; normalization does not authorize medication use.
MED000530,Pantoprazole,Pantoprazole,Pantoprazole,Pantoprazole 40 mg Tablet,Pantoprazole; Pantoprazole,Tablet,40 mg,Oral,861667,Proton pump inhibitor,RxNorm terminology reference / synthetic mapping,0.98,Already normalized,Pantoprazole 40 mg,Synthetic test record. Prescription remains the source of truth; normalization does not authorize medication use.
MED000531,Metoprololl,Metoprolol,Metoprolol,Metoprolol 25 mg Tablet,Metoprolol; Metoprolol,Tablet,25 mg,Oral,866924,Beta blocker,RxNorm terminology reference / synthetic mapping,0.95,Normalized,Metoprololl 25 mg,Synthetic test record. Prescription remains the source of truth; normalization does not authorize medication use.
MED000532,Ondansetron,Ondansetron,Ondansetron,Ondansetron 4 mg Tablet,Ondansetron; Ondansetron,Tablet,4 mg,Oral,312157,Antiemetic,RxNorm terminology reference / synthetic mapping,0.98,Already normalized,Ondansetron 4 mg,Synthetic test record. Prescription remains the source of truth; normalization does not authorize medication use.
MED000533,Metformine,Metformin,Metformin,Metformin 500 mg Tablet,Metformin; Metformin,Tablet,500 mg,Oral,860975,Antidiabetic,RxNorm terminology reference / synthetic mapping,0.92,Normalized,Metformine 500 mg,Synthetic test record. Prescription remains the source of truth; normalization does not authorize medication use.
MED000534,Salbutemol,Salbutamol,Salbutamol,Salbutamol 100 mcg/dose Inhaler,Salbutamol; Salbutamol,Inhaler,100 mcg/dose,Inhalation,745678,Bronchodilator,RxNorm terminology reference / synthetic mapping,0.92,Normalized,Salbutemol 100 mcg/dose,Synthetic test record. Prescription remains the source of truth; normalization does not authorize medication use.
MED000535,Telmisartn,Telmisartan,Telmisartan,Telmisartan 40 mg Tablet,Telmisartan; Telmisartan,Tablet,40 mg,Oral,309410,Antihypertensive,RxNorm terminology reference / synthetic mapping,0.96,Normalized,Telmisartn 40 mg,Synthetic test record. Prescription remains the source of truth; normalization does not authorize medication use.
MED000536,Paraceta mol,Paracetamol,Acetaminophen,Acetaminophen 500 mg Tablet,Paracetamol; Acetaminophen,Tablet,500 mg,Oral,161,Analgesic / Antipyretic,RxNorm terminology reference / synthetic mapping,0.95,Normalized,Paraceta mol 500 mg,Synthetic test record. Prescription remains the source of truth; normalization does not authorize medication use.
MED000537,Aspirn,Aspirin,Acetylsalicylic Acid,Acetylsalicylic Acid 75 mg Tablet,Aspirin; Acetylsalicylic Acid,Tablet,75 mg,Oral,1191,Antiplatelet,RxNorm terminology reference / synthetic mapping,0.96,Normalized,Aspirn 75 mg,Synthetic test record. Prescription remains the source of truth; normalization does not authorize medication use.
MED000538,Pantoprazol,Pantoprazole,Pantoprazole,Pantoprazole 40 mg Tablet,Pantoprazole; Pantoprazole,Tablet,40 mg,Oral,861667,Proton pump inhibitor,RxNorm terminology reference / synthetic mapping,0.93,Normalized,Pantoprazol 40 mg,Synthetic test record. Prescription remains the source of truth; normalization does not authorize medication use.
MED000539,Ibuprof en,Ibuprofen,Ibuprofen,Ibuprofen 400 mg Tablet,Ibuprofen; Ibuprofen,Tablet,400 mg,Oral,310965,NSAID,RxNorm terminology reference / synthetic mapping,0.96,Normalized,Ibuprof en 400 mg,Synthetic test record. Prescription remains the source of truth; normalization does not authorize medication use.
MED000540,Diclofenac,Diclofenac,Diclofenac,Diclofenac 50 mg Tablet,Diclofenac; Diclofenac,Tablet,50 mg,Oral,308135,NSAID,RxNorm terminology reference / synthetic mapping,0.95,Already normalized,Diclofenac 50 mg,Synthetic test record. Prescription remains the source of truth; normalization does not authorize medication use.
MED000541,Pantoprazole,Pantoprazole,Pantoprazole,Pantoprazole 40 mg Tablet,Pantoprazole; Pantoprazole,Tablet,40 mg,Oral,861667,Proton pump inhibitor,RxNorm terminology reference / synthetic mapping,0.91,Already normalized,Pantoprazole 40 mg,Synthetic test record. Prescription remains the source of truth; normalization does not authorize medication use.
MED000542,Telmisartam,Telmisartan,Telmisartan,Telmisartan 40 mg Tablet,Telmisartan; Telmisartan,Tablet,40 mg,Oral,309410,Antihypertensive,RxNorm terminology reference / synthetic mapping,0.98,Normalized,Telmisartam 40 mg,Synthetic test record. Prescription remains the source of truth; normalization does not authorize medication use.
MED000543,Montelukast,Montelukast,Montelukast,Montelukast 10 mg Tablet,Montelukast; Montelukast,Tablet,10 mg,Oral,1018502,Leukotriene receptor antagonist,RxNorm terminology reference / synthetic mapping,0.92,Already normalized,Montelukast 10 mg,Synthetic test record. Prescription remains the source of truth; normalization does not authorize medication use.
MED000544,Furosimide,Furosemide,Furosemide,Furosemide 40 mg Tablet,Furosemide; Furosemide,Tablet,40 mg,Oral,310429,Diuretic,RxNorm terminology reference / synthetic mapping,0.96,Normalized,Furosimide 40 mg,Synthetic test record. Prescription remains the source of truth; normalization does not authorize medication use.
MED000545,Budesonid,Budesonide,Budesonide,Budesonide 200 mcg/dose Inhaler,Budesonide; Budesonide,Inhaler,200 mcg/dose,Inhalation,745678,Corticosteroid,RxNorm terminology reference / synthetic mapping,0.9,Normalized,Budesonid 200 mcg/dose,Synthetic test record. Prescription remains the source of truth; normalization does not authorize medication use.
MED000546,Doxycyclin,Doxycycline,Doxycycline,Doxycycline 100 mg Capsule,Doxycycline; Doxycycline,Capsule,100 mg,Oral,3640,Antibiotic,RxNorm terminology reference / synthetic mapping,0.94,Normalized,Doxycyclin 100 mg,Synthetic test record. Prescription remains the source of truth; normalization does not authorize medication use.
MED000547,Diclofenac,Diclofenac,Diclofenac,Diclofenac 50 mg Tablet,Diclofenac; Diclofenac,Tablet,50 mg,Oral,308135,NSAID,RxNorm terminology reference / synthetic mapping,0.91,Already normalized,Diclofenac 50 mg,Synthetic test record. Prescription remains the source of truth; normalization does not authorize medication use.
MED000548,Cetirizine,Cetirizine,Cetirizine,Cetirizine 10 mg Tablet,Cetirizine; Cetirizine,Tablet,10 mg,Oral,1014676,Antihistamine,RxNorm terminology reference / synthetic mapping,0.96,Already normalized,Cetirizine 10 mg,Synthetic test record. Prescription remains the source of truth; normalization does not authorize medication use.
MED000549,Montelukast,Montelukast,Montelukast,Montelukast 10 mg Tablet,Montelukast; Montelukast,Tablet,10 mg,Oral,1018502,Leukotriene receptor antagonist,RxNorm terminology reference / synthetic mapping,0.97,Already normalized,Montelukast 10 mg,Synthetic test record. Prescription remains the source of truth; normalization does not authorize medication use.
MED000550,Telmisartan,Telmisartan,Telmisartan,Telmisartan 40 mg Tablet,Telmisartan; Telmisartan,Tablet,40 mg,Oral,309410,Antihypertensive,RxNorm terminology reference / synthetic mapping,0.92,Already normalized,Telmisartan 40 mg,Synthetic test record. Prescription remains the source of truth; normalization does not authorize medication use.
MED000551,Ondansetron,Ondansetron,Ondansetron,Ondansetron 4 mg Tablet,Ondansetron; Ondansetron,Tablet,4 mg,Oral,312157,Antiemetic,RxNorm terminology reference / synthetic mapping,0.93,Already normalized,Ondansetron 4 mg,Synthetic test record. Prescription remains the source of truth; normalization does not authorize medication use.
MED000552,Azithromicin,Azithromycin,Azithromycin,Azithromycin 500 mg Tablet,Azithromycin; Azithromycin,Tablet,500 mg,Oral,18631,Antibiotic,RxNorm terminology reference / synthetic mapping,0.98,Normalized,Azithromicin 500 mg,Synthetic test record. Prescription remains the source of truth; normalization does not authorize medication use.
MED000553,Budesonid,Budesonide,Budesonide,Budesonide 200 mcg/dose Inhaler,Budesonide; Budesonide,Inhaler,200 mcg/dose,Inhalation,745678,Corticosteroid,RxNorm terminology reference / synthetic mapping,0.96,Normalized,Budesonid 200 mcg/dose,Synthetic test record. Prescription remains the source of truth; normalization does not authorize medication use.
MED000554,Ondansatron,Ondansetron,Ondansetron,Ondansetron 4 mg Tablet,Ondansetron; Ondansetron,Tablet,4 mg,Oral,312157,Antiemetic,RxNorm terminology reference / synthetic mapping,0.94,Normalized,Ondansatron 4 mg,Synthetic test record. Prescription remains the source of truth; normalization does not authorize medication use.
MED000555,Atorvastin,Atorvastatin,Atorvastatin,Atorvastatin 20 mg Tablet,Atorvastatin; Atorvastatin,Tablet,20 mg,Oral,617314,Lipid-lowering agent,RxNorm terminology reference / synthetic mapping,0.92,Normalized,Atorvastin 20 mg,Synthetic test record. Prescription remains the source of truth; normalization does not authorize medication use.
MED000556,Montelukast,Montelukast,Montelukast,Montelukast 10 mg Tablet,Montelukast; Montelukast,Tablet,10 mg,Oral,1018502,Leukotriene receptor antagonist,RxNorm terminology reference / synthetic mapping,0.96,Already normalized,Montelukast 10 mg,Synthetic test record. Prescription remains the source of truth; normalization does not authorize medication use.
MED000557,Cetirizne,Cetirizine,Cetirizine,Cetirizine 10 mg Tablet,Cetirizine; Cetirizine,Tablet,10 mg,Oral,1014676,Antihistamine,RxNorm terminology reference / synthetic mapping,0.96,Normalized,Cetirizne 10 mg,Synthetic test record. Prescription remains the source of truth; normalization does not authorize medication use.
MED000558,Amlodipinee,Amlodipine,Amlodipine,Amlodipine 5 mg Tablet,Amlodipine; Amlodipine,Tablet,5 mg,Oral,308135,Antihypertensive,RxNorm terminology reference / synthetic mapping,0.98,Normalized,Amlodipinee 5 mg,Synthetic test record. Prescription remains the source of truth; normalization does not authorize medication use.
MED000559,Warfain,Warfarin,Warfarin,Warfarin 5 mg Tablet,Warfarin; Warfarin,Tablet,5 mg,Oral,855333,Anticoagulant,RxNorm terminology reference / synthetic mapping,0.97,Normalized,Warfain 5 mg,Synthetic test record. Prescription remains the source of truth; normalization does not authorize medication use.
MED000560,Amlodipne,Amlodipine,Amlodipine,Amlodipine 5 mg Tablet,Amlodipine; Amlodipine,Tablet,5 mg,Oral,308135,Antihypertensive,RxNorm terminology reference / synthetic mapping,0.93,Normalized,Amlodipne 5 mg,Synthetic test record. Prescription remains the source of truth; normalization does not authorize medication use.
MED000561,Salbutemol,Salbutamol,Salbutamol,Salbutamol 100 mcg/dose Inhaler,Salbutamol; Salbutamol,Inhaler,100 mcg/dose,Inhalation,745678,Bronchodilator,RxNorm terminology reference / synthetic mapping,0.99,Normalized,Salbutemol 100 mcg/dose,Synthetic test record. Prescription remains the source of truth; normalization does not authorize medication use.
MED000562,Clopidogrel,Clopidogrel,Clopidogrel,Clopidogrel 75 mg Tablet,Clopidogrel; Clopidogrel,Tablet,75 mg,Oral,309362,Antiplatelet,RxNorm terminology reference / synthetic mapping,0.95,Already normalized,Clopidogrel 75 mg,Synthetic test record. Prescription remains the source of truth; normalization does not authorize medication use.
MED000563,Ciprofloxin,Ciprofloxacin,Ciprofloxacin,Ciprofloxacin 500 mg Tablet,Ciprofloxacin; Ciprofloxacin,Tablet,500 mg,Oral,2551,Antibiotic,RxNorm terminology reference / synthetic mapping,0.97,Normalized,Ciprofloxin 500 mg,Synthetic test record. Prescription remains the source of truth; normalization does not authorize medication use.
MED000564,Famotidne,Famotidine,Famotidine,Famotidine 20 mg Tablet,Famotidine; Famotidine,Tablet,20 mg,Oral,966770,H2 receptor antagonist,RxNorm terminology reference / synthetic mapping,0.99,Normalized,Famotidne 20 mg,Synthetic test record. Prescription remains the source of truth; normalization does not authorize medication use.
MED000565,Glimepride,Glimepiride,Glimepiride,Glimepiride 2 mg Tablet,Glimepiride; Glimepiride,Tablet,2 mg,Oral,861713,Antidiabetic,RxNorm terminology reference / synthetic mapping,0.98,Normalized,Glimepride 2 mg,Synthetic test record. Prescription remains the source of truth; normalization does not authorize medication use.
MED000566,Aspirin,Aspirin,Acetylsalicylic Acid,Acetylsalicylic Acid 75 mg Tablet,Aspirin; Acetylsalicylic Acid,Tablet,75 mg,Oral,1191,Antiplatelet,RxNorm terminology reference / synthetic mapping,0.93,Already normalized,Aspirin 75 mg,Synthetic test record. Prescription remains the source of truth; normalization does not authorize medication use.
MED000567,Pantaprazole,Pantoprazole,Pantoprazole,Pantoprazole 40 mg Tablet,Pantoprazole; Pantoprazole,Tablet,40 mg,Oral,861667,Proton pump inhibitor,RxNorm terminology reference / synthetic mapping,0.92,Normalized,Pantaprazole 40 mg,Synthetic test record. Prescription remains the source of truth; normalization does not authorize medication use.
MED000568,Ibuprofen,Ibuprofen,Ibuprofen,Ibuprofen 400 mg Tablet,Ibuprofen; Ibuprofen,Tablet,400 mg,Oral,310965,NSAID,RxNorm terminology reference / synthetic mapping,0.97,Already normalized,Ibuprofen 400 mg,Synthetic test record. Prescription remains the source of truth; normalization does not authorize medication use.
MED000569,Pantaprazole,Pantoprazole,Pantoprazole,Pantoprazole 40 mg Tablet,Pantoprazole; Pantoprazole,Tablet,40 mg,Oral,861667,Proton pump inhibitor,RxNorm terminology reference / synthetic mapping,0.9,Normalized,Pantaprazole 40 mg,Synthetic test record. Prescription remains the source of truth; normalization does not authorize medication use.
MED000570,Aspirin,Aspirin,Acetylsalicylic Acid,Acetylsalicylic Acid 75 mg Tablet,Aspirin; Acetylsalicylic Acid,Tablet,75 mg,Oral,1191,Antiplatelet,RxNorm terminology reference / synthetic mapping,0.96,Already normalized,Aspirin 75 mg,Synthetic test record. Prescription remains the source of truth; normalization does not authorize medication use.
MED000571,Levothyroxin,Levothyroxine,Levothyroxine,Levothyroxine 50 mcg Tablet,Levothyroxine; Levothyroxine,Tablet,50 mcg,Oral,966220,Thyroid hormone,RxNorm terminology reference / synthetic mapping,0.9,Normalized,Levothyroxin 50 mcg,Synthetic test record. Prescription remains the source of truth; normalization does not authorize medication use.
MED000572,Ondansetrone,Ondansetron,Ondansetron,Ondansetron 4 mg Tablet,Ondansetron; Ondansetron,Tablet,4 mg,Oral,312157,Antiemetic,RxNorm terminology reference / synthetic mapping,0.94,Normalized,Ondansetrone 4 mg,Synthetic test record. Prescription remains the source of truth; normalization does not authorize medication use.
MED000573,Atorvastain,Atorvastatin,Atorvastatin,Atorvastatin 20 mg Tablet,Atorvastatin; Atorvastatin,Tablet,20 mg,Oral,617314,Lipid-lowering agent,RxNorm terminology reference / synthetic mapping,0.97,Normalized,Atorvastain 20 mg,Synthetic test record. Prescription remains the source of truth; normalization does not authorize medication use.
MED000574,Glimepiride,Glimepiride,Glimepiride,Glimepiride 2 mg Tablet,Glimepiride; Glimepiride,Tablet,2 mg,Oral,861713,Antidiabetic,RxNorm terminology reference / synthetic mapping,0.98,Already normalized,Glimepiride 2 mg,Synthetic test record. Prescription remains the source of truth; normalization does not authorize medication use.
MED000575,Famotidine,Famotidine,Famotidine,Famotidine 20 mg Tablet,Famotidine; Famotidine,Tablet,20 mg,Oral,966770,H2 receptor antagonist,RxNorm terminology reference / synthetic mapping,0.91,Already normalized,Famotidine 20 mg,Synthetic test record. Prescription remains the source of truth; normalization does not authorize medication use.
MED000576,Ibuprofin,Ibuprofen,Ibuprofen,Ibuprofen 400 mg Tablet,Ibuprofen; Ibuprofen,Tablet,400 mg,Oral,310965,NSAID,RxNorm terminology reference / synthetic mapping,0.98,Normalized,Ibuprofin 400 mg,Synthetic test record. Prescription remains the source of truth; normalization does not authorize medication use.
MED000577,Azithromycin,Azithromycin,Azithromycin,Azithromycin 500 mg Tablet,Azithromycin; Azithromycin,Tablet,500 mg,Oral,18631,Antibiotic,RxNorm terminology reference / synthetic mapping,0.92,Already normalized,Azithromycin 500 mg,Synthetic test record. Prescription remains the source of truth; normalization does not authorize medication use.
MED000578,Glimepride,Glimepiride,Glimepiride,Glimepiride 2 mg Tablet,Glimepiride; Glimepiride,Tablet,2 mg,Oral,861713,Antidiabetic,RxNorm terminology reference / synthetic mapping,0.99,Normalized,Glimepride 2 mg,Synthetic test record. Prescription remains the source of truth; normalization does not authorize medication use.
MED000579,Clopidogrel,Clopidogrel,Clopidogrel,Clopidogrel 75 mg Tablet,Clopidogrel; Clopidogrel,Tablet,75 mg,Oral,309362,Antiplatelet,RxNorm terminology reference / synthetic mapping,0.92,Already normalized,Clopidogrel 75 mg,Synthetic test record. Prescription remains the source of truth; normalization does not authorize medication use.
MED000580,Omeprazloe,Omeprazole,Omeprazole,Omeprazole 20 mg Capsule,Omeprazole; Omeprazole,Capsule,20 mg,Oral,647640,Proton pump inhibitor,RxNorm terminology reference / synthetic mapping,0.92,Normalized,Omeprazloe 20 mg,Synthetic test record. Prescription remains the source of truth; normalization does not authorize medication use.
MED000581,Domperidone,Domperidone,Domperidone,Domperidone 10 mg Tablet,Domperidone; Domperidone,Tablet,10 mg,Oral,897626,Gastroprokinetic,RxNorm terminology reference / synthetic mapping,0.96,Already normalized,Domperidone 10 mg,Synthetic test record. Prescription remains the source of truth; normalization does not authorize medication use.
MED000582,Clopidogrel,Clopidogrel,Clopidogrel,Clopidogrel 75 mg Tablet,Clopidogrel; Clopidogrel,Tablet,75 mg,Oral,309362,Antiplatelet,RxNorm terminology reference / synthetic mapping,0.97,Already normalized,Clopidogrel 75 mg,Synthetic test record. Prescription remains the source of truth; normalization does not authorize medication use.
MED000583,Pantoprazol,Pantoprazole,Pantoprazole,Pantoprazole 40 mg Tablet,Pantoprazole; Pantoprazole,Tablet,40 mg,Oral,861667,Proton pump inhibitor,RxNorm terminology reference / synthetic mapping,0.94,Normalized,Pantoprazol 40 mg,Synthetic test record. Prescription remains the source of truth; normalization does not authorize medication use.
MED000584,Atorvastatin,Atorvastatin,Atorvastatin,Atorvastatin 20 mg Tablet,Atorvastatin; Atorvastatin,Tablet,20 mg,Oral,617314,Lipid-lowering agent,RxNorm terminology reference / synthetic mapping,0.91,Already normalized,Atorvastatin 20 mg,Synthetic test record. Prescription remains the source of truth; normalization does not authorize medication use.
MED000585,Insulin Glargine,Insulin Glargine,Insulin Glargine,Insulin Glargine 100 units/mL Injection,Insulin Glargine; Insulin Glargine,Injection,100 units/mL,Subcutaneous,261551,Insulin,RxNorm terminology reference / synthetic mapping,0.94,Already normalized,Insulin Glargine 100 units/mL,Synthetic test record. Prescription remains the source of truth; normalization does not authorize medication use.
MED000586,Famotidin,Famotidine,Famotidine,Famotidine 20 mg Tablet,Famotidine; Famotidine,Tablet,20 mg,Oral,966770,H2 receptor antagonist,RxNorm terminology reference / synthetic mapping,0.91,Normalized,Famotidin 20 mg,Synthetic test record. Prescription remains the source of truth; normalization does not authorize medication use.
MED000587,Ibuprofen,Ibuprofen,Ibuprofen,Ibuprofen 400 mg Tablet,Ibuprofen; Ibuprofen,Tablet,400 mg,Oral,310965,NSAID,RxNorm terminology reference / synthetic mapping,0.98,Already normalized,Ibuprofen 400 mg,Synthetic test record. Prescription remains the source of truth; normalization does not authorize medication use.
MED000588,Ibuprofen,Ibuprofen,Ibuprofen,Ibuprofen 400 mg Tablet,Ibuprofen; Ibuprofen,Tablet,400 mg,Oral,310965,NSAID,RxNorm terminology reference / synthetic mapping,0.98,Already normalized,Ibuprofen 400 mg,Synthetic test record. Prescription remains the source of truth; normalization does not authorize medication use.
MED000589,Warfarine,Warfarin,Warfarin,Warfarin 5 mg Tablet,Warfarin; Warfarin,Tablet,5 mg,Oral,855333,Anticoagulant,RxNorm terminology reference / synthetic mapping,0.97,Normalized,Warfarine 5 mg,Synthetic test record. Prescription remains the source of truth; normalization does not authorize medication use.
MED000590,Telmisartan,Telmisartan,Telmisartan,Telmisartan 40 mg Tablet,Telmisartan; Telmisartan,Tablet,40 mg,Oral,309410,Antihypertensive,RxNorm terminology reference / synthetic mapping,0.91,Already normalized,Telmisartan 40 mg,Synthetic test record. Prescription remains the source of truth; normalization does not authorize medication use.
MED000591,Amlodpine,Amlodipine,Amlodipine,Amlodipine 5 mg Tablet,Amlodipine; Amlodipine,Tablet,5 mg,Oral,308135,Antihypertensive,RxNorm terminology reference / synthetic mapping,0.97,Normalized,Amlodpine 5 mg,Synthetic test record. Prescription remains the source of truth; normalization does not authorize medication use.
MED000592,Azithromycin,Azithromycin,Azithromycin,Azithromycin 500 mg Tablet,Azithromycin; Azithromycin,Tablet,500 mg,Oral,18631,Antibiotic,RxNorm terminology reference / synthetic mapping,0.91,Already normalized,Azithromycin 500 mg,Synthetic test record. Prescription remains the source of truth; normalization does not authorize medication use.
MED000593,Omeprazol,Omeprazole,Omeprazole,Omeprazole 20 mg Capsule,Omeprazole; Omeprazole,Capsule,20 mg,Oral,647640,Proton pump inhibitor,RxNorm terminology reference / synthetic mapping,0.91,Normalized,Omeprazol 20 mg,Synthetic test record. Prescription remains the source of truth; normalization does not authorize medication use.
MED000594,Aspirin,Aspirin,Acetylsalicylic Acid,Acetylsalicylic Acid 75 mg Tablet,Aspirin; Acetylsalicylic Acid,Tablet,75 mg,Oral,1191,Antiplatelet,RxNorm terminology reference / synthetic mapping,0.95,Already normalized,Aspirin 75 mg,Synthetic test record. Prescription remains the source of truth; normalization does not authorize medication use.
MED000595,Amlodipine,Amlodipine,Amlodipine,Amlodipine 5 mg Tablet,Amlodipine; Amlodipine,Tablet,5 mg,Oral,308135,Antihypertensive,RxNorm terminology reference / synthetic mapping,0.96,Already normalized,Amlodipine 5 mg,Synthetic test record. Prescription remains the source of truth; normalization does not authorize medication use.
MED000596,Budesonied,Budesonide,Budesonide,Budesonide 200 mcg/dose Inhaler,Budesonide; Budesonide,Inhaler,200 mcg/dose,Inhalation,745678,Corticosteroid,RxNorm terminology reference / synthetic mapping,0.92,Normalized,Budesonied 200 mcg/dose,Synthetic test record. Prescription remains the source of truth; normalization does not authorize medication use.
MED000597,Domperidn,Domperidone,Domperidone,Domperidone 10 mg Tablet,Domperidone; Domperidone,Tablet,10 mg,Oral,897626,Gastroprokinetic,RxNorm terminology reference / synthetic mapping,0.97,Normalized,Domperidn 10 mg,Synthetic test record. Prescription remains the source of truth; normalization does not authorize medication use.
MED000598,Salbutamol,Salbutamol,Salbutamol,Salbutamol 100 mcg/dose Inhaler,Salbutamol; Salbutamol,Inhaler,100 mcg/dose,Inhalation,745678,Bronchodilator,RxNorm terminology reference / synthetic mapping,0.91,Already normalized,Salbutamol 100 mcg/dose,Synthetic test record. Prescription remains the source of truth; normalization does not authorize medication use.
MED000599,Levothyroxine,Levothyroxine,Levothyroxine,Levothyroxine 50 mcg Tablet,Levothyroxine; Levothyroxine,Tablet,50 mcg,Oral,966220,Thyroid hormone,RxNorm terminology reference / synthetic mapping,0.9,Already normalized,Levothyroxine 50 mcg,Synthetic test record. Prescription remains the source of truth; normalization does not authorize medication use.
MED000600,Ondansatron,Ondansetron,Ondansetron,Ondansetron 4 mg Tablet,Ondansetron; Ondansetron,Tablet,4 mg,Oral,312157,Antiemetic,RxNorm terminology reference / synthetic mapping,0.94,Normalized,Ondansatron 4 mg,Synthetic test record. Prescription remains the source of truth; normalization does not authorize medication use.
MED000601,Budesonied,Budesonide,Budesonide,Budesonide 200 mcg/dose Inhaler,Budesonide; Budesonide,Inhaler,200 mcg/dose,Inhalation,745678,Corticosteroid,RxNorm terminology reference / synthetic mapping,0.95,Normalized,Budesonied 200 mcg/dose,Synthetic test record. Prescription remains the source of truth; normalization does not authorize medication use.
MED000602,Aspirin,Aspirin,Acetylsalicylic Acid,Acetylsalicylic Acid 75 mg Tablet,Aspirin; Acetylsalicylic Acid,Tablet,75 mg,Oral,1191,Antiplatelet,RxNorm terminology reference / synthetic mapping,0.91,Already normalized,Aspirin 75 mg,Synthetic test record. Prescription remains the source of truth; normalization does not authorize medication use.
MED000603,Diclofenac,Diclofenac,Diclofenac,Diclofenac 50 mg Tablet,Diclofenac; Diclofenac,Tablet,50 mg,Oral,308135,NSAID,RxNorm terminology reference / synthetic mapping,0.97,Already normalized,Diclofenac 50 mg,Synthetic test record. Prescription remains the source of truth; normalization does not authorize medication use.
MED000604,Aspirine,Aspirin,Acetylsalicylic Acid,Acetylsalicylic Acid 75 mg Tablet,Aspirin; Acetylsalicylic Acid,Tablet,75 mg,Oral,1191,Antiplatelet,RxNorm terminology reference / synthetic mapping,0.95,Normalized,Aspirine 75 mg,Synthetic test record. Prescription remains the source of truth; normalization does not authorize medication use.
MED000605,Levothyroxine,Levothyroxine,Levothyroxine,Levothyroxine 50 mcg Tablet,Levothyroxine; Levothyroxine,Tablet,50 mcg,Oral,966220,Thyroid hormone,RxNorm terminology reference / synthetic mapping,0.94,Already normalized,Levothyroxine 50 mcg,Synthetic test record. Prescription remains the source of truth; normalization does not authorize medication use.
MED000606,Ciprofloxacine,Ciprofloxacin,Ciprofloxacin,Ciprofloxacin 500 mg Tablet,Ciprofloxacin; Ciprofloxacin,Tablet,500 mg,Oral,2551,Antibiotic,RxNorm terminology reference / synthetic mapping,0.93,Normalized,Ciprofloxacine 500 mg,Synthetic test record. Prescription remains the source of truth; normalization does not authorize medication use.
MED000607,Budesonide,Budesonide,Budesonide,Budesonide 200 mcg/dose Inhaler,Budesonide; Budesonide,Inhaler,200 mcg/dose,Inhalation,745678,Corticosteroid,RxNorm terminology reference / synthetic mapping,0.95,Already normalized,Budesonide 200 mcg/dose,Synthetic test record. Prescription remains the source of truth; normalization does not authorize medication use.
MED000608,Montelukast,Montelukast,Montelukast,Montelukast 10 mg Tablet,Montelukast; Montelukast,Tablet,10 mg,Oral,1018502,Leukotriene receptor antagonist,RxNorm terminology reference / synthetic mapping,0.97,Already normalized,Montelukast 10 mg,Synthetic test record. Prescription remains the source of truth; normalization does not authorize medication use.
MED000609,Amlodpine,Amlodipine,Amlodipine,Amlodipine 5 mg Tablet,Amlodipine; Amlodipine,Tablet,5 mg,Oral,308135,Antihypertensive,RxNorm terminology reference / synthetic mapping,0.98,Normalized,Amlodpine 5 mg,Synthetic test record. Prescription remains the source of truth; normalization does not authorize medication use.
MED000610,Amoxicilin,Amoxicillin,Amoxicillin,Amoxicillin 500 mg Capsule,Amoxicillin; Amoxicillin,Capsule,500 mg,Oral,723,Antibiotic,RxNorm terminology reference / synthetic mapping,0.96,Normalized,Amoxicilin 500 mg,Synthetic test record. Prescription remains the source of truth; normalization does not authorize medication use.
MED000611,Cetrizine,Cetirizine,Cetirizine,Cetirizine 10 mg Tablet,Cetirizine; Cetirizine,Tablet,10 mg,Oral,1014676,Antihistamine,RxNorm terminology reference / synthetic mapping,0.95,Normalized,Cetrizine 10 mg,Synthetic test record. Prescription remains the source of truth; normalization does not authorize medication use.
MED000612,Paracetamol,Paracetamol,Acetaminophen,Acetaminophen 500 mg Tablet,Paracetamol; Acetaminophen,Tablet,500 mg,Oral,161,Analgesic / Antipyretic,RxNorm terminology reference / synthetic mapping,0.97,Already normalized,Paracetamol 500 mg,Synthetic test record. Prescription remains the source of truth; normalization does not authorize medication use.
MED000613,Amoxycillin,Amoxicillin,Amoxicillin,Amoxicillin 500 mg Capsule,Amoxicillin; Amoxicillin,Capsule,500 mg,Oral,723,Antibiotic,RxNorm terminology reference / synthetic mapping,0.95,Normalized,Amoxycillin 500 mg,Synthetic test record. Prescription remains the source of truth; normalization does not authorize medication use.
MED000614,Diclofenec,Diclofenac,Diclofenac,Diclofenac 50 mg Tablet,Diclofenac; Diclofenac,Tablet,50 mg,Oral,308135,NSAID,RxNorm terminology reference / synthetic mapping,0.91,Normalized,Diclofenec 50 mg,Synthetic test record. Prescription remains the source of truth; normalization does not authorize medication use.
MED000615,Azithromycine,Azithromycin,Azithromycin,Azithromycin 500 mg Tablet,Azithromycin; Azithromycin,Tablet,500 mg,Oral,18631,Antibiotic,RxNorm terminology reference / synthetic mapping,0.93,Normalized,Azithromycine 500 mg,Synthetic test record. Prescription remains the source of truth; normalization does not authorize medication use.
MED000616,Cetirizine,Cetirizine,Cetirizine,Cetirizine 10 mg Tablet,Cetirizine; Cetirizine,Tablet,10 mg,Oral,1014676,Antihistamine,RxNorm terminology reference / synthetic mapping,0.92,Already normalized,Cetirizine 10 mg,Synthetic test record. Prescription remains the source of truth; normalization does not authorize medication use.
MED000617,Furosemid,Furosemide,Furosemide,Furosemide 40 mg Tablet,Furosemide; Furosemide,Tablet,40 mg,Oral,310429,Diuretic,RxNorm terminology reference / synthetic mapping,0.96,Normalized,Furosemid 40 mg,Synthetic test record. Prescription remains the source of truth; normalization does not authorize medication use.
MED000618,Glimepride,Glimepiride,Glimepiride,Glimepiride 2 mg Tablet,Glimepiride; Glimepiride,Tablet,2 mg,Oral,861713,Antidiabetic,RxNorm terminology reference / synthetic mapping,0.99,Normalized,Glimepride 2 mg,Synthetic test record. Prescription remains the source of truth; normalization does not authorize medication use.
MED000619,Losartn,Losartan,Losartan,Losartan 50 mg Tablet,Losartan; Losartan,Tablet,50 mg,Oral,979118,Antihypertensive,RxNorm terminology reference / synthetic mapping,0.97,Normalized,Losartn 50 mg,Synthetic test record. Prescription remains the source of truth; normalization does not authorize medication use.
MED000620,Clopidgrel,Clopidogrel,Clopidogrel,Clopidogrel 75 mg Tablet,Clopidogrel; Clopidogrel,Tablet,75 mg,Oral,309362,Antiplatelet,RxNorm terminology reference / synthetic mapping,0.95,Normalized,Clopidgrel 75 mg,Synthetic test record. Prescription remains the source of truth; normalization does not authorize medication use.
MED000621,Ciprofloxin,Ciprofloxacin,Ciprofloxacin,Ciprofloxacin 500 mg Tablet,Ciprofloxacin; Ciprofloxacin,Tablet,500 mg,Oral,2551,Antibiotic,RxNorm terminology reference / synthetic mapping,0.91,Normalized,Ciprofloxin 500 mg,Synthetic test record. Prescription remains the source of truth; normalization does not authorize medication use.
MED000622,Clopidgrel,Clopidogrel,Clopidogrel,Clopidogrel 75 mg Tablet,Clopidogrel; Clopidogrel,Tablet,75 mg,Oral,309362,Antiplatelet,RxNorm terminology reference / synthetic mapping,0.94,Normalized,Clopidgrel 75 mg,Synthetic test record. Prescription remains the source of truth; normalization does not authorize medication use.
MED000623,Atorvastatin,Atorvastatin,Atorvastatin,Atorvastatin 20 mg Tablet,Atorvastatin; Atorvastatin,Tablet,20 mg,Oral,617314,Lipid-lowering agent,RxNorm terminology reference / synthetic mapping,0.97,Already normalized,Atorvastatin 20 mg,Synthetic test record. Prescription remains the source of truth; normalization does not authorize medication use.
MED000624,Furosemide,Furosemide,Furosemide,Furosemide 40 mg Tablet,Furosemide; Furosemide,Tablet,40 mg,Oral,310429,Diuretic,RxNorm terminology reference / synthetic mapping,0.99,Already normalized,Furosemide 40 mg,Synthetic test record. Prescription remains the source of truth; normalization does not authorize medication use.
MED000625,Prednisolon,Prednisolone,Prednisolone,Prednisolone 10 mg Tablet,Prednisolone; Prednisolone,Tablet,10 mg,Oral,1168002,Corticosteroid,RxNorm terminology reference / synthetic mapping,0.98,Normalized,Prednisolon 10 mg,Synthetic test record. Prescription remains the source of truth; normalization does not authorize medication use.
MED000626,Ibuprophen,Ibuprofen,Ibuprofen,Ibuprofen 400 mg Tablet,Ibuprofen; Ibuprofen,Tablet,400 mg,Oral,310965,NSAID,RxNorm terminology reference / synthetic mapping,0.94,Normalized,Ibuprophen 400 mg,Synthetic test record. Prescription remains the source of truth; normalization does not authorize medication use.
MED000627,Insulin Glargine,Insulin Glargine,Insulin Glargine,Insulin Glargine 100 units/mL Injection,Insulin Glargine; Insulin Glargine,Injection,100 units/mL,Subcutaneous,261551,Insulin,RxNorm terminology reference / synthetic mapping,0.92,Already normalized,Insulin Glargine 100 units/mL,Synthetic test record. Prescription remains the source of truth; normalization does not authorize medication use.
MED000628,Amoxycillin,Amoxicillin,Amoxicillin,Amoxicillin 500 mg Capsule,Amoxicillin; Amoxicillin,Capsule,500 mg,Oral,723,Antibiotic,RxNorm terminology reference / synthetic mapping,0.93,Normalized,Amoxycillin 500 mg,Synthetic test record. Prescription remains the source of truth; normalization does not authorize medication use.
MED000629,Amoxcillin,Amoxicillin,Amoxicillin,Amoxicillin 500 mg Capsule,Amoxicillin; Amoxicillin,Capsule,500 mg,Oral,723,Antibiotic,RxNorm terminology reference / synthetic mapping,0.94,Normalized,Amoxcillin 500 mg,Synthetic test record. Prescription remains the source of truth; normalization does not authorize medication use.
MED000630,Diclofinac,Diclofenac,Diclofenac,Diclofenac 50 mg Tablet,Diclofenac; Diclofenac,Tablet,50 mg,Oral,308135,NSAID,RxNorm terminology reference / synthetic mapping,0.95,Normalized,Diclofinac 50 mg,Synthetic test record. Prescription remains the source of truth; normalization does not authorize medication use.
MED000631,Cetirizne,Cetirizine,Cetirizine,Cetirizine 10 mg Tablet,Cetirizine; Cetirizine,Tablet,10 mg,Oral,1014676,Antihistamine,RxNorm terminology reference / synthetic mapping,0.98,Normalized,Cetirizne 10 mg,Synthetic test record. Prescription remains the source of truth; normalization does not authorize medication use.
MED000632,Clopidogrel,Clopidogrel,Clopidogrel,Clopidogrel 75 mg Tablet,Clopidogrel; Clopidogrel,Tablet,75 mg,Oral,309362,Antiplatelet,RxNorm terminology reference / synthetic mapping,0.94,Already normalized,Clopidogrel 75 mg,Synthetic test record. Prescription remains the source of truth; normalization does not authorize medication use.
MED000633,Warfarin,Warfarin,Warfarin,Warfarin 5 mg Tablet,Warfarin; Warfarin,Tablet,5 mg,Oral,855333,Anticoagulant,RxNorm terminology reference / synthetic mapping,0.97,Already normalized,Warfarin 5 mg,Synthetic test record. Prescription remains the source of truth; normalization does not authorize medication use.
MED000634,Cetirizinee,Cetirizine,Cetirizine,Cetirizine 10 mg Tablet,Cetirizine; Cetirizine,Tablet,10 mg,Oral,1014676,Antihistamine,RxNorm terminology reference / synthetic mapping,0.91,Normalized,Cetirizinee 10 mg,Synthetic test record. Prescription remains the source of truth; normalization does not authorize medication use.
MED000635,Famotidine,Famotidine,Famotidine,Famotidine 20 mg Tablet,Famotidine; Famotidine,Tablet,20 mg,Oral,966770,H2 receptor antagonist,RxNorm terminology reference / synthetic mapping,0.95,Already normalized,Famotidine 20 mg,Synthetic test record. Prescription remains the source of truth; normalization does not authorize medication use.
MED000636,Budesonide,Budesonide,Budesonide,Budesonide 200 mcg/dose Inhaler,Budesonide; Budesonide,Inhaler,200 mcg/dose,Inhalation,745678,Corticosteroid,RxNorm terminology reference / synthetic mapping,0.97,Already normalized,Budesonide 200 mcg/dose,Synthetic test record. Prescription remains the source of truth; normalization does not authorize medication use.
MED000637,Montelukst,Montelukast,Montelukast,Montelukast 10 mg Tablet,Montelukast; Montelukast,Tablet,10 mg,Oral,1018502,Leukotriene receptor antagonist,RxNorm terminology reference / synthetic mapping,0.92,Normalized,Montelukst 10 mg,Synthetic test record. Prescription remains the source of truth; normalization does not authorize medication use.
MED000638,Ondansetron,Ondansetron,Ondansetron,Ondansetron 4 mg Tablet,Ondansetron; Ondansetron,Tablet,4 mg,Oral,312157,Antiemetic,RxNorm terminology reference / synthetic mapping,0.96,Already normalized,Ondansetron 4 mg,Synthetic test record. Prescription remains the source of truth; normalization does not authorize medication use.
MED000639,Famotidine,Famotidine,Famotidine,Famotidine 20 mg Tablet,Famotidine; Famotidine,Tablet,20 mg,Oral,966770,H2 receptor antagonist,RxNorm terminology reference / synthetic mapping,0.9,Already normalized,Famotidine 20 mg,Synthetic test record. Prescription remains the source of truth; normalization does not authorize medication use.
MED000640,Domperidone,Domperidone,Domperidone,Domperidone 10 mg Tablet,Domperidone; Domperidone,Tablet,10 mg,Oral,897626,Gastroprokinetic,RxNorm terminology reference / synthetic mapping,0.91,Already normalized,Domperidone 10 mg,Synthetic test record. Prescription remains the source of truth; normalization does not authorize medication use.
MED000641,Amlodipne,Amlodipine,Amlodipine,Amlodipine 5 mg Tablet,Amlodipine; Amlodipine,Tablet,5 mg,Oral,308135,Antihypertensive,RxNorm terminology reference / synthetic mapping,0.98,Normalized,Amlodipne 5 mg,Synthetic test record. Prescription remains the source of truth; normalization does not authorize medication use.
MED000642,Ibuprofen,Ibuprofen,Ibuprofen,Ibuprofen 400 mg Tablet,Ibuprofen; Ibuprofen,Tablet,400 mg,Oral,310965,NSAID,RxNorm terminology reference / synthetic mapping,0.94,Already normalized,Ibuprofen 400 mg,Synthetic test record. Prescription remains the source of truth; normalization does not authorize medication use.
MED000643,Doxycycline,Doxycycline,Doxycycline,Doxycycline 100 mg Capsule,Doxycycline; Doxycycline,Capsule,100 mg,Oral,3640,Antibiotic,RxNorm terminology reference / synthetic mapping,0.9,Already normalized,Doxycycline 100 mg,Synthetic test record. Prescription remains the source of truth; normalization does not authorize medication use.
MED000644,Metoprololl,Metoprolol,Metoprolol,Metoprolol 25 mg Tablet,Metoprolol; Metoprolol,Tablet,25 mg,Oral,866924,Beta blocker,RxNorm terminology reference / synthetic mapping,0.96,Normalized,Metoprololl 25 mg,Synthetic test record. Prescription remains the source of truth; normalization does not authorize medication use.
MED000645,Doxycicline,Doxycycline,Doxycycline,Doxycycline 100 mg Capsule,Doxycycline; Doxycycline,Capsule,100 mg,Oral,3640,Antibiotic,RxNorm terminology reference / synthetic mapping,0.96,Normalized,Doxycicline 100 mg,Synthetic test record. Prescription remains the source of truth; normalization does not authorize medication use.
MED000646,Doxycyclin,Doxycycline,Doxycycline,Doxycycline 100 mg Capsule,Doxycycline; Doxycycline,Capsule,100 mg,Oral,3640,Antibiotic,RxNorm terminology reference / synthetic mapping,0.91,Normalized,Doxycyclin 100 mg,Synthetic test record. Prescription remains the source of truth; normalization does not authorize medication use.
MED000647,Omeprazole,Omeprazole,Omeprazole,Omeprazole 20 mg Capsule,Omeprazole; Omeprazole,Capsule,20 mg,Oral,647640,Proton pump inhibitor,RxNorm terminology reference / synthetic mapping,0.94,Already normalized,Omeprazole 20 mg,Synthetic test record. Prescription remains the source of truth; normalization does not authorize medication use.
MED000648,Levothyroxine,Levothyroxine,Levothyroxine,Levothyroxine 50 mcg Tablet,Levothyroxine; Levothyroxine,Tablet,50 mcg,Oral,966220,Thyroid hormone,RxNorm terminology reference / synthetic mapping,0.94,Already normalized,Levothyroxine 50 mcg,Synthetic test record. Prescription remains the source of truth; normalization does not authorize medication use.
MED000649,Metforrmin,Metformin,Metformin,Metformin 500 mg Tablet,Metformin; Metformin,Tablet,500 mg,Oral,860975,Antidiabetic,RxNorm terminology reference / synthetic mapping,0.94,Normalized,Metforrmin 500 mg,Synthetic test record. Prescription remains the source of truth; normalization does not authorize medication use.
MED000650,Famotidine,Famotidine,Famotidine,Famotidine 20 mg Tablet,Famotidine; Famotidine,Tablet,20 mg,Oral,966770,H2 receptor antagonist,RxNorm terminology reference / synthetic mapping,0.95,Already normalized,Famotidine 20 mg,Synthetic test record. Prescription remains the source of truth; normalization does not authorize medication use.
MED000651,Amlodipne,Amlodipine,Amlodipine,Amlodipine 5 mg Tablet,Amlodipine; Amlodipine,Tablet,5 mg,Oral,308135,Antihypertensive,RxNorm terminology reference / synthetic mapping,0.9,Normalized,Amlodipne 5 mg,Synthetic test record. Prescription remains the source of truth; normalization does not authorize medication use.
MED000652,Doxycyclin,Doxycycline,Doxycycline,Doxycycline 100 mg Capsule,Doxycycline; Doxycycline,Capsule,100 mg,Oral,3640,Antibiotic,RxNorm terminology reference / synthetic mapping,0.91,Normalized,Doxycyclin 100 mg,Synthetic test record. Prescription remains the source of truth; normalization does not authorize medication use.
MED000653,Famotidin,Famotidine,Famotidine,Famotidine 20 mg Tablet,Famotidine; Famotidine,Tablet,20 mg,Oral,966770,H2 receptor antagonist,RxNorm terminology reference / synthetic mapping,0.9,Normalized,Famotidin 20 mg,Synthetic test record. Prescription remains the source of truth; normalization does not authorize medication use.
MED000654,Amlodipinee,Amlodipine,Amlodipine,Amlodipine 5 mg Tablet,Amlodipine; Amlodipine,Tablet,5 mg,Oral,308135,Antihypertensive,RxNorm terminology reference / synthetic mapping,0.92,Normalized,Amlodipinee 5 mg,Synthetic test record. Prescription remains the source of truth; normalization does not authorize medication use.
MED000655,Ciprofloxacine,Ciprofloxacin,Ciprofloxacin,Ciprofloxacin 500 mg Tablet,Ciprofloxacin; Ciprofloxacin,Tablet,500 mg,Oral,2551,Antibiotic,RxNorm terminology reference / synthetic mapping,0.95,Normalized,Ciprofloxacine 500 mg,Synthetic test record. Prescription remains the source of truth; normalization does not authorize medication use.
MED000656,Ciprofloxacin,Ciprofloxacin,Ciprofloxacin,Ciprofloxacin 500 mg Tablet,Ciprofloxacin; Ciprofloxacin,Tablet,500 mg,Oral,2551,Antibiotic,RxNorm terminology reference / synthetic mapping,0.98,Already normalized,Ciprofloxacin 500 mg,Synthetic test record. Prescription remains the source of truth; normalization does not authorize medication use.
MED000657,Ciprofloxacine,Ciprofloxacin,Ciprofloxacin,Ciprofloxacin 500 mg Tablet,Ciprofloxacin; Ciprofloxacin,Tablet,500 mg,Oral,2551,Antibiotic,RxNorm terminology reference / synthetic mapping,0.92,Normalized,Ciprofloxacine 500 mg,Synthetic test record. Prescription remains the source of truth; normalization does not authorize medication use.
MED000658,Levothroxine,Levothyroxine,Levothyroxine,Levothyroxine 50 mcg Tablet,Levothyroxine; Levothyroxine,Tablet,50 mcg,Oral,966220,Thyroid hormone,RxNorm terminology reference / synthetic mapping,0.94,Normalized,Levothroxine 50 mcg,Synthetic test record. Prescription remains the source of truth; normalization does not authorize medication use.
MED000659,Cetirizne,Cetirizine,Cetirizine,Cetirizine 10 mg Tablet,Cetirizine; Cetirizine,Tablet,10 mg,Oral,1014676,Antihistamine,RxNorm terminology reference / synthetic mapping,0.9,Normalized,Cetirizne 10 mg,Synthetic test record. Prescription remains the source of truth; normalization does not authorize medication use.
MED000660,Ibuprofen,Ibuprofen,Ibuprofen,Ibuprofen 400 mg Tablet,Ibuprofen; Ibuprofen,Tablet,400 mg,Oral,310965,NSAID,RxNorm terminology reference / synthetic mapping,0.97,Already normalized,Ibuprofen 400 mg,Synthetic test record. Prescription remains the source of truth; normalization does not authorize medication use.
MED000661,Famotidine,Famotidine,Famotidine,Famotidine 20 mg Tablet,Famotidine; Famotidine,Tablet,20 mg,Oral,966770,H2 receptor antagonist,RxNorm terminology reference / synthetic mapping,0.96,Already normalized,Famotidine 20 mg,Synthetic test record. Prescription remains the source of truth; normalization does not authorize medication use.
MED000662,Telmisartn,Telmisartan,Telmisartan,Telmisartan 40 mg Tablet,Telmisartan; Telmisartan,Tablet,40 mg,Oral,309410,Antihypertensive,RxNorm terminology reference / synthetic mapping,0.96,Normalized,Telmisartn 40 mg,Synthetic test record. Prescription remains the source of truth; normalization does not authorize medication use.
MED000663,Atorvastain,Atorvastatin,Atorvastatin,Atorvastatin 20 mg Tablet,Atorvastatin; Atorvastatin,Tablet,20 mg,Oral,617314,Lipid-lowering agent,RxNorm terminology reference / synthetic mapping,0.99,Normalized,Atorvastain 20 mg,Synthetic test record. Prescription remains the source of truth; normalization does not authorize medication use.
MED000664,Glimepride,Glimepiride,Glimepiride,Glimepiride 2 mg Tablet,Glimepiride; Glimepiride,Tablet,2 mg,Oral,861713,Antidiabetic,RxNorm terminology reference / synthetic mapping,0.9,Normalized,Glimepride 2 mg,Synthetic test record. Prescription remains the source of truth; normalization does not authorize medication use.
MED000665,Metoprolol,Metoprolol,Metoprolol,Metoprolol 25 mg Tablet,Metoprolol; Metoprolol,Tablet,25 mg,Oral,866924,Beta blocker,RxNorm terminology reference / synthetic mapping,0.94,Already normalized,Metoprolol 25 mg,Synthetic test record. Prescription remains the source of truth; normalization does not authorize medication use.
MED000666,Ondansetron,Ondansetron,Ondansetron,Ondansetron 4 mg Tablet,Ondansetron; Ondansetron,Tablet,4 mg,Oral,312157,Antiemetic,RxNorm terminology reference / synthetic mapping,0.9,Already normalized,Ondansetron 4 mg,Synthetic test record. Prescription remains the source of truth; normalization does not authorize medication use.
MED000667,Domperidn,Domperidone,Domperidone,Domperidone 10 mg Tablet,Domperidone; Domperidone,Tablet,10 mg,Oral,897626,Gastroprokinetic,RxNorm terminology reference / synthetic mapping,0.98,Normalized,Domperidn 10 mg,Synthetic test record. Prescription remains the source of truth; normalization does not authorize medication use.
MED000668,Cetirizine,Cetirizine,Cetirizine,Cetirizine 10 mg Tablet,Cetirizine; Cetirizine,Tablet,10 mg,Oral,1014676,Antihistamine,RxNorm terminology reference / synthetic mapping,0.93,Already normalized,Cetirizine 10 mg,Synthetic test record. Prescription remains the source of truth; normalization does not authorize medication use.
MED000669,Omerpazole,Omeprazole,Omeprazole,Omeprazole 20 mg Capsule,Omeprazole; Omeprazole,Capsule,20 mg,Oral,647640,Proton pump inhibitor,RxNorm terminology reference / synthetic mapping,0.97,Normalized,Omerpazole 20 mg,Synthetic test record. Prescription remains the source of truth; normalization does not authorize medication use.
MED000670,Losartan,Losartan,Losartan,Losartan 50 mg Tablet,Losartan; Losartan,Tablet,50 mg,Oral,979118,Antihypertensive,RxNorm terminology reference / synthetic mapping,0.9,Already normalized,Losartan 50 mg,Synthetic test record. Prescription remains the source of truth; normalization does not authorize medication use.
MED000671,Paracetamoll,Paracetamol,Acetaminophen,Acetaminophen 500 mg Tablet,Paracetamol; Acetaminophen,Tablet,500 mg,Oral,161,Analgesic / Antipyretic,RxNorm terminology reference / synthetic mapping,0.95,Normalized,Paracetamoll 500 mg,Synthetic test record. Prescription remains the source of truth; normalization does not authorize medication use.
MED000672,Paraceta mol,Paracetamol,Acetaminophen,Acetaminophen 500 mg Tablet,Paracetamol; Acetaminophen,Tablet,500 mg,Oral,161,Analgesic / Antipyretic,RxNorm terminology reference / synthetic mapping,0.94,Normalized,Paraceta mol 500 mg,Synthetic test record. Prescription remains the source of truth; normalization does not authorize medication use.
MED000673,Telmisartan,Telmisartan,Telmisartan,Telmisartan 40 mg Tablet,Telmisartan; Telmisartan,Tablet,40 mg,Oral,309410,Antihypertensive,RxNorm terminology reference / synthetic mapping,0.93,Already normalized,Telmisartan 40 mg,Synthetic test record. Prescription remains the source of truth; normalization does not authorize medication use.
MED000674,Glimepride,Glimepiride,Glimepiride,Glimepiride 2 mg Tablet,Glimepiride; Glimepiride,Tablet,2 mg,Oral,861713,Antidiabetic,RxNorm terminology reference / synthetic mapping,0.92,Normalized,Glimepride 2 mg,Synthetic test record. Prescription remains the source of truth; normalization does not authorize medication use.
MED000675,Asprin,Aspirin,Acetylsalicylic Acid,Acetylsalicylic Acid 75 mg Tablet,Aspirin; Acetylsalicylic Acid,Tablet,75 mg,Oral,1191,Antiplatelet,RxNorm terminology reference / synthetic mapping,0.93,Normalized,Asprin 75 mg,Synthetic test record. Prescription remains the source of truth; normalization does not authorize medication use.
MED000676,Omeprazole,Omeprazole,Omeprazole,Omeprazole 20 mg Capsule,Omeprazole; Omeprazole,Capsule,20 mg,Oral,647640,Proton pump inhibitor,RxNorm terminology reference / synthetic mapping,0.96,Already normalized,Omeprazole 20 mg,Synthetic test record. Prescription remains the source of truth; normalization does not authorize medication use.
MED000677,Ibuprophen,Ibuprofen,Ibuprofen,Ibuprofen 400 mg Tablet,Ibuprofen; Ibuprofen,Tablet,400 mg,Oral,310965,NSAID,RxNorm terminology reference / synthetic mapping,0.99,Normalized,Ibuprophen 400 mg,Synthetic test record. Prescription remains the source of truth; normalization does not authorize medication use.
MED000678,Famotidine,Famotidine,Famotidine,Famotidine 20 mg Tablet,Famotidine; Famotidine,Tablet,20 mg,Oral,966770,H2 receptor antagonist,RxNorm terminology reference / synthetic mapping,0.96,Already normalized,Famotidine 20 mg,Synthetic test record. Prescription remains the source of truth; normalization does not authorize medication use.
MED000679,Telmisartam,Telmisartan,Telmisartan,Telmisartan 40 mg Tablet,Telmisartan; Telmisartan,Tablet,40 mg,Oral,309410,Antihypertensive,RxNorm terminology reference / synthetic mapping,0.96,Normalized,Telmisartam 40 mg,Synthetic test record. Prescription remains the source of truth; normalization does not authorize medication use.
MED000680,Prednisolone,Prednisolone,Prednisolone,Prednisolone 10 mg Tablet,Prednisolone; Prednisolone,Tablet,10 mg,Oral,1168002,Corticosteroid,RxNorm terminology reference / synthetic mapping,0.93,Already normalized,Prednisolone 10 mg,Synthetic test record. Prescription remains the source of truth; normalization does not authorize medication use.
MED000681,Domperidone,Domperidone,Domperidone,Domperidone 10 mg Tablet,Domperidone; Domperidone,Tablet,10 mg,Oral,897626,Gastroprokinetic,RxNorm terminology reference / synthetic mapping,0.97,Already normalized,Domperidone 10 mg,Synthetic test record. Prescription remains the source of truth; normalization does not authorize medication use.
MED000682,Salbutamoll,Salbutamol,Salbutamol,Salbutamol 100 mcg/dose Inhaler,Salbutamol; Salbutamol,Inhaler,100 mcg/dose,Inhalation,745678,Bronchodilator,RxNorm terminology reference / synthetic mapping,0.95,Normalized,Salbutamoll 100 mcg/dose,Synthetic test record. Prescription remains the source of truth; normalization does not authorize medication use.
MED000683,Furosemide,Furosemide,Furosemide,Furosemide 40 mg Tablet,Furosemide; Furosemide,Tablet,40 mg,Oral,310429,Diuretic,RxNorm terminology reference / synthetic mapping,0.96,Already normalized,Furosemide 40 mg,Synthetic test record. Prescription remains the source of truth; normalization does not authorize medication use.
MED000684,Metformine,Metformin,Metformin,Metformin 500 mg Tablet,Metformin; Metformin,Tablet,500 mg,Oral,860975,Antidiabetic,RxNorm terminology reference / synthetic mapping,0.98,Normalized,Metformine 500 mg,Synthetic test record. Prescription remains the source of truth; normalization does not authorize medication use.
MED000685,Ibuprofen,Ibuprofen,Ibuprofen,Ibuprofen 400 mg Tablet,Ibuprofen; Ibuprofen,Tablet,400 mg,Oral,310965,NSAID,RxNorm terminology reference / synthetic mapping,0.94,Already normalized,Ibuprofen 400 mg,Synthetic test record. Prescription remains the source of truth; normalization does not authorize medication use.
MED000686,Furosemide,Furosemide,Furosemide,Furosemide 40 mg Tablet,Furosemide; Furosemide,Tablet,40 mg,Oral,310429,Diuretic,RxNorm terminology reference / synthetic mapping,0.97,Already normalized,Furosemide 40 mg,Synthetic test record. Prescription remains the source of truth; normalization does not authorize medication use.
MED000687,Omeprazloe,Omeprazole,Omeprazole,Omeprazole 20 mg Capsule,Omeprazole; Omeprazole,Capsule,20 mg,Oral,647640,Proton pump inhibitor,RxNorm terminology reference / synthetic mapping,0.99,Normalized,Omeprazloe 20 mg,Synthetic test record. Prescription remains the source of truth; normalization does not authorize medication use.
MED000688,Metformin,Metformin,Metformin,Metformin 500 mg Tablet,Metformin; Metformin,Tablet,500 mg,Oral,860975,Antidiabetic,RxNorm terminology reference / synthetic mapping,0.92,Already normalized,Metformin 500 mg,Synthetic test record. Prescription remains the source of truth; normalization does not authorize medication use.
MED000689,Doxycyclin,Doxycycline,Doxycycline,Doxycycline 100 mg Capsule,Doxycycline; Doxycycline,Capsule,100 mg,Oral,3640,Antibiotic,RxNorm terminology reference / synthetic mapping,0.98,Normalized,Doxycyclin 100 mg,Synthetic test record. Prescription remains the source of truth; normalization does not authorize medication use.
MED000690,Ondansatron,Ondansetron,Ondansetron,Ondansetron 4 mg Tablet,Ondansetron; Ondansetron,Tablet,4 mg,Oral,312157,Antiemetic,RxNorm terminology reference / synthetic mapping,0.97,Normalized,Ondansatron 4 mg,Synthetic test record. Prescription remains the source of truth; normalization does not authorize medication use.
MED000691,Budesonied,Budesonide,Budesonide,Budesonide 200 mcg/dose Inhaler,Budesonide; Budesonide,Inhaler,200 mcg/dose,Inhalation,745678,Corticosteroid,RxNorm terminology reference / synthetic mapping,0.92,Normalized,Budesonied 200 mcg/dose,Synthetic test record. Prescription remains the source of truth; normalization does not authorize medication use.
MED000692,Salbutamol,Salbutamol,Salbutamol,Salbutamol 100 mcg/dose Inhaler,Salbutamol; Salbutamol,Inhaler,100 mcg/dose,Inhalation,745678,Bronchodilator,RxNorm terminology reference / synthetic mapping,0.99,Already normalized,Salbutamol 100 mcg/dose,Synthetic test record. Prescription remains the source of truth; normalization does not authorize medication use.
MED000693,Amoxillin,Amoxicillin,Amoxicillin,Amoxicillin 500 mg Capsule,Amoxicillin; Amoxicillin,Capsule,500 mg,Oral,723,Antibiotic,RxNorm terminology reference / synthetic mapping,0.97,Normalized,Amoxillin 500 mg,Synthetic test record. Prescription remains the source of truth; normalization does not authorize medication use.
MED000694,Atorvastatin,Atorvastatin,Atorvastatin,Atorvastatin 20 mg Tablet,Atorvastatin; Atorvastatin,Tablet,20 mg,Oral,617314,Lipid-lowering agent,RxNorm terminology reference / synthetic mapping,0.98,Already normalized,Atorvastatin 20 mg,Synthetic test record. Prescription remains the source of truth; normalization does not authorize medication use.
MED000695,Amlodipin,Amlodipine,Amlodipine,Amlodipine 5 mg Tablet,Amlodipine; Amlodipine,Tablet,5 mg,Oral,308135,Antihypertensive,RxNorm terminology reference / synthetic mapping,0.94,Normalized,Amlodipin 5 mg,Synthetic test record. Prescription remains the source of truth; normalization does not authorize medication use.
MED000696,Cetirizinee,Cetirizine,Cetirizine,Cetirizine 10 mg Tablet,Cetirizine; Cetirizine,Tablet,10 mg,Oral,1014676,Antihistamine,RxNorm terminology reference / synthetic mapping,0.92,Normalized,Cetirizinee 10 mg,Synthetic test record. Prescription remains the source of truth; normalization does not authorize medication use.
MED000697,Metoprolol,Metoprolol,Metoprolol,Metoprolol 25 mg Tablet,Metoprolol; Metoprolol,Tablet,25 mg,Oral,866924,Beta blocker,RxNorm terminology reference / synthetic mapping,0.99,Already normalized,Metoprolol 25 mg,Synthetic test record. Prescription remains the source of truth; normalization does not authorize medication use.
MED000698,Amoxicilin,Amoxicillin,Amoxicillin,Amoxicillin 500 mg Capsule,Amoxicillin; Amoxicillin,Capsule,500 mg,Oral,723,Antibiotic,RxNorm terminology reference / synthetic mapping,0.92,Normalized,Amoxicilin 500 mg,Synthetic test record. Prescription remains the source of truth; normalization does not authorize medication use.
MED000699,Pantaprazole,Pantoprazole,Pantoprazole,Pantoprazole 40 mg Tablet,Pantoprazole; Pantoprazole,Tablet,40 mg,Oral,861667,Proton pump inhibitor,RxNorm terminology reference / synthetic mapping,0.93,Normalized,Pantaprazole 40 mg,Synthetic test record. Prescription remains the source of truth; normalization does not authorize medication use.
MED000700,Domperidone,Domperidone,Domperidone,Domperidone 10 mg Tablet,Domperidone; Domperidone,Tablet,10 mg,Oral,897626,Gastroprokinetic,RxNorm terminology reference / synthetic mapping,0.9,Already normalized,Domperidone 10 mg,Synthetic test record. Prescription remains the source of truth; normalization does not authorize medication use.
MED000701,Famotidin,Famotidine,Famotidine,Famotidine 20 mg Tablet,Famotidine; Famotidine,Tablet,20 mg,Oral,966770,H2 receptor antagonist,RxNorm terminology reference / synthetic mapping,0.98,Normalized,Famotidin 20 mg,Synthetic test record. Prescription remains the source of truth; normalization does not authorize medication use.
MED000702,Furosimide,Furosemide,Furosemide,Furosemide 40 mg Tablet,Furosemide; Furosemide,Tablet,40 mg,Oral,310429,Diuretic,RxNorm terminology reference / synthetic mapping,0.93,Normalized,Furosimide 40 mg,Synthetic test record. Prescription remains the source of truth; normalization does not authorize medication use.
MED000703,Telmisartan,Telmisartan,Telmisartan,Telmisartan 40 mg Tablet,Telmisartan; Telmisartan,Tablet,40 mg,Oral,309410,Antihypertensive,RxNorm terminology reference / synthetic mapping,0.98,Already normalized,Telmisartan 40 mg,Synthetic test record. Prescription remains the source of truth; normalization does not authorize medication use.
MED000704,Glimepiride,Glimepiride,Glimepiride,Glimepiride 2 mg Tablet,Glimepiride; Glimepiride,Tablet,2 mg,Oral,861713,Antidiabetic,RxNorm terminology reference / synthetic mapping,0.96,Already normalized,Glimepiride 2 mg,Synthetic test record. Prescription remains the source of truth; normalization does not authorize medication use.
MED000705,Doxycycline,Doxycycline,Doxycycline,Doxycycline 100 mg Capsule,Doxycycline; Doxycycline,Capsule,100 mg,Oral,3640,Antibiotic,RxNorm terminology reference / synthetic mapping,0.91,Already normalized,Doxycycline 100 mg,Synthetic test record. Prescription remains the source of truth; normalization does not authorize medication use.
MED000706,Domperidone,Domperidone,Domperidone,Domperidone 10 mg Tablet,Domperidone; Domperidone,Tablet,10 mg,Oral,897626,Gastroprokinetic,RxNorm terminology reference / synthetic mapping,0.92,Already normalized,Domperidone 10 mg,Synthetic test record. Prescription remains the source of truth; normalization does not authorize medication use.
MED000707,Amoxcillin,Amoxicillin,Amoxicillin,Amoxicillin 500 mg Capsule,Amoxicillin; Amoxicillin,Capsule,500 mg,Oral,723,Antibiotic,RxNorm terminology reference / synthetic mapping,0.91,Normalized,Amoxcillin 500 mg,Synthetic test record. Prescription remains the source of truth; normalization does not authorize medication use.
MED000708,Clopidogrel,Clopidogrel,Clopidogrel,Clopidogrel 75 mg Tablet,Clopidogrel; Clopidogrel,Tablet,75 mg,Oral,309362,Antiplatelet,RxNorm terminology reference / synthetic mapping,0.97,Already normalized,Clopidogrel 75 mg,Synthetic test record. Prescription remains the source of truth; normalization does not authorize medication use.
MED000709,Cetirizine,Cetirizine,Cetirizine,Cetirizine 10 mg Tablet,Cetirizine; Cetirizine,Tablet,10 mg,Oral,1014676,Antihistamine,RxNorm terminology reference / synthetic mapping,0.91,Already normalized,Cetirizine 10 mg,Synthetic test record. Prescription remains the source of truth; normalization does not authorize medication use.
MED000710,Metformine,Metformin,Metformin,Metformin 500 mg Tablet,Metformin; Metformin,Tablet,500 mg,Oral,860975,Antidiabetic,RxNorm terminology reference / synthetic mapping,0.93,Normalized,Metformine 500 mg,Synthetic test record. Prescription remains the source of truth; normalization does not authorize medication use.
MED000711,Domperidone,Domperidone,Domperidone,Domperidone 10 mg Tablet,Domperidone; Domperidone,Tablet,10 mg,Oral,897626,Gastroprokinetic,RxNorm terminology reference / synthetic mapping,0.98,Already normalized,Domperidone 10 mg,Synthetic test record. Prescription remains the source of truth; normalization does not authorize medication use.
MED000712,Famotidine,Famotidine,Famotidine,Famotidine 20 mg Tablet,Famotidine; Famotidine,Tablet,20 mg,Oral,966770,H2 receptor antagonist,RxNorm terminology reference / synthetic mapping,0.97,Already normalized,Famotidine 20 mg,Synthetic test record. Prescription remains the source of truth; normalization does not authorize medication use.
MED000713,Telmisartan,Telmisartan,Telmisartan,Telmisartan 40 mg Tablet,Telmisartan; Telmisartan,Tablet,40 mg,Oral,309410,Antihypertensive,RxNorm terminology reference / synthetic mapping,0.95,Already normalized,Telmisartan 40 mg,Synthetic test record. Prescription remains the source of truth; normalization does not authorize medication use.
MED000714,Metoprolol,Metoprolol,Metoprolol,Metoprolol 25 mg Tablet,Metoprolol; Metoprolol,Tablet,25 mg,Oral,866924,Beta blocker,RxNorm terminology reference / synthetic mapping,0.92,Already normalized,Metoprolol 25 mg,Synthetic test record. Prescription remains the source of truth; normalization does not authorize medication use.
MED000715,Cetrizine,Cetirizine,Cetirizine,Cetirizine 10 mg Tablet,Cetirizine; Cetirizine,Tablet,10 mg,Oral,1014676,Antihistamine,RxNorm terminology reference / synthetic mapping,0.95,Normalized,Cetrizine 10 mg,Synthetic test record. Prescription remains the source of truth; normalization does not authorize medication use.
MED000716,Clopidogrel,Clopidogrel,Clopidogrel,Clopidogrel 75 mg Tablet,Clopidogrel; Clopidogrel,Tablet,75 mg,Oral,309362,Antiplatelet,RxNorm terminology reference / synthetic mapping,0.93,Already normalized,Clopidogrel 75 mg,Synthetic test record. Prescription remains the source of truth; normalization does not authorize medication use.
MED000717,Atorvastin,Atorvastatin,Atorvastatin,Atorvastatin 20 mg Tablet,Atorvastatin; Atorvastatin,Tablet,20 mg,Oral,617314,Lipid-lowering agent,RxNorm terminology reference / synthetic mapping,0.96,Normalized,Atorvastin 20 mg,Synthetic test record. Prescription remains the source of truth; normalization does not authorize medication use.
MED000718,Diclofenac,Diclofenac,Diclofenac,Diclofenac 50 mg Tablet,Diclofenac; Diclofenac,Tablet,50 mg,Oral,308135,NSAID,RxNorm terminology reference / synthetic mapping,0.93,Already normalized,Diclofenac 50 mg,Synthetic test record. Prescription remains the source of truth; normalization does not authorize medication use.
MED000719,Pantoprazole,Pantoprazole,Pantoprazole,Pantoprazole 40 mg Tablet,Pantoprazole; Pantoprazole,Tablet,40 mg,Oral,861667,Proton pump inhibitor,RxNorm terminology reference / synthetic mapping,0.93,Already normalized,Pantoprazole 40 mg,Synthetic test record. Prescription remains the source of truth; normalization does not authorize medication use.
MED000720,Azitromycin,Azithromycin,Azithromycin,Azithromycin 500 mg Tablet,Azithromycin; Azithromycin,Tablet,500 mg,Oral,18631,Antibiotic,RxNorm terminology reference / synthetic mapping,0.97,Normalized,Azitromycin 500 mg,Synthetic test record. Prescription remains the source of truth; normalization does not authorize medication use.
MED000721,Cetirizine,Cetirizine,Cetirizine,Cetirizine 10 mg Tablet,Cetirizine; Cetirizine,Tablet,10 mg,Oral,1014676,Antihistamine,RxNorm terminology reference / synthetic mapping,0.93,Already normalized,Cetirizine 10 mg,Synthetic test record. Prescription remains the source of truth; normalization does not authorize medication use.
MED000722,Cetirizinee,Cetirizine,Cetirizine,Cetirizine 10 mg Tablet,Cetirizine; Cetirizine,Tablet,10 mg,Oral,1014676,Antihistamine,RxNorm terminology reference / synthetic mapping,0.96,Normalized,Cetirizinee 10 mg,Synthetic test record. Prescription remains the source of truth; normalization does not authorize medication use.
MED000723,Domperidone,Domperidone,Domperidone,Domperidone 10 mg Tablet,Domperidone; Domperidone,Tablet,10 mg,Oral,897626,Gastroprokinetic,RxNorm terminology reference / synthetic mapping,0.95,Already normalized,Domperidone 10 mg,Synthetic test record. Prescription remains the source of truth; normalization does not authorize medication use.
MED000724,Warfarin,Warfarin,Warfarin,Warfarin 5 mg Tablet,Warfarin; Warfarin,Tablet,5 mg,Oral,855333,Anticoagulant,RxNorm terminology reference / synthetic mapping,0.92,Already normalized,Warfarin 5 mg,Synthetic test record. Prescription remains the source of truth; normalization does not authorize medication use.
MED000725,Famotidine,Famotidine,Famotidine,Famotidine 20 mg Tablet,Famotidine; Famotidine,Tablet,20 mg,Oral,966770,H2 receptor antagonist,RxNorm terminology reference / synthetic mapping,0.97,Already normalized,Famotidine 20 mg,Synthetic test record. Prescription remains the source of truth; normalization does not authorize medication use.
MED000726,Aspirine,Aspirin,Acetylsalicylic Acid,Acetylsalicylic Acid 75 mg Tablet,Aspirin; Acetylsalicylic Acid,Tablet,75 mg,Oral,1191,Antiplatelet,RxNorm terminology reference / synthetic mapping,0.91,Normalized,Aspirine 75 mg,Synthetic test record. Prescription remains the source of truth; normalization does not authorize medication use.
MED000727,Amoxicillin,Amoxicillin,Amoxicillin,Amoxicillin 500 mg Capsule,Amoxicillin; Amoxicillin,Capsule,500 mg,Oral,723,Antibiotic,RxNorm terminology reference / synthetic mapping,0.97,Already normalized,Amoxicillin 500 mg,Synthetic test record. Prescription remains the source of truth; normalization does not authorize medication use.
MED000728,Ibuprof en,Ibuprofen,Ibuprofen,Ibuprofen 400 mg Tablet,Ibuprofen; Ibuprofen,Tablet,400 mg,Oral,310965,NSAID,RxNorm terminology reference / synthetic mapping,0.91,Normalized,Ibuprof en 400 mg,Synthetic test record. Prescription remains the source of truth; normalization does not authorize medication use.
MED000729,Ondansetron,Ondansetron,Ondansetron,Ondansetron 4 mg Tablet,Ondansetron; Ondansetron,Tablet,4 mg,Oral,312157,Antiemetic,RxNorm terminology reference / synthetic mapping,0.93,Already normalized,Ondansetron 4 mg,Synthetic test record. Prescription remains the source of truth; normalization does not authorize medication use.
MED000730,Budesonied,Budesonide,Budesonide,Budesonide 200 mcg/dose Inhaler,Budesonide; Budesonide,Inhaler,200 mcg/dose,Inhalation,745678,Corticosteroid,RxNorm terminology reference / synthetic mapping,0.97,Normalized,Budesonied 200 mcg/dose,Synthetic test record. Prescription remains the source of truth; normalization does not authorize medication use.
MED000731,Levothyroxin,Levothyroxine,Levothyroxine,Levothyroxine 50 mcg Tablet,Levothyroxine; Levothyroxine,Tablet,50 mcg,Oral,966220,Thyroid hormone,RxNorm terminology reference / synthetic mapping,0.9,Normalized,Levothyroxin 50 mcg,Synthetic test record. Prescription remains the source of truth; normalization does not authorize medication use.
MED000732,Amoxycillin,Amoxicillin,Amoxicillin,Amoxicillin 500 mg Capsule,Amoxicillin; Amoxicillin,Capsule,500 mg,Oral,723,Antibiotic,RxNorm terminology reference / synthetic mapping,0.9,Normalized,Amoxycillin 500 mg,Synthetic test record. Prescription remains the source of truth; normalization does not authorize medication use.
MED000733,Salbutemol,Salbutamol,Salbutamol,Salbutamol 100 mcg/dose Inhaler,Salbutamol; Salbutamol,Inhaler,100 mcg/dose,Inhalation,745678,Bronchodilator,RxNorm terminology reference / synthetic mapping,0.99,Normalized,Salbutemol 100 mcg/dose,Synthetic test record. Prescription remains the source of truth; normalization does not authorize medication use.
MED000734,Salbutamoll,Salbutamol,Salbutamol,Salbutamol 100 mcg/dose Inhaler,Salbutamol; Salbutamol,Inhaler,100 mcg/dose,Inhalation,745678,Bronchodilator,RxNorm terminology reference / synthetic mapping,0.94,Normalized,Salbutamoll 100 mcg/dose,Synthetic test record. Prescription remains the source of truth; normalization does not authorize medication use.
MED000735,Salbutamoll,Salbutamol,Salbutamol,Salbutamol 100 mcg/dose Inhaler,Salbutamol; Salbutamol,Inhaler,100 mcg/dose,Inhalation,745678,Bronchodilator,RxNorm terminology reference / synthetic mapping,0.96,Normalized,Salbutamoll 100 mcg/dose,Synthetic test record. Prescription remains the source of truth; normalization does not authorize medication use.
MED000736,Glimepiride,Glimepiride,Glimepiride,Glimepiride 2 mg Tablet,Glimepiride; Glimepiride,Tablet,2 mg,Oral,861713,Antidiabetic,RxNorm terminology reference / synthetic mapping,0.94,Already normalized,Glimepiride 2 mg,Synthetic test record. Prescription remains the source of truth; normalization does not authorize medication use.
MED000737,Prednisolne,Prednisolone,Prednisolone,Prednisolone 10 mg Tablet,Prednisolone; Prednisolone,Tablet,10 mg,Oral,1168002,Corticosteroid,RxNorm terminology reference / synthetic mapping,0.95,Normalized,Prednisolne 10 mg,Synthetic test record. Prescription remains the source of truth; normalization does not authorize medication use.
MED000738,Furosemide,Furosemide,Furosemide,Furosemide 40 mg Tablet,Furosemide; Furosemide,Tablet,40 mg,Oral,310429,Diuretic,RxNorm terminology reference / synthetic mapping,0.94,Already normalized,Furosemide 40 mg,Synthetic test record. Prescription remains the source of truth; normalization does not authorize medication use.
MED000739,Glimepiride,Glimepiride,Glimepiride,Glimepiride 2 mg Tablet,Glimepiride; Glimepiride,Tablet,2 mg,Oral,861713,Antidiabetic,RxNorm terminology reference / synthetic mapping,0.95,Already normalized,Glimepiride 2 mg,Synthetic test record. Prescription remains the source of truth; normalization does not authorize medication use.
MED000740,Levothyroxine,Levothyroxine,Levothyroxine,Levothyroxine 50 mcg Tablet,Levothyroxine; Levothyroxine,Tablet,50 mcg,Oral,966220,Thyroid hormone,RxNorm terminology reference / synthetic mapping,0.93,Already normalized,Levothyroxine 50 mcg,Synthetic test record. Prescription remains the source of truth; normalization does not authorize medication use.
MED000741,Diclofenak,Diclofenac,Diclofenac,Diclofenac 50 mg Tablet,Diclofenac; Diclofenac,Tablet,50 mg,Oral,308135,NSAID,RxNorm terminology reference / synthetic mapping,0.96,Normalized,Diclofenak 50 mg,Synthetic test record. Prescription remains the source of truth; normalization does not authorize medication use.
MED000742,Omerpazole,Omeprazole,Omeprazole,Omeprazole 20 mg Capsule,Omeprazole; Omeprazole,Capsule,20 mg,Oral,647640,Proton pump inhibitor,RxNorm terminology reference / synthetic mapping,0.93,Normalized,Omerpazole 20 mg,Synthetic test record. Prescription remains the source of truth; normalization does not authorize medication use.
MED000743,Clopidogrel,Clopidogrel,Clopidogrel,Clopidogrel 75 mg Tablet,Clopidogrel; Clopidogrel,Tablet,75 mg,Oral,309362,Antiplatelet,RxNorm terminology reference / synthetic mapping,0.91,Already normalized,Clopidogrel 75 mg,Synthetic test record. Prescription remains the source of truth; normalization does not authorize medication use.
MED000744,Levothyroxine,Levothyroxine,Levothyroxine,Levothyroxine 50 mcg Tablet,Levothyroxine; Levothyroxine,Tablet,50 mcg,Oral,966220,Thyroid hormone,RxNorm terminology reference / synthetic mapping,0.93,Already normalized,Levothyroxine 50 mcg,Synthetic test record. Prescription remains the source of truth; normalization does not authorize medication use.
MED000745,Losartn,Losartan,Losartan,Losartan 50 mg Tablet,Losartan; Losartan,Tablet,50 mg,Oral,979118,Antihypertensive,RxNorm terminology reference / synthetic mapping,0.97,Normalized,Losartn 50 mg,Synthetic test record. Prescription remains the source of truth; normalization does not authorize medication use.
MED000746,Salbutamoll,Salbutamol,Salbutamol,Salbutamol 100 mcg/dose Inhaler,Salbutamol; Salbutamol,Inhaler,100 mcg/dose,Inhalation,745678,Bronchodilator,RxNorm terminology reference / synthetic mapping,0.97,Normalized,Salbutamoll 100 mcg/dose,Synthetic test record. Prescription remains the source of truth; normalization does not authorize medication use.
MED000747,Aspirn,Aspirin,Acetylsalicylic Acid,Acetylsalicylic Acid 75 mg Tablet,Aspirin; Acetylsalicylic Acid,Tablet,75 mg,Oral,1191,Antiplatelet,RxNorm terminology reference / synthetic mapping,0.97,Normalized,Aspirn 75 mg,Synthetic test record. Prescription remains the source of truth; normalization does not authorize medication use.
MED000748,Atorvastatin,Atorvastatin,Atorvastatin,Atorvastatin 20 mg Tablet,Atorvastatin; Atorvastatin,Tablet,20 mg,Oral,617314,Lipid-lowering agent,RxNorm terminology reference / synthetic mapping,0.97,Already normalized,Atorvastatin 20 mg,Synthetic test record. Prescription remains the source of truth; normalization does not authorize medication use.
MED000749,Diclofenak,Diclofenac,Diclofenac,Diclofenac 50 mg Tablet,Diclofenac; Diclofenac,Tablet,50 mg,Oral,308135,NSAID,RxNorm terminology reference / synthetic mapping,0.99,Normalized,Diclofenak 50 mg,Synthetic test record. Prescription remains the source of truth; normalization does not authorize medication use.
MED000750,Famotidine,Famotidine,Famotidine,Famotidine 20 mg Tablet,Famotidine; Famotidine,Tablet,20 mg,Oral,966770,H2 receptor antagonist,RxNorm terminology reference / synthetic mapping,0.94,Already normalized,Famotidine 20 mg,Synthetic test record. Prescription remains the source of truth; normalization does not authorize medication use.
MED000751,Azithromycin,Azithromycin,Azithromycin,Azithromycin 500 mg Tablet,Azithromycin; Azithromycin,Tablet,500 mg,Oral,18631,Antibiotic,RxNorm terminology reference / synthetic mapping,0.91,Already normalized,Azithromycin 500 mg,Synthetic test record. Prescription remains the source of truth; normalization does not authorize medication use.
MED000752,Warfarin,Warfarin,Warfarin,Warfarin 5 mg Tablet,Warfarin; Warfarin,Tablet,5 mg,Oral,855333,Anticoagulant,RxNorm terminology reference / synthetic mapping,0.99,Already normalized,Warfarin 5 mg,Synthetic test record. Prescription remains the source of truth; normalization does not authorize medication use.
MED000753,Levothroxine,Levothyroxine,Levothyroxine,Levothyroxine 50 mcg Tablet,Levothyroxine; Levothyroxine,Tablet,50 mcg,Oral,966220,Thyroid hormone,RxNorm terminology reference / synthetic mapping,0.91,Normalized,Levothroxine 50 mcg,Synthetic test record. Prescription remains the source of truth; normalization does not authorize medication use.
MED000754,Amoxcillin,Amoxicillin,Amoxicillin,Amoxicillin 500 mg Capsule,Amoxicillin; Amoxicillin,Capsule,500 mg,Oral,723,Antibiotic,RxNorm terminology reference / synthetic mapping,0.96,Normalized,Amoxcillin 500 mg,Synthetic test record. Prescription remains the source of truth; normalization does not authorize medication use.
MED000755,Levothroxine,Levothyroxine,Levothyroxine,Levothyroxine 50 mcg Tablet,Levothyroxine; Levothyroxine,Tablet,50 mcg,Oral,966220,Thyroid hormone,RxNorm terminology reference / synthetic mapping,0.93,Normalized,Levothroxine 50 mcg,Synthetic test record. Prescription remains the source of truth; normalization does not authorize medication use.
MED000756,Montelukast,Montelukast,Montelukast,Montelukast 10 mg Tablet,Montelukast; Montelukast,Tablet,10 mg,Oral,1018502,Leukotriene receptor antagonist,RxNorm terminology reference / synthetic mapping,0.98,Already normalized,Montelukast 10 mg,Synthetic test record. Prescription remains the source of truth; normalization does not authorize medication use.
MED000757,Domperidone,Domperidone,Domperidone,Domperidone 10 mg Tablet,Domperidone; Domperidone,Tablet,10 mg,Oral,897626,Gastroprokinetic,RxNorm terminology reference / synthetic mapping,0.96,Already normalized,Domperidone 10 mg,Synthetic test record. Prescription remains the source of truth; normalization does not authorize medication use.
MED000758,Clopidogrel,Clopidogrel,Clopidogrel,Clopidogrel 75 mg Tablet,Clopidogrel; Clopidogrel,Tablet,75 mg,Oral,309362,Antiplatelet,RxNorm terminology reference / synthetic mapping,0.92,Already normalized,Clopidogrel 75 mg,Synthetic test record. Prescription remains the source of truth; normalization does not authorize medication use.
MED000759,Atorvastain,Atorvastatin,Atorvastatin,Atorvastatin 20 mg Tablet,Atorvastatin; Atorvastatin,Tablet,20 mg,Oral,617314,Lipid-lowering agent,RxNorm terminology reference / synthetic mapping,0.95,Normalized,Atorvastain 20 mg,Synthetic test record. Prescription remains the source of truth; normalization does not authorize medication use.
MED000760,Levothyroxine,Levothyroxine,Levothyroxine,Levothyroxine 50 mcg Tablet,Levothyroxine; Levothyroxine,Tablet,50 mcg,Oral,966220,Thyroid hormone,RxNorm terminology reference / synthetic mapping,0.9,Already normalized,Levothyroxine 50 mcg,Synthetic test record. Prescription remains the source of truth; normalization does not authorize medication use.
MED000761,Famotidinee,Famotidine,Famotidine,Famotidine 20 mg Tablet,Famotidine; Famotidine,Tablet,20 mg,Oral,966770,H2 receptor antagonist,RxNorm terminology reference / synthetic mapping,0.99,Normalized,Famotidinee 20 mg,Synthetic test record. Prescription remains the source of truth; normalization does not authorize medication use.
MED000762,Montelukast,Montelukast,Montelukast,Montelukast 10 mg Tablet,Montelukast; Montelukast,Tablet,10 mg,Oral,1018502,Leukotriene receptor antagonist,RxNorm terminology reference / synthetic mapping,0.96,Already normalized,Montelukast 10 mg,Synthetic test record. Prescription remains the source of truth; normalization does not authorize medication use.
MED000763,Metformin,Metformin,Metformin,Metformin 500 mg Tablet,Metformin; Metformin,Tablet,500 mg,Oral,860975,Antidiabetic,RxNorm terminology reference / synthetic mapping,0.96,Already normalized,Metformin 500 mg,Synthetic test record. Prescription remains the source of truth; normalization does not authorize medication use.
MED000764,Furosemid,Furosemide,Furosemide,Furosemide 40 mg Tablet,Furosemide; Furosemide,Tablet,40 mg,Oral,310429,Diuretic,RxNorm terminology reference / synthetic mapping,0.91,Normalized,Furosemid 40 mg,Synthetic test record. Prescription remains the source of truth; normalization does not authorize medication use.
MED000765,Metfornin,Metformin,Metformin,Metformin 500 mg Tablet,Metformin; Metformin,Tablet,500 mg,Oral,860975,Antidiabetic,RxNorm terminology reference / synthetic mapping,0.93,Normalized,Metfornin 500 mg,Synthetic test record. Prescription remains the source of truth; normalization does not authorize medication use.
MED000766,Furosimide,Furosemide,Furosemide,Furosemide 40 mg Tablet,Furosemide; Furosemide,Tablet,40 mg,Oral,310429,Diuretic,RxNorm terminology reference / synthetic mapping,0.95,Normalized,Furosimide 40 mg,Synthetic test record. Prescription remains the source of truth; normalization does not authorize medication use.
MED000767,Levothyroxine,Levothyroxine,Levothyroxine,Levothyroxine 50 mcg Tablet,Levothyroxine; Levothyroxine,Tablet,50 mcg,Oral,966220,Thyroid hormone,RxNorm terminology reference / synthetic mapping,0.91,Already normalized,Levothyroxine 50 mcg,Synthetic test record. Prescription remains the source of truth; normalization does not authorize medication use.
MED000768,Metformine,Metformin,Metformin,Metformin 500 mg Tablet,Metformin; Metformin,Tablet,500 mg,Oral,860975,Antidiabetic,RxNorm terminology reference / synthetic mapping,0.92,Normalized,Metformine 500 mg,Synthetic test record. Prescription remains the source of truth; normalization does not authorize medication use.
MED000769,Glimepride,Glimepiride,Glimepiride,Glimepiride 2 mg Tablet,Glimepiride; Glimepiride,Tablet,2 mg,Oral,861713,Antidiabetic,RxNorm terminology reference / synthetic mapping,0.97,Normalized,Glimepride 2 mg,Synthetic test record. Prescription remains the source of truth; normalization does not authorize medication use.
MED000770,Amoxicilin,Amoxicillin,Amoxicillin,Amoxicillin 500 mg Capsule,Amoxicillin; Amoxicillin,Capsule,500 mg,Oral,723,Antibiotic,RxNorm terminology reference / synthetic mapping,0.9,Normalized,Amoxicilin 500 mg,Synthetic test record. Prescription remains the source of truth; normalization does not authorize medication use.
MED000771,Metoprolol,Metoprolol,Metoprolol,Metoprolol 25 mg Tablet,Metoprolol; Metoprolol,Tablet,25 mg,Oral,866924,Beta blocker,RxNorm terminology reference / synthetic mapping,0.93,Already normalized,Metoprolol 25 mg,Synthetic test record. Prescription remains the source of truth; normalization does not authorize medication use.
MED000772,Metoprolol,Metoprolol,Metoprolol,Metoprolol 25 mg Tablet,Metoprolol; Metoprolol,Tablet,25 mg,Oral,866924,Beta blocker,RxNorm terminology reference / synthetic mapping,0.94,Already normalized,Metoprolol 25 mg,Synthetic test record. Prescription remains the source of truth; normalization does not authorize medication use.
MED000773,Salbutamol,Salbutamol,Salbutamol,Salbutamol 100 mcg/dose Inhaler,Salbutamol; Salbutamol,Inhaler,100 mcg/dose,Inhalation,745678,Bronchodilator,RxNorm terminology reference / synthetic mapping,0.93,Already normalized,Salbutamol 100 mcg/dose,Synthetic test record. Prescription remains the source of truth; normalization does not authorize medication use.
MED000774,Ondansetron,Ondansetron,Ondansetron,Ondansetron 4 mg Tablet,Ondansetron; Ondansetron,Tablet,4 mg,Oral,312157,Antiemetic,RxNorm terminology reference / synthetic mapping,0.93,Already normalized,Ondansetron 4 mg,Synthetic test record. Prescription remains the source of truth; normalization does not authorize medication use.
MED000775,Metformn,Metformin,Metformin,Metformin 500 mg Tablet,Metformin; Metformin,Tablet,500 mg,Oral,860975,Antidiabetic,RxNorm terminology reference / synthetic mapping,0.94,Normalized,Metformn 500 mg,Synthetic test record. Prescription remains the source of truth; normalization does not authorize medication use.
MED000776,Ondansetron,Ondansetron,Ondansetron,Ondansetron 4 mg Tablet,Ondansetron; Ondansetron,Tablet,4 mg,Oral,312157,Antiemetic,RxNorm terminology reference / synthetic mapping,0.9,Already normalized,Ondansetron 4 mg,Synthetic test record. Prescription remains the source of truth; normalization does not authorize medication use.
MED000777,Ibuprofen,Ibuprofen,Ibuprofen,Ibuprofen 400 mg Tablet,Ibuprofen; Ibuprofen,Tablet,400 mg,Oral,310965,NSAID,RxNorm terminology reference / synthetic mapping,0.94,Already normalized,Ibuprofen 400 mg,Synthetic test record. Prescription remains the source of truth; normalization does not authorize medication use.
MED000778,Prednisolone,Prednisolone,Prednisolone,Prednisolone 10 mg Tablet,Prednisolone; Prednisolone,Tablet,10 mg,Oral,1168002,Corticosteroid,RxNorm terminology reference / synthetic mapping,0.92,Already normalized,Prednisolone 10 mg,Synthetic test record. Prescription remains the source of truth; normalization does not authorize medication use.
MED000779,Ibuprofin,Ibuprofen,Ibuprofen,Ibuprofen 400 mg Tablet,Ibuprofen; Ibuprofen,Tablet,400 mg,Oral,310965,NSAID,RxNorm terminology reference / synthetic mapping,0.92,Normalized,Ibuprofin 400 mg,Synthetic test record. Prescription remains the source of truth; normalization does not authorize medication use.
MED000780,Omeprazole,Omeprazole,Omeprazole,Omeprazole 20 mg Capsule,Omeprazole; Omeprazole,Capsule,20 mg,Oral,647640,Proton pump inhibitor,RxNorm terminology reference / synthetic mapping,0.94,Already normalized,Omeprazole 20 mg,Synthetic test record. Prescription remains the source of truth; normalization does not authorize medication use.
MED000781,Telmisartan,Telmisartan,Telmisartan,Telmisartan 40 mg Tablet,Telmisartan; Telmisartan,Tablet,40 mg,Oral,309410,Antihypertensive,RxNorm terminology reference / synthetic mapping,0.92,Already normalized,Telmisartan 40 mg,Synthetic test record. Prescription remains the source of truth; normalization does not authorize medication use.
MED000782,Pantoprazole,Pantoprazole,Pantoprazole,Pantoprazole 40 mg Tablet,Pantoprazole; Pantoprazole,Tablet,40 mg,Oral,861667,Proton pump inhibitor,RxNorm terminology reference / synthetic mapping,0.96,Already normalized,Pantoprazole 40 mg,Synthetic test record. Prescription remains the source of truth; normalization does not authorize medication use.
MED000783,Salbutamol,Salbutamol,Salbutamol,Salbutamol 100 mcg/dose Inhaler,Salbutamol; Salbutamol,Inhaler,100 mcg/dose,Inhalation,745678,Bronchodilator,RxNorm terminology reference / synthetic mapping,0.91,Already normalized,Salbutamol 100 mcg/dose,Synthetic test record. Prescription remains the source of truth; normalization does not authorize medication use.
MED000784,Clopidgrel,Clopidogrel,Clopidogrel,Clopidogrel 75 mg Tablet,Clopidogrel; Clopidogrel,Tablet,75 mg,Oral,309362,Antiplatelet,RxNorm terminology reference / synthetic mapping,0.98,Normalized,Clopidgrel 75 mg,Synthetic test record. Prescription remains the source of truth; normalization does not authorize medication use.
MED000785,Domperidone,Domperidone,Domperidone,Domperidone 10 mg Tablet,Domperidone; Domperidone,Tablet,10 mg,Oral,897626,Gastroprokinetic,RxNorm terminology reference / synthetic mapping,0.94,Already normalized,Domperidone 10 mg,Synthetic test record. Prescription remains the source of truth; normalization does not authorize medication use.
MED000786,Telmisartan,Telmisartan,Telmisartan,Telmisartan 40 mg Tablet,Telmisartan; Telmisartan,Tablet,40 mg,Oral,309410,Antihypertensive,RxNorm terminology reference / synthetic mapping,0.95,Already normalized,Telmisartan 40 mg,Synthetic test record. Prescription remains the source of truth; normalization does not authorize medication use.
MED000787,Asprin,Aspirin,Acetylsalicylic Acid,Acetylsalicylic Acid 75 mg Tablet,Aspirin; Acetylsalicylic Acid,Tablet,75 mg,Oral,1191,Antiplatelet,RxNorm terminology reference / synthetic mapping,0.94,Normalized,Asprin 75 mg,Synthetic test record. Prescription remains the source of truth; normalization does not authorize medication use.
MED000788,Asprin,Aspirin,Acetylsalicylic Acid,Acetylsalicylic Acid 75 mg Tablet,Aspirin; Acetylsalicylic Acid,Tablet,75 mg,Oral,1191,Antiplatelet,RxNorm terminology reference / synthetic mapping,0.92,Normalized,Asprin 75 mg,Synthetic test record. Prescription remains the source of truth; normalization does not authorize medication use.
MED000789,Cetirizine,Cetirizine,Cetirizine,Cetirizine 10 mg Tablet,Cetirizine; Cetirizine,Tablet,10 mg,Oral,1014676,Antihistamine,RxNorm terminology reference / synthetic mapping,0.96,Already normalized,Cetirizine 10 mg,Synthetic test record. Prescription remains the source of truth; normalization does not authorize medication use.
MED000790,Amlodipinee,Amlodipine,Amlodipine,Amlodipine 5 mg Tablet,Amlodipine; Amlodipine,Tablet,5 mg,Oral,308135,Antihypertensive,RxNorm terminology reference / synthetic mapping,0.91,Normalized,Amlodipinee 5 mg,Synthetic test record. Prescription remains the source of truth; normalization does not authorize medication use.
MED000791,Budesonide,Budesonide,Budesonide,Budesonide 200 mcg/dose Inhaler,Budesonide; Budesonide,Inhaler,200 mcg/dose,Inhalation,745678,Corticosteroid,RxNorm terminology reference / synthetic mapping,0.99,Already normalized,Budesonide 200 mcg/dose,Synthetic test record. Prescription remains the source of truth; normalization does not authorize medication use.
MED000792,Amlodipne,Amlodipine,Amlodipine,Amlodipine 5 mg Tablet,Amlodipine; Amlodipine,Tablet,5 mg,Oral,308135,Antihypertensive,RxNorm terminology reference / synthetic mapping,0.93,Normalized,Amlodipne 5 mg,Synthetic test record. Prescription remains the source of truth; normalization does not authorize medication use.
MED000793,Budesonied,Budesonide,Budesonide,Budesonide 200 mcg/dose Inhaler,Budesonide; Budesonide,Inhaler,200 mcg/dose,Inhalation,745678,Corticosteroid,RxNorm terminology reference / synthetic mapping,0.95,Normalized,Budesonied 200 mcg/dose,Synthetic test record. Prescription remains the source of truth; normalization does not authorize medication use.
MED000794,Domperidone,Domperidone,Domperidone,Domperidone 10 mg Tablet,Domperidone; Domperidone,Tablet,10 mg,Oral,897626,Gastroprokinetic,RxNorm terminology reference / synthetic mapping,0.9,Already normalized,Domperidone 10 mg,Synthetic test record. Prescription remains the source of truth; normalization does not authorize medication use.
MED000795,Paracetemol,Paracetamol,Acetaminophen,Acetaminophen 500 mg Tablet,Paracetamol; Acetaminophen,Tablet,500 mg,Oral,161,Analgesic / Antipyretic,RxNorm terminology reference / synthetic mapping,0.94,Normalized,Paracetemol 500 mg,Synthetic test record. Prescription remains the source of truth; normalization does not authorize medication use.
MED000796,Metoprolol,Metoprolol,Metoprolol,Metoprolol 25 mg Tablet,Metoprolol; Metoprolol,Tablet,25 mg,Oral,866924,Beta blocker,RxNorm terminology reference / synthetic mapping,0.96,Already normalized,Metoprolol 25 mg,Synthetic test record. Prescription remains the source of truth; normalization does not authorize medication use.
MED000797,Omeprazloe,Omeprazole,Omeprazole,Omeprazole 20 mg Capsule,Omeprazole; Omeprazole,Capsule,20 mg,Oral,647640,Proton pump inhibitor,RxNorm terminology reference / synthetic mapping,0.95,Normalized,Omeprazloe 20 mg,Synthetic test record. Prescription remains the source of truth; normalization does not authorize medication use.
MED000798,Salbutamol,Salbutamol,Salbutamol,Salbutamol 100 mcg/dose Inhaler,Salbutamol; Salbutamol,Inhaler,100 mcg/dose,Inhalation,745678,Bronchodilator,RxNorm terminology reference / synthetic mapping,0.96,Already normalized,Salbutamol 100 mcg/dose,Synthetic test record. Prescription remains the source of truth; normalization does not authorize medication use.
MED000799,Aspirin,Aspirin,Acetylsalicylic Acid,Acetylsalicylic Acid 75 mg Tablet,Aspirin; Acetylsalicylic Acid,Tablet,75 mg,Oral,1191,Antiplatelet,RxNorm terminology reference / synthetic mapping,0.95,Already normalized,Aspirin 75 mg,Synthetic test record. Prescription remains the source of truth; normalization does not authorize medication use.
MED000800,Famotidinee,Famotidine,Famotidine,Famotidine 20 mg Tablet,Famotidine; Famotidine,Tablet,20 mg,Oral,966770,H2 receptor antagonist,RxNorm terminology reference / synthetic mapping,0.91,Normalized,Famotidinee 20 mg,Synthetic test record. Prescription remains the source of truth; normalization does not authorize medication use.
MED000801,Ibuprofen,Ibuprofen,Ibuprofen,Ibuprofen 400 mg Tablet,Ibuprofen; Ibuprofen,Tablet,400 mg,Oral,310965,NSAID,RxNorm terminology reference / synthetic mapping,0.95,Already normalized,Ibuprofen 400 mg,Synthetic test record. Prescription remains the source of truth; normalization does not authorize medication use.
MED000802,Budesonied,Budesonide,Budesonide,Budesonide 200 mcg/dose Inhaler,Budesonide; Budesonide,Inhaler,200 mcg/dose,Inhalation,745678,Corticosteroid,RxNorm terminology reference / synthetic mapping,0.95,Normalized,Budesonied 200 mcg/dose,Synthetic test record. Prescription remains the source of truth; normalization does not authorize medication use.
MED000803,Doxycicline,Doxycycline,Doxycycline,Doxycycline 100 mg Capsule,Doxycycline; Doxycycline,Capsule,100 mg,Oral,3640,Antibiotic,RxNorm terminology reference / synthetic mapping,0.95,Normalized,Doxycicline 100 mg,Synthetic test record. Prescription remains the source of truth; normalization does not authorize medication use.
MED000804,Pantoprazloe,Pantoprazole,Pantoprazole,Pantoprazole 40 mg Tablet,Pantoprazole; Pantoprazole,Tablet,40 mg,Oral,861667,Proton pump inhibitor,RxNorm terminology reference / synthetic mapping,0.95,Normalized,Pantoprazloe 40 mg,Synthetic test record. Prescription remains the source of truth; normalization does not authorize medication use.
MED000805,Ibuprophen,Ibuprofen,Ibuprofen,Ibuprofen 400 mg Tablet,Ibuprofen; Ibuprofen,Tablet,400 mg,Oral,310965,NSAID,RxNorm terminology reference / synthetic mapping,0.99,Normalized,Ibuprophen 400 mg,Synthetic test record. Prescription remains the source of truth; normalization does not authorize medication use.
MED000806,Glimepiride,Glimepiride,Glimepiride,Glimepiride 2 mg Tablet,Glimepiride; Glimepiride,Tablet,2 mg,Oral,861713,Antidiabetic,RxNorm terminology reference / synthetic mapping,0.92,Already normalized,Glimepiride 2 mg,Synthetic test record. Prescription remains the source of truth; normalization does not authorize medication use.
MED000807,Metoprolol,Metoprolol,Metoprolol,Metoprolol 25 mg Tablet,Metoprolol; Metoprolol,Tablet,25 mg,Oral,866924,Beta blocker,RxNorm terminology reference / synthetic mapping,0.98,Already normalized,Metoprolol 25 mg,Synthetic test record. Prescription remains the source of truth; normalization does not authorize medication use.
MED000808,Metoprolol,Metoprolol,Metoprolol,Metoprolol 25 mg Tablet,Metoprolol; Metoprolol,Tablet,25 mg,Oral,866924,Beta blocker,RxNorm terminology reference / synthetic mapping,0.9,Already normalized,Metoprolol 25 mg,Synthetic test record. Prescription remains the source of truth; normalization does not authorize medication use.
MED000809,Clopidogrel,Clopidogrel,Clopidogrel,Clopidogrel 75 mg Tablet,Clopidogrel; Clopidogrel,Tablet,75 mg,Oral,309362,Antiplatelet,RxNorm terminology reference / synthetic mapping,0.97,Already normalized,Clopidogrel 75 mg,Synthetic test record. Prescription remains the source of truth; normalization does not authorize medication use.
MED000810,Paraceta mol,Paracetamol,Acetaminophen,Acetaminophen 500 mg Tablet,Paracetamol; Acetaminophen,Tablet,500 mg,Oral,161,Analgesic / Antipyretic,RxNorm terminology reference / synthetic mapping,0.98,Normalized,Paraceta mol 500 mg,Synthetic test record. Prescription remains the source of truth; normalization does not authorize medication use.
MED000811,Amlodipne,Amlodipine,Amlodipine,Amlodipine 5 mg Tablet,Amlodipine; Amlodipine,Tablet,5 mg,Oral,308135,Antihypertensive,RxNorm terminology reference / synthetic mapping,0.97,Normalized,Amlodipne 5 mg,Synthetic test record. Prescription remains the source of truth; normalization does not authorize medication use.
MED000812,Ciprofloxin,Ciprofloxacin,Ciprofloxacin,Ciprofloxacin 500 mg Tablet,Ciprofloxacin; Ciprofloxacin,Tablet,500 mg,Oral,2551,Antibiotic,RxNorm terminology reference / synthetic mapping,0.94,Normalized,Ciprofloxin 500 mg,Synthetic test record. Prescription remains the source of truth; normalization does not authorize medication use.
MED000813,Glimepride,Glimepiride,Glimepiride,Glimepiride 2 mg Tablet,Glimepiride; Glimepiride,Tablet,2 mg,Oral,861713,Antidiabetic,RxNorm terminology reference / synthetic mapping,0.98,Normalized,Glimepride 2 mg,Synthetic test record. Prescription remains the source of truth; normalization does not authorize medication use.
MED000814,Metformn,Metformin,Metformin,Metformin 500 mg Tablet,Metformin; Metformin,Tablet,500 mg,Oral,860975,Antidiabetic,RxNorm terminology reference / synthetic mapping,0.95,Normalized,Metformn 500 mg,Synthetic test record. Prescription remains the source of truth; normalization does not authorize medication use.
MED000815,Ciprofloxacin,Ciprofloxacin,Ciprofloxacin,Ciprofloxacin 500 mg Tablet,Ciprofloxacin; Ciprofloxacin,Tablet,500 mg,Oral,2551,Antibiotic,RxNorm terminology reference / synthetic mapping,0.92,Already normalized,Ciprofloxacin 500 mg,Synthetic test record. Prescription remains the source of truth; normalization does not authorize medication use.
MED000816,Metoprolol,Metoprolol,Metoprolol,Metoprolol 25 mg Tablet,Metoprolol; Metoprolol,Tablet,25 mg,Oral,866924,Beta blocker,RxNorm terminology reference / synthetic mapping,0.93,Already normalized,Metoprolol 25 mg,Synthetic test record. Prescription remains the source of truth; normalization does not authorize medication use.
MED000817,Metoprolol,Metoprolol,Metoprolol,Metoprolol 25 mg Tablet,Metoprolol; Metoprolol,Tablet,25 mg,Oral,866924,Beta blocker,RxNorm terminology reference / synthetic mapping,0.97,Already normalized,Metoprolol 25 mg,Synthetic test record. Prescription remains the source of truth; normalization does not authorize medication use.
MED000818,Domperidone,Domperidone,Domperidone,Domperidone 10 mg Tablet,Domperidone; Domperidone,Tablet,10 mg,Oral,897626,Gastroprokinetic,RxNorm terminology reference / synthetic mapping,0.93,Already normalized,Domperidone 10 mg,Synthetic test record. Prescription remains the source of truth; normalization does not authorize medication use.
MED000819,Insulin Glargene,Insulin Glargine,Insulin Glargine,Insulin Glargine 100 units/mL Injection,Insulin Glargine; Insulin Glargine,Injection,100 units/mL,Subcutaneous,261551,Insulin,RxNorm terminology reference / synthetic mapping,0.92,Normalized,Insulin Glargene 100 units/mL,Synthetic test record. Prescription remains the source of truth; normalization does not authorize medication use.
MED000820,Furosemid,Furosemide,Furosemide,Furosemide 40 mg Tablet,Furosemide; Furosemide,Tablet,40 mg,Oral,310429,Diuretic,RxNorm terminology reference / synthetic mapping,0.93,Normalized,Furosemid 40 mg,Synthetic test record. Prescription remains the source of truth; normalization does not authorize medication use.
MED000821,Prednisolne,Prednisolone,Prednisolone,Prednisolone 10 mg Tablet,Prednisolone; Prednisolone,Tablet,10 mg,Oral,1168002,Corticosteroid,RxNorm terminology reference / synthetic mapping,0.98,Normalized,Prednisolne 10 mg,Synthetic test record. Prescription remains the source of truth; normalization does not authorize medication use.
MED000822,Furosemid,Furosemide,Furosemide,Furosemide 40 mg Tablet,Furosemide; Furosemide,Tablet,40 mg,Oral,310429,Diuretic,RxNorm terminology reference / synthetic mapping,0.97,Normalized,Furosemid 40 mg,Synthetic test record. Prescription remains the source of truth; normalization does not authorize medication use.
MED000823,Doxycycline,Doxycycline,Doxycycline,Doxycycline 100 mg Capsule,Doxycycline; Doxycycline,Capsule,100 mg,Oral,3640,Antibiotic,RxNorm terminology reference / synthetic mapping,0.95,Already normalized,Doxycycline 100 mg,Synthetic test record. Prescription remains the source of truth; normalization does not authorize medication use.
MED000824,Amlodipine,Amlodipine,Amlodipine,Amlodipine 5 mg Tablet,Amlodipine; Amlodipine,Tablet,5 mg,Oral,308135,Antihypertensive,RxNorm terminology reference / synthetic mapping,0.92,Already normalized,Amlodipine 5 mg,Synthetic test record. Prescription remains the source of truth; normalization does not authorize medication use.
MED000825,Paracetamoll,Paracetamol,Acetaminophen,Acetaminophen 500 mg Tablet,Paracetamol; Acetaminophen,Tablet,500 mg,Oral,161,Analgesic / Antipyretic,RxNorm terminology reference / synthetic mapping,0.96,Normalized,Paracetamoll 500 mg,Synthetic test record. Prescription remains the source of truth; normalization does not authorize medication use.
MED000826,Pantoprazole,Pantoprazole,Pantoprazole,Pantoprazole 40 mg Tablet,Pantoprazole; Pantoprazole,Tablet,40 mg,Oral,861667,Proton pump inhibitor,RxNorm terminology reference / synthetic mapping,0.98,Already normalized,Pantoprazole 40 mg,Synthetic test record. Prescription remains the source of truth; normalization does not authorize medication use.
MED000827,Telmisartan,Telmisartan,Telmisartan,Telmisartan 40 mg Tablet,Telmisartan; Telmisartan,Tablet,40 mg,Oral,309410,Antihypertensive,RxNorm terminology reference / synthetic mapping,0.97,Already normalized,Telmisartan 40 mg,Synthetic test record. Prescription remains the source of truth; normalization does not authorize medication use.
MED000828,Pantoprazloe,Pantoprazole,Pantoprazole,Pantoprazole 40 mg Tablet,Pantoprazole; Pantoprazole,Tablet,40 mg,Oral,861667,Proton pump inhibitor,RxNorm terminology reference / synthetic mapping,0.98,Normalized,Pantoprazloe 40 mg,Synthetic test record. Prescription remains the source of truth; normalization does not authorize medication use.
MED000829,Famotidne,Famotidine,Famotidine,Famotidine 20 mg Tablet,Famotidine; Famotidine,Tablet,20 mg,Oral,966770,H2 receptor antagonist,RxNorm terminology reference / synthetic mapping,0.94,Normalized,Famotidne 20 mg,Synthetic test record. Prescription remains the source of truth; normalization does not authorize medication use.
MED000830,Pantoprazole,Pantoprazole,Pantoprazole,Pantoprazole 40 mg Tablet,Pantoprazole; Pantoprazole,Tablet,40 mg,Oral,861667,Proton pump inhibitor,RxNorm terminology reference / synthetic mapping,0.91,Already normalized,Pantoprazole 40 mg,Synthetic test record. Prescription remains the source of truth; normalization does not authorize medication use.
MED000831,Ciprofloxin,Ciprofloxacin,Ciprofloxacin,Ciprofloxacin 500 mg Tablet,Ciprofloxacin; Ciprofloxacin,Tablet,500 mg,Oral,2551,Antibiotic,RxNorm terminology reference / synthetic mapping,0.96,Normalized,Ciprofloxin 500 mg,Synthetic test record. Prescription remains the source of truth; normalization does not authorize medication use.
MED000832,Ondansetron,Ondansetron,Ondansetron,Ondansetron 4 mg Tablet,Ondansetron; Ondansetron,Tablet,4 mg,Oral,312157,Antiemetic,RxNorm terminology reference / synthetic mapping,0.99,Already normalized,Ondansetron 4 mg,Synthetic test record. Prescription remains the source of truth; normalization does not authorize medication use.
MED000833,Ciprofloxacine,Ciprofloxacin,Ciprofloxacin,Ciprofloxacin 500 mg Tablet,Ciprofloxacin; Ciprofloxacin,Tablet,500 mg,Oral,2551,Antibiotic,RxNorm terminology reference / synthetic mapping,0.95,Normalized,Ciprofloxacine 500 mg,Synthetic test record. Prescription remains the source of truth; normalization does not authorize medication use.
MED000834,Amlodipine,Amlodipine,Amlodipine,Amlodipine 5 mg Tablet,Amlodipine; Amlodipine,Tablet,5 mg,Oral,308135,Antihypertensive,RxNorm terminology reference / synthetic mapping,0.91,Already normalized,Amlodipine 5 mg,Synthetic test record. Prescription remains the source of truth; normalization does not authorize medication use.
MED000835,Atorvastain,Atorvastatin,Atorvastatin,Atorvastatin 20 mg Tablet,Atorvastatin; Atorvastatin,Tablet,20 mg,Oral,617314,Lipid-lowering agent,RxNorm terminology reference / synthetic mapping,0.98,Normalized,Atorvastain 20 mg,Synthetic test record. Prescription remains the source of truth; normalization does not authorize medication use.
MED000836,Doxycycline,Doxycycline,Doxycycline,Doxycycline 100 mg Capsule,Doxycycline; Doxycycline,Capsule,100 mg,Oral,3640,Antibiotic,RxNorm terminology reference / synthetic mapping,0.91,Already normalized,Doxycycline 100 mg,Synthetic test record. Prescription remains the source of truth; normalization does not authorize medication use.
MED000837,Insulin Glargine,Insulin Glargine,Insulin Glargine,Insulin Glargine 100 units/mL Injection,Insulin Glargine; Insulin Glargine,Injection,100 units/mL,Subcutaneous,261551,Insulin,RxNorm terminology reference / synthetic mapping,0.98,Already normalized,Insulin Glargine 100 units/mL,Synthetic test record. Prescription remains the source of truth; normalization does not authorize medication use.
MED000838,Montelukast,Montelukast,Montelukast,Montelukast 10 mg Tablet,Montelukast; Montelukast,Tablet,10 mg,Oral,1018502,Leukotriene receptor antagonist,RxNorm terminology reference / synthetic mapping,0.96,Already normalized,Montelukast 10 mg,Synthetic test record. Prescription remains the source of truth; normalization does not authorize medication use.
MED000839,Losartan,Losartan,Losartan,Losartan 50 mg Tablet,Losartan; Losartan,Tablet,50 mg,Oral,979118,Antihypertensive,RxNorm terminology reference / synthetic mapping,0.99,Already normalized,Losartan 50 mg,Synthetic test record. Prescription remains the source of truth; normalization does not authorize medication use.
MED000840,Ciprofloxacin,Ciprofloxacin,Ciprofloxacin,Ciprofloxacin 500 mg Tablet,Ciprofloxacin; Ciprofloxacin,Tablet,500 mg,Oral,2551,Antibiotic,RxNorm terminology reference / synthetic mapping,0.95,Already normalized,Ciprofloxacin 500 mg,Synthetic test record. Prescription remains the source of truth; normalization does not authorize medication use.
MED000841,Metoprol,Metoprolol,Metoprolol,Metoprolol 25 mg Tablet,Metoprolol; Metoprolol,Tablet,25 mg,Oral,866924,Beta blocker,RxNorm terminology reference / synthetic mapping,0.93,Normalized,Metoprol 25 mg,Synthetic test record. Prescription remains the source of truth; normalization does not authorize medication use.
MED000842,Metforrmin,Metformin,Metformin,Metformin 500 mg Tablet,Metformin; Metformin,Tablet,500 mg,Oral,860975,Antidiabetic,RxNorm terminology reference / synthetic mapping,0.98,Normalized,Metforrmin 500 mg,Synthetic test record. Prescription remains the source of truth; normalization does not authorize medication use.
MED000843,Levothyroxine,Levothyroxine,Levothyroxine,Levothyroxine 50 mcg Tablet,Levothyroxine; Levothyroxine,Tablet,50 mcg,Oral,966220,Thyroid hormone,RxNorm terminology reference / synthetic mapping,0.93,Already normalized,Levothyroxine 50 mcg,Synthetic test record. Prescription remains the source of truth; normalization does not authorize medication use.
MED000844,Montelukst,Montelukast,Montelukast,Montelukast 10 mg Tablet,Montelukast; Montelukast,Tablet,10 mg,Oral,1018502,Leukotriene receptor antagonist,RxNorm terminology reference / synthetic mapping,0.92,Normalized,Montelukst 10 mg,Synthetic test record. Prescription remains the source of truth; normalization does not authorize medication use.
MED000845,Telmisartam,Telmisartan,Telmisartan,Telmisartan 40 mg Tablet,Telmisartan; Telmisartan,Tablet,40 mg,Oral,309410,Antihypertensive,RxNorm terminology reference / synthetic mapping,0.96,Normalized,Telmisartam 40 mg,Synthetic test record. Prescription remains the source of truth; normalization does not authorize medication use.
MED000846,Losartam,Losartan,Losartan,Losartan 50 mg Tablet,Losartan; Losartan,Tablet,50 mg,Oral,979118,Antihypertensive,RxNorm terminology reference / synthetic mapping,0.98,Normalized,Losartam 50 mg,Synthetic test record. Prescription remains the source of truth; normalization does not authorize medication use.
MED000847,Famotidine,Famotidine,Famotidine,Famotidine 20 mg Tablet,Famotidine; Famotidine,Tablet,20 mg,Oral,966770,H2 receptor antagonist,RxNorm terminology reference / synthetic mapping,0.92,Already normalized,Famotidine 20 mg,Synthetic test record. Prescription remains the source of truth; normalization does not authorize medication use.
MED000848,Clopidogrel,Clopidogrel,Clopidogrel,Clopidogrel 75 mg Tablet,Clopidogrel; Clopidogrel,Tablet,75 mg,Oral,309362,Antiplatelet,RxNorm terminology reference / synthetic mapping,0.93,Already normalized,Clopidogrel 75 mg,Synthetic test record. Prescription remains the source of truth; normalization does not authorize medication use.
MED000849,Clopidogral,Clopidogrel,Clopidogrel,Clopidogrel 75 mg Tablet,Clopidogrel; Clopidogrel,Tablet,75 mg,Oral,309362,Antiplatelet,RxNorm terminology reference / synthetic mapping,0.93,Normalized,Clopidogral 75 mg,Synthetic test record. Prescription remains the source of truth; normalization does not authorize medication use.
MED000850,Atorvastatin,Atorvastatin,Atorvastatin,Atorvastatin 20 mg Tablet,Atorvastatin; Atorvastatin,Tablet,20 mg,Oral,617314,Lipid-lowering agent,RxNorm terminology reference / synthetic mapping,0.94,Already normalized,Atorvastatin 20 mg,Synthetic test record. Prescription remains the source of truth; normalization does not authorize medication use.
MED000851,Montelukast,Montelukast,Montelukast,Montelukast 10 mg Tablet,Montelukast; Montelukast,Tablet,10 mg,Oral,1018502,Leukotriene receptor antagonist,RxNorm terminology reference / synthetic mapping,0.95,Already normalized,Montelukast 10 mg,Synthetic test record. Prescription remains the source of truth; normalization does not authorize medication use.
MED000852,Montelukast,Montelukast,Montelukast,Montelukast 10 mg Tablet,Montelukast; Montelukast,Tablet,10 mg,Oral,1018502,Leukotriene receptor antagonist,RxNorm terminology reference / synthetic mapping,0.92,Already normalized,Montelukast 10 mg,Synthetic test record. Prescription remains the source of truth; normalization does not authorize medication use.
MED000853,Metformn,Metformin,Metformin,Metformin 500 mg Tablet,Metformin; Metformin,Tablet,500 mg,Oral,860975,Antidiabetic,RxNorm terminology reference / synthetic mapping,0.92,Normalized,Metformn 500 mg,Synthetic test record. Prescription remains the source of truth; normalization does not authorize medication use.
MED000854,Warfarine,Warfarin,Warfarin,Warfarin 5 mg Tablet,Warfarin; Warfarin,Tablet,5 mg,Oral,855333,Anticoagulant,RxNorm terminology reference / synthetic mapping,0.92,Normalized,Warfarine 5 mg,Synthetic test record. Prescription remains the source of truth; normalization does not authorize medication use.
MED000855,Budesonid,Budesonide,Budesonide,Budesonide 200 mcg/dose Inhaler,Budesonide; Budesonide,Inhaler,200 mcg/dose,Inhalation,745678,Corticosteroid,RxNorm terminology reference / synthetic mapping,0.93,Normalized,Budesonid 200 mcg/dose,Synthetic test record. Prescription remains the source of truth; normalization does not authorize medication use.
MED000856,Insulin Glargin,Insulin Glargine,Insulin Glargine,Insulin Glargine 100 units/mL Injection,Insulin Glargine; Insulin Glargine,Injection,100 units/mL,Subcutaneous,261551,Insulin,RxNorm terminology reference / synthetic mapping,0.94,Normalized,Insulin Glargin 100 units/mL,Synthetic test record. Prescription remains the source of truth; normalization does not authorize medication use.
MED000857,Salbutamoll,Salbutamol,Salbutamol,Salbutamol 100 mcg/dose Inhaler,Salbutamol; Salbutamol,Inhaler,100 mcg/dose,Inhalation,745678,Bronchodilator,RxNorm terminology reference / synthetic mapping,0.91,Normalized,Salbutamoll 100 mcg/dose,Synthetic test record. Prescription remains the source of truth; normalization does not authorize medication use.
MED000858,Insulin Glargene,Insulin Glargine,Insulin Glargine,Insulin Glargine 100 units/mL Injection,Insulin Glargine; Insulin Glargine,Injection,100 units/mL,Subcutaneous,261551,Insulin,RxNorm terminology reference / synthetic mapping,0.97,Normalized,Insulin Glargene 100 units/mL,Synthetic test record. Prescription remains the source of truth; normalization does not authorize medication use.
MED000859,Ibuprof en,Ibuprofen,Ibuprofen,Ibuprofen 400 mg Tablet,Ibuprofen; Ibuprofen,Tablet,400 mg,Oral,310965,NSAID,RxNorm terminology reference / synthetic mapping,0.97,Normalized,Ibuprof en 400 mg,Synthetic test record. Prescription remains the source of truth; normalization does not authorize medication use.
MED000860,Metformin,Metformin,Metformin,Metformin 500 mg Tablet,Metformin; Metformin,Tablet,500 mg,Oral,860975,Antidiabetic,RxNorm terminology reference / synthetic mapping,0.97,Already normalized,Metformin 500 mg,Synthetic test record. Prescription remains the source of truth; normalization does not authorize medication use.
MED000861,Azithromicin,Azithromycin,Azithromycin,Azithromycin 500 mg Tablet,Azithromycin; Azithromycin,Tablet,500 mg,Oral,18631,Antibiotic,RxNorm terminology reference / synthetic mapping,0.95,Normalized,Azithromicin 500 mg,Synthetic test record. Prescription remains the source of truth; normalization does not authorize medication use.
MED000862,Famotidine,Famotidine,Famotidine,Famotidine 20 mg Tablet,Famotidine; Famotidine,Tablet,20 mg,Oral,966770,H2 receptor antagonist,RxNorm terminology reference / synthetic mapping,0.96,Already normalized,Famotidine 20 mg,Synthetic test record. Prescription remains the source of truth; normalization does not authorize medication use.
MED000863,Pantoprazloe,Pantoprazole,Pantoprazole,Pantoprazole 40 mg Tablet,Pantoprazole; Pantoprazole,Tablet,40 mg,Oral,861667,Proton pump inhibitor,RxNorm terminology reference / synthetic mapping,0.96,Normalized,Pantoprazloe 40 mg,Synthetic test record. Prescription remains the source of truth; normalization does not authorize medication use.
MED000864,Salbutamol,Salbutamol,Salbutamol,Salbutamol 100 mcg/dose Inhaler,Salbutamol; Salbutamol,Inhaler,100 mcg/dose,Inhalation,745678,Bronchodilator,RxNorm terminology reference / synthetic mapping,0.98,Already normalized,Salbutamol 100 mcg/dose,Synthetic test record. Prescription remains the source of truth; normalization does not authorize medication use.
MED000865,Atorvastatin,Atorvastatin,Atorvastatin,Atorvastatin 20 mg Tablet,Atorvastatin; Atorvastatin,Tablet,20 mg,Oral,617314,Lipid-lowering agent,RxNorm terminology reference / synthetic mapping,0.94,Already normalized,Atorvastatin 20 mg,Synthetic test record. Prescription remains the source of truth; normalization does not authorize medication use.
MED000866,InsulinGlar gine,Insulin Glargine,Insulin Glargine,Insulin Glargine 100 units/mL Injection,Insulin Glargine; Insulin Glargine,Injection,100 units/mL,Subcutaneous,261551,Insulin,RxNorm terminology reference / synthetic mapping,0.94,Normalized,InsulinGlar gine 100 units/mL,Synthetic test record. Prescription remains the source of truth; normalization does not authorize medication use.
MED000867,Metoprololl,Metoprolol,Metoprolol,Metoprolol 25 mg Tablet,Metoprolol; Metoprolol,Tablet,25 mg,Oral,866924,Beta blocker,RxNorm terminology reference / synthetic mapping,0.96,Normalized,Metoprololl 25 mg,Synthetic test record. Prescription remains the source of truth; normalization does not authorize medication use.
MED000868,Telmisartan,Telmisartan,Telmisartan,Telmisartan 40 mg Tablet,Telmisartan; Telmisartan,Tablet,40 mg,Oral,309410,Antihypertensive,RxNorm terminology reference / synthetic mapping,0.98,Already normalized,Telmisartan 40 mg,Synthetic test record. Prescription remains the source of truth; normalization does not authorize medication use.
MED000869,Cetirizine,Cetirizine,Cetirizine,Cetirizine 10 mg Tablet,Cetirizine; Cetirizine,Tablet,10 mg,Oral,1014676,Antihistamine,RxNorm terminology reference / synthetic mapping,0.98,Already normalized,Cetirizine 10 mg,Synthetic test record. Prescription remains the source of truth; normalization does not authorize medication use.
MED000870,Amlodipin,Amlodipine,Amlodipine,Amlodipine 5 mg Tablet,Amlodipine; Amlodipine,Tablet,5 mg,Oral,308135,Antihypertensive,RxNorm terminology reference / synthetic mapping,0.92,Normalized,Amlodipin 5 mg,Synthetic test record. Prescription remains the source of truth; normalization does not authorize medication use.
MED000871,Domperidone,Domperidone,Domperidone,Domperidone 10 mg Tablet,Domperidone; Domperidone,Tablet,10 mg,Oral,897626,Gastroprokinetic,RxNorm terminology reference / synthetic mapping,0.92,Already normalized,Domperidone 10 mg,Synthetic test record. Prescription remains the source of truth; normalization does not authorize medication use.
MED000872,Prednisolon,Prednisolone,Prednisolone,Prednisolone 10 mg Tablet,Prednisolone; Prednisolone,Tablet,10 mg,Oral,1168002,Corticosteroid,RxNorm terminology reference / synthetic mapping,0.91,Normalized,Prednisolon 10 mg,Synthetic test record. Prescription remains the source of truth; normalization does not authorize medication use.
MED000873,Ibuprof en,Ibuprofen,Ibuprofen,Ibuprofen 400 mg Tablet,Ibuprofen; Ibuprofen,Tablet,400 mg,Oral,310965,NSAID,RxNorm terminology reference / synthetic mapping,0.96,Normalized,Ibuprof en 400 mg,Synthetic test record. Prescription remains the source of truth; normalization does not authorize medication use.
MED000874,Montelukast,Montelukast,Montelukast,Montelukast 10 mg Tablet,Montelukast; Montelukast,Tablet,10 mg,Oral,1018502,Leukotriene receptor antagonist,RxNorm terminology reference / synthetic mapping,0.99,Already normalized,Montelukast 10 mg,Synthetic test record. Prescription remains the source of truth; normalization does not authorize medication use.
MED000875,Telmisartn,Telmisartan,Telmisartan,Telmisartan 40 mg Tablet,Telmisartan; Telmisartan,Tablet,40 mg,Oral,309410,Antihypertensive,RxNorm terminology reference / synthetic mapping,0.95,Normalized,Telmisartn 40 mg,Synthetic test record. Prescription remains the source of truth; normalization does not authorize medication use.
MED000876,Levothyroxine,Levothyroxine,Levothyroxine,Levothyroxine 50 mcg Tablet,Levothyroxine; Levothyroxine,Tablet,50 mcg,Oral,966220,Thyroid hormone,RxNorm terminology reference / synthetic mapping,0.97,Already normalized,Levothyroxine 50 mcg,Synthetic test record. Prescription remains the source of truth; normalization does not authorize medication use.
MED000877,Aspirine,Aspirin,Acetylsalicylic Acid,Acetylsalicylic Acid 75 mg Tablet,Aspirin; Acetylsalicylic Acid,Tablet,75 mg,Oral,1191,Antiplatelet,RxNorm terminology reference / synthetic mapping,0.93,Normalized,Aspirine 75 mg,Synthetic test record. Prescription remains the source of truth; normalization does not authorize medication use.
MED000878,Glimepiride,Glimepiride,Glimepiride,Glimepiride 2 mg Tablet,Glimepiride; Glimepiride,Tablet,2 mg,Oral,861713,Antidiabetic,RxNorm terminology reference / synthetic mapping,0.91,Already normalized,Glimepiride 2 mg,Synthetic test record. Prescription remains the source of truth; normalization does not authorize medication use.
MED000879,Doxycycline,Doxycycline,Doxycycline,Doxycycline 100 mg Capsule,Doxycycline; Doxycycline,Capsule,100 mg,Oral,3640,Antibiotic,RxNorm terminology reference / synthetic mapping,0.92,Already normalized,Doxycycline 100 mg,Synthetic test record. Prescription remains the source of truth; normalization does not authorize medication use.
MED000880,Amoxycillin,Amoxicillin,Amoxicillin,Amoxicillin 500 mg Capsule,Amoxicillin; Amoxicillin,Capsule,500 mg,Oral,723,Antibiotic,RxNorm terminology reference / synthetic mapping,0.96,Normalized,Amoxycillin 500 mg,Synthetic test record. Prescription remains the source of truth; normalization does not authorize medication use.
MED000881,Cetirizine,Cetirizine,Cetirizine,Cetirizine 10 mg Tablet,Cetirizine; Cetirizine,Tablet,10 mg,Oral,1014676,Antihistamine,RxNorm terminology reference / synthetic mapping,0.96,Already normalized,Cetirizine 10 mg,Synthetic test record. Prescription remains the source of truth; normalization does not authorize medication use.
MED000882,Paracitamol,Paracetamol,Acetaminophen,Acetaminophen 500 mg Tablet,Paracetamol; Acetaminophen,Tablet,500 mg,Oral,161,Analgesic / Antipyretic,RxNorm terminology reference / synthetic mapping,0.91,Normalized,Paracitamol 500 mg,Synthetic test record. Prescription remains the source of truth; normalization does not authorize medication use.
MED000883,Ondansatron,Ondansetron,Ondansetron,Ondansetron 4 mg Tablet,Ondansetron; Ondansetron,Tablet,4 mg,Oral,312157,Antiemetic,RxNorm terminology reference / synthetic mapping,0.97,Normalized,Ondansatron 4 mg,Synthetic test record. Prescription remains the source of truth; normalization does not authorize medication use.
MED000884,Azithromicin,Azithromycin,Azithromycin,Azithromycin 500 mg Tablet,Azithromycin; Azithromycin,Tablet,500 mg,Oral,18631,Antibiotic,RxNorm terminology reference / synthetic mapping,0.9,Normalized,Azithromicin 500 mg,Synthetic test record. Prescription remains the source of truth; normalization does not authorize medication use.
MED000885,Metoprololl,Metoprolol,Metoprolol,Metoprolol 25 mg Tablet,Metoprolol; Metoprolol,Tablet,25 mg,Oral,866924,Beta blocker,RxNorm terminology reference / synthetic mapping,0.99,Normalized,Metoprololl 25 mg,Synthetic test record. Prescription remains the source of truth; normalization does not authorize medication use.
MED000886,Salbutamol,Salbutamol,Salbutamol,Salbutamol 100 mcg/dose Inhaler,Salbutamol; Salbutamol,Inhaler,100 mcg/dose,Inhalation,745678,Bronchodilator,RxNorm terminology reference / synthetic mapping,0.97,Already normalized,Salbutamol 100 mcg/dose,Synthetic test record. Prescription remains the source of truth; normalization does not authorize medication use.
MED000887,Ibuprophen,Ibuprofen,Ibuprofen,Ibuprofen 400 mg Tablet,Ibuprofen; Ibuprofen,Tablet,400 mg,Oral,310965,NSAID,RxNorm terminology reference / synthetic mapping,0.92,Normalized,Ibuprophen 400 mg,Synthetic test record. Prescription remains the source of truth; normalization does not authorize medication use.
MED000888,Ciprofloxacine,Ciprofloxacin,Ciprofloxacin,Ciprofloxacin 500 mg Tablet,Ciprofloxacin; Ciprofloxacin,Tablet,500 mg,Oral,2551,Antibiotic,RxNorm terminology reference / synthetic mapping,0.94,Normalized,Ciprofloxacine 500 mg,Synthetic test record. Prescription remains the source of truth; normalization does not authorize medication use.
MED000889,Asprin,Aspirin,Acetylsalicylic Acid,Acetylsalicylic Acid 75 mg Tablet,Aspirin; Acetylsalicylic Acid,Tablet,75 mg,Oral,1191,Antiplatelet,RxNorm terminology reference / synthetic mapping,0.97,Normalized,Asprin 75 mg,Synthetic test record. Prescription remains the source of truth; normalization does not authorize medication use.
MED000890,Paraceta mol,Paracetamol,Acetaminophen,Acetaminophen 500 mg Tablet,Paracetamol; Acetaminophen,Tablet,500 mg,Oral,161,Analgesic / Antipyretic,RxNorm terminology reference / synthetic mapping,0.95,Normalized,Paraceta mol 500 mg,Synthetic test record. Prescription remains the source of truth; normalization does not authorize medication use.
MED000891,Cetirizine,Cetirizine,Cetirizine,Cetirizine 10 mg Tablet,Cetirizine; Cetirizine,Tablet,10 mg,Oral,1014676,Antihistamine,RxNorm terminology reference / synthetic mapping,0.97,Already normalized,Cetirizine 10 mg,Synthetic test record. Prescription remains the source of truth; normalization does not authorize medication use.
MED000892,Warfarin,Warfarin,Warfarin,Warfarin 5 mg Tablet,Warfarin; Warfarin,Tablet,5 mg,Oral,855333,Anticoagulant,RxNorm terminology reference / synthetic mapping,0.95,Already normalized,Warfarin 5 mg,Synthetic test record. Prescription remains the source of truth; normalization does not authorize medication use.
MED000893,Metforrmin,Metformin,Metformin,Metformin 500 mg Tablet,Metformin; Metformin,Tablet,500 mg,Oral,860975,Antidiabetic,RxNorm terminology reference / synthetic mapping,0.92,Normalized,Metforrmin 500 mg,Synthetic test record. Prescription remains the source of truth; normalization does not authorize medication use.
MED000894,Warfain,Warfarin,Warfarin,Warfarin 5 mg Tablet,Warfarin; Warfarin,Tablet,5 mg,Oral,855333,Anticoagulant,RxNorm terminology reference / synthetic mapping,0.95,Normalized,Warfain 5 mg,Synthetic test record. Prescription remains the source of truth; normalization does not authorize medication use.
MED000895,Famotidin,Famotidine,Famotidine,Famotidine 20 mg Tablet,Famotidine; Famotidine,Tablet,20 mg,Oral,966770,H2 receptor antagonist,RxNorm terminology reference / synthetic mapping,0.92,Normalized,Famotidin 20 mg,Synthetic test record. Prescription remains the source of truth; normalization does not authorize medication use.
MED000896,Salbutamol,Salbutamol,Salbutamol,Salbutamol 100 mcg/dose Inhaler,Salbutamol; Salbutamol,Inhaler,100 mcg/dose,Inhalation,745678,Bronchodilator,RxNorm terminology reference / synthetic mapping,0.94,Already normalized,Salbutamol 100 mcg/dose,Synthetic test record. Prescription remains the source of truth; normalization does not authorize medication use.
MED000897,Glimepride,Glimepiride,Glimepiride,Glimepiride 2 mg Tablet,Glimepiride; Glimepiride,Tablet,2 mg,Oral,861713,Antidiabetic,RxNorm terminology reference / synthetic mapping,0.95,Normalized,Glimepride 2 mg,Synthetic test record. Prescription remains the source of truth; normalization does not authorize medication use.
MED000898,Salbutamol,Salbutamol,Salbutamol,Salbutamol 100 mcg/dose Inhaler,Salbutamol; Salbutamol,Inhaler,100 mcg/dose,Inhalation,745678,Bronchodilator,RxNorm terminology reference / synthetic mapping,0.98,Already normalized,Salbutamol 100 mcg/dose,Synthetic test record. Prescription remains the source of truth; normalization does not authorize medication use.
MED000899,Metoprolol,Metoprolol,Metoprolol,Metoprolol 25 mg Tablet,Metoprolol; Metoprolol,Tablet,25 mg,Oral,866924,Beta blocker,RxNorm terminology reference / synthetic mapping,0.95,Already normalized,Metoprolol 25 mg,Synthetic test record. Prescription remains the source of truth; normalization does not authorize medication use.
MED000900,Amlodipne,Amlodipine,Amlodipine,Amlodipine 5 mg Tablet,Amlodipine; Amlodipine,Tablet,5 mg,Oral,308135,Antihypertensive,RxNorm terminology reference / synthetic mapping,0.97,Normalized,Amlodipne 5 mg,Synthetic test record. Prescription remains the source of truth; normalization does not authorize medication use.
MED000901,Ondansetron,Ondansetron,Ondansetron,Ondansetron 4 mg Tablet,Ondansetron; Ondansetron,Tablet,4 mg,Oral,312157,Antiemetic,RxNorm terminology reference / synthetic mapping,0.99,Already normalized,Ondansetron 4 mg,Synthetic test record. Prescription remains the source of truth; normalization does not authorize medication use.
MED000902,Insulin Glargene,Insulin Glargine,Insulin Glargine,Insulin Glargine 100 units/mL Injection,Insulin Glargine; Insulin Glargine,Injection,100 units/mL,Subcutaneous,261551,Insulin,RxNorm terminology reference / synthetic mapping,0.98,Normalized,Insulin Glargene 100 units/mL,Synthetic test record. Prescription remains the source of truth; normalization does not authorize medication use.
MED000903,Telmisartan,Telmisartan,Telmisartan,Telmisartan 40 mg Tablet,Telmisartan; Telmisartan,Tablet,40 mg,Oral,309410,Antihypertensive,RxNorm terminology reference / synthetic mapping,0.92,Already normalized,Telmisartan 40 mg,Synthetic test record. Prescription remains the source of truth; normalization does not authorize medication use.
MED000904,Warfarine,Warfarin,Warfarin,Warfarin 5 mg Tablet,Warfarin; Warfarin,Tablet,5 mg,Oral,855333,Anticoagulant,RxNorm terminology reference / synthetic mapping,0.93,Normalized,Warfarine 5 mg,Synthetic test record. Prescription remains the source of truth; normalization does not authorize medication use.
MED000905,Metoprolol,Metoprolol,Metoprolol,Metoprolol 25 mg Tablet,Metoprolol; Metoprolol,Tablet,25 mg,Oral,866924,Beta blocker,RxNorm terminology reference / synthetic mapping,0.95,Already normalized,Metoprolol 25 mg,Synthetic test record. Prescription remains the source of truth; normalization does not authorize medication use.
MED000906,Prednisolne,Prednisolone,Prednisolone,Prednisolone 10 mg Tablet,Prednisolone; Prednisolone,Tablet,10 mg,Oral,1168002,Corticosteroid,RxNorm terminology reference / synthetic mapping,0.95,Normalized,Prednisolne 10 mg,Synthetic test record. Prescription remains the source of truth; normalization does not authorize medication use.
MED000907,Ondansetron,Ondansetron,Ondansetron,Ondansetron 4 mg Tablet,Ondansetron; Ondansetron,Tablet,4 mg,Oral,312157,Antiemetic,RxNorm terminology reference / synthetic mapping,0.92,Already normalized,Ondansetron 4 mg,Synthetic test record. Prescription remains the source of truth; normalization does not authorize medication use.
MED000908,Cetirizine,Cetirizine,Cetirizine,Cetirizine 10 mg Tablet,Cetirizine; Cetirizine,Tablet,10 mg,Oral,1014676,Antihistamine,RxNorm terminology reference / synthetic mapping,0.95,Already normalized,Cetirizine 10 mg,Synthetic test record. Prescription remains the source of truth; normalization does not authorize medication use.
MED000909,Metoprolol,Metoprolol,Metoprolol,Metoprolol 25 mg Tablet,Metoprolol; Metoprolol,Tablet,25 mg,Oral,866924,Beta blocker,RxNorm terminology reference / synthetic mapping,0.99,Already normalized,Metoprolol 25 mg,Synthetic test record. Prescription remains the source of truth; normalization does not authorize medication use.
MED000910,Furosemide,Furosemide,Furosemide,Furosemide 40 mg Tablet,Furosemide; Furosemide,Tablet,40 mg,Oral,310429,Diuretic,RxNorm terminology reference / synthetic mapping,0.91,Already normalized,Furosemide 40 mg,Synthetic test record. Prescription remains the source of truth; normalization does not authorize medication use.
MED000911,Omeprazloe,Omeprazole,Omeprazole,Omeprazole 20 mg Capsule,Omeprazole; Omeprazole,Capsule,20 mg,Oral,647640,Proton pump inhibitor,RxNorm terminology reference / synthetic mapping,0.99,Normalized,Omeprazloe 20 mg,Synthetic test record. Prescription remains the source of truth; normalization does not authorize medication use.
MED000912,Pantoprazole,Pantoprazole,Pantoprazole,Pantoprazole 40 mg Tablet,Pantoprazole; Pantoprazole,Tablet,40 mg,Oral,861667,Proton pump inhibitor,RxNorm terminology reference / synthetic mapping,0.98,Already normalized,Pantoprazole 40 mg,Synthetic test record. Prescription remains the source of truth; normalization does not authorize medication use.
MED000913,Ibuprof en,Ibuprofen,Ibuprofen,Ibuprofen 400 mg Tablet,Ibuprofen; Ibuprofen,Tablet,400 mg,Oral,310965,NSAID,RxNorm terminology reference / synthetic mapping,0.98,Normalized,Ibuprof en 400 mg,Synthetic test record. Prescription remains the source of truth; normalization does not authorize medication use.
MED000914,Amlodipine,Amlodipine,Amlodipine,Amlodipine 5 mg Tablet,Amlodipine; Amlodipine,Tablet,5 mg,Oral,308135,Antihypertensive,RxNorm terminology reference / synthetic mapping,0.9,Already normalized,Amlodipine 5 mg,Synthetic test record. Prescription remains the source of truth; normalization does not authorize medication use.
MED000915,Telmisartan,Telmisartan,Telmisartan,Telmisartan 40 mg Tablet,Telmisartan; Telmisartan,Tablet,40 mg,Oral,309410,Antihypertensive,RxNorm terminology reference / synthetic mapping,0.93,Already normalized,Telmisartan 40 mg,Synthetic test record. Prescription remains the source of truth; normalization does not authorize medication use.
MED000916,Amlodipine,Amlodipine,Amlodipine,Amlodipine 5 mg Tablet,Amlodipine; Amlodipine,Tablet,5 mg,Oral,308135,Antihypertensive,RxNorm terminology reference / synthetic mapping,0.93,Already normalized,Amlodipine 5 mg,Synthetic test record. Prescription remains the source of truth; normalization does not authorize medication use.
MED000917,Ibuprophen,Ibuprofen,Ibuprofen,Ibuprofen 400 mg Tablet,Ibuprofen; Ibuprofen,Tablet,400 mg,Oral,310965,NSAID,RxNorm terminology reference / synthetic mapping,0.94,Normalized,Ibuprophen 400 mg,Synthetic test record. Prescription remains the source of truth; normalization does not authorize medication use.
MED000918,Telmisartan,Telmisartan,Telmisartan,Telmisartan 40 mg Tablet,Telmisartan; Telmisartan,Tablet,40 mg,Oral,309410,Antihypertensive,RxNorm terminology reference / synthetic mapping,0.96,Already normalized,Telmisartan 40 mg,Synthetic test record. Prescription remains the source of truth; normalization does not authorize medication use.
MED000919,InsulinGlar gine,Insulin Glargine,Insulin Glargine,Insulin Glargine 100 units/mL Injection,Insulin Glargine; Insulin Glargine,Injection,100 units/mL,Subcutaneous,261551,Insulin,RxNorm terminology reference / synthetic mapping,0.98,Normalized,InsulinGlar gine 100 units/mL,Synthetic test record. Prescription remains the source of truth; normalization does not authorize medication use.
MED000920,Domperidone,Domperidone,Domperidone,Domperidone 10 mg Tablet,Domperidone; Domperidone,Tablet,10 mg,Oral,897626,Gastroprokinetic,RxNorm terminology reference / synthetic mapping,0.95,Already normalized,Domperidone 10 mg,Synthetic test record. Prescription remains the source of truth; normalization does not authorize medication use.
MED000921,Losartan,Losartan,Losartan,Losartan 50 mg Tablet,Losartan; Losartan,Tablet,50 mg,Oral,979118,Antihypertensive,RxNorm terminology reference / synthetic mapping,0.94,Already normalized,Losartan 50 mg,Synthetic test record. Prescription remains the source of truth; normalization does not authorize medication use.
MED000922,Clopidogrel,Clopidogrel,Clopidogrel,Clopidogrel 75 mg Tablet,Clopidogrel; Clopidogrel,Tablet,75 mg,Oral,309362,Antiplatelet,RxNorm terminology reference / synthetic mapping,0.96,Already normalized,Clopidogrel 75 mg,Synthetic test record. Prescription remains the source of truth; normalization does not authorize medication use.
MED000923,Budesonide,Budesonide,Budesonide,Budesonide 200 mcg/dose Inhaler,Budesonide; Budesonide,Inhaler,200 mcg/dose,Inhalation,745678,Corticosteroid,RxNorm terminology reference / synthetic mapping,0.93,Already normalized,Budesonide 200 mcg/dose,Synthetic test record. Prescription remains the source of truth; normalization does not authorize medication use.
MED000924,Montelukst,Montelukast,Montelukast,Montelukast 10 mg Tablet,Montelukast; Montelukast,Tablet,10 mg,Oral,1018502,Leukotriene receptor antagonist,RxNorm terminology reference / synthetic mapping,0.92,Normalized,Montelukst 10 mg,Synthetic test record. Prescription remains the source of truth; normalization does not authorize medication use.
MED000925,Pantaprazole,Pantoprazole,Pantoprazole,Pantoprazole 40 mg Tablet,Pantoprazole; Pantoprazole,Tablet,40 mg,Oral,861667,Proton pump inhibitor,RxNorm terminology reference / synthetic mapping,0.93,Normalized,Pantaprazole 40 mg,Synthetic test record. Prescription remains the source of truth; normalization does not authorize medication use.
MED000926,Salbutamoll,Salbutamol,Salbutamol,Salbutamol 100 mcg/dose Inhaler,Salbutamol; Salbutamol,Inhaler,100 mcg/dose,Inhalation,745678,Bronchodilator,RxNorm terminology reference / synthetic mapping,0.99,Normalized,Salbutamoll 100 mcg/dose,Synthetic test record. Prescription remains the source of truth; normalization does not authorize medication use.
MED000927,Montelukast,Montelukast,Montelukast,Montelukast 10 mg Tablet,Montelukast; Montelukast,Tablet,10 mg,Oral,1018502,Leukotriene receptor antagonist,RxNorm terminology reference / synthetic mapping,0.92,Already normalized,Montelukast 10 mg,Synthetic test record. Prescription remains the source of truth; normalization does not authorize medication use.
MED000928,Furosemid,Furosemide,Furosemide,Furosemide 40 mg Tablet,Furosemide; Furosemide,Tablet,40 mg,Oral,310429,Diuretic,RxNorm terminology reference / synthetic mapping,0.98,Normalized,Furosemid 40 mg,Synthetic test record. Prescription remains the source of truth; normalization does not authorize medication use.
MED000929,Diclofenac,Diclofenac,Diclofenac,Diclofenac 50 mg Tablet,Diclofenac; Diclofenac,Tablet,50 mg,Oral,308135,NSAID,RxNorm terminology reference / synthetic mapping,0.97,Already normalized,Diclofenac 50 mg,Synthetic test record. Prescription remains the source of truth; normalization does not authorize medication use.
MED000930,Clopidogrel,Clopidogrel,Clopidogrel,Clopidogrel 75 mg Tablet,Clopidogrel; Clopidogrel,Tablet,75 mg,Oral,309362,Antiplatelet,RxNorm terminology reference / synthetic mapping,0.9,Already normalized,Clopidogrel 75 mg,Synthetic test record. Prescription remains the source of truth; normalization does not authorize medication use.
MED000931,InsulinGlar gine,Insulin Glargine,Insulin Glargine,Insulin Glargine 100 units/mL Injection,Insulin Glargine; Insulin Glargine,Injection,100 units/mL,Subcutaneous,261551,Insulin,RxNorm terminology reference / synthetic mapping,0.98,Normalized,InsulinGlar gine 100 units/mL,Synthetic test record. Prescription remains the source of truth; normalization does not authorize medication use.
MED000932,Metformin,Metformin,Metformin,Metformin 500 mg Tablet,Metformin; Metformin,Tablet,500 mg,Oral,860975,Antidiabetic,RxNorm terminology reference / synthetic mapping,0.96,Already normalized,Metformin 500 mg,Synthetic test record. Prescription remains the source of truth; normalization does not authorize medication use.
MED000933,Omeprazole,Omeprazole,Omeprazole,Omeprazole 20 mg Capsule,Omeprazole; Omeprazole,Capsule,20 mg,Oral,647640,Proton pump inhibitor,RxNorm terminology reference / synthetic mapping,0.97,Already normalized,Omeprazole 20 mg,Synthetic test record. Prescription remains the source of truth; normalization does not authorize medication use.
MED000934,Metformn,Metformin,Metformin,Metformin 500 mg Tablet,Metformin; Metformin,Tablet,500 mg,Oral,860975,Antidiabetic,RxNorm terminology reference / synthetic mapping,0.98,Normalized,Metformn 500 mg,Synthetic test record. Prescription remains the source of truth; normalization does not authorize medication use.
MED000935,Doxycyline,Doxycycline,Doxycycline,Doxycycline 100 mg Capsule,Doxycycline; Doxycycline,Capsule,100 mg,Oral,3640,Antibiotic,RxNorm terminology reference / synthetic mapping,0.94,Normalized,Doxycyline 100 mg,Synthetic test record. Prescription remains the source of truth; normalization does not authorize medication use.
MED000936,Metoprolol,Metoprolol,Metoprolol,Metoprolol 25 mg Tablet,Metoprolol; Metoprolol,Tablet,25 mg,Oral,866924,Beta blocker,RxNorm terminology reference / synthetic mapping,0.98,Already normalized,Metoprolol 25 mg,Synthetic test record. Prescription remains the source of truth; normalization does not authorize medication use.
MED000937,Azithromycine,Azithromycin,Azithromycin,Azithromycin 500 mg Tablet,Azithromycin; Azithromycin,Tablet,500 mg,Oral,18631,Antibiotic,RxNorm terminology reference / synthetic mapping,0.93,Normalized,Azithromycine 500 mg,Synthetic test record. Prescription remains the source of truth; normalization does not authorize medication use.
MED000938,Glimepiride,Glimepiride,Glimepiride,Glimepiride 2 mg Tablet,Glimepiride; Glimepiride,Tablet,2 mg,Oral,861713,Antidiabetic,RxNorm terminology reference / synthetic mapping,0.99,Already normalized,Glimepiride 2 mg,Synthetic test record. Prescription remains the source of truth; normalization does not authorize medication use.
MED000939,Paracetmol,Paracetamol,Acetaminophen,Acetaminophen 500 mg Tablet,Paracetamol; Acetaminophen,Tablet,500 mg,Oral,161,Analgesic / Antipyretic,RxNorm terminology reference / synthetic mapping,0.92,Normalized,Paracetmol 500 mg,Synthetic test record. Prescription remains the source of truth; normalization does not authorize medication use.
MED000940,Doxycicline,Doxycycline,Doxycycline,Doxycycline 100 mg Capsule,Doxycycline; Doxycycline,Capsule,100 mg,Oral,3640,Antibiotic,RxNorm terminology reference / synthetic mapping,0.9,Normalized,Doxycicline 100 mg,Synthetic test record. Prescription remains the source of truth; normalization does not authorize medication use.
MED000941,Pantaprazole,Pantoprazole,Pantoprazole,Pantoprazole 40 mg Tablet,Pantoprazole; Pantoprazole,Tablet,40 mg,Oral,861667,Proton pump inhibitor,RxNorm terminology reference / synthetic mapping,0.96,Normalized,Pantaprazole 40 mg,Synthetic test record. Prescription remains the source of truth; normalization does not authorize medication use.
MED000942,Warfarin,Warfarin,Warfarin,Warfarin 5 mg Tablet,Warfarin; Warfarin,Tablet,5 mg,Oral,855333,Anticoagulant,RxNorm terminology reference / synthetic mapping,0.94,Already normalized,Warfarin 5 mg,Synthetic test record. Prescription remains the source of truth; normalization does not authorize medication use.
MED000943,Diclofenac,Diclofenac,Diclofenac,Diclofenac 50 mg Tablet,Diclofenac; Diclofenac,Tablet,50 mg,Oral,308135,NSAID,RxNorm terminology reference / synthetic mapping,0.99,Already normalized,Diclofenac 50 mg,Synthetic test record. Prescription remains the source of truth; normalization does not authorize medication use.
MED000944,Warfain,Warfarin,Warfarin,Warfarin 5 mg Tablet,Warfarin; Warfarin,Tablet,5 mg,Oral,855333,Anticoagulant,RxNorm terminology reference / synthetic mapping,0.95,Normalized,Warfain 5 mg,Synthetic test record. Prescription remains the source of truth; normalization does not authorize medication use.
MED000945,Paracetamol,Paracetamol,Acetaminophen,Acetaminophen 500 mg Tablet,Paracetamol; Acetaminophen,Tablet,500 mg,Oral,161,Analgesic / Antipyretic,RxNorm terminology reference / synthetic mapping,0.95,Already normalized,Paracetamol 500 mg,Synthetic test record. Prescription remains the source of truth; normalization does not authorize medication use.
MED000946,Diclofenac,Diclofenac,Diclofenac,Diclofenac 50 mg Tablet,Diclofenac; Diclofenac,Tablet,50 mg,Oral,308135,NSAID,RxNorm terminology reference / synthetic mapping,0.98,Already normalized,Diclofenac 50 mg,Synthetic test record. Prescription remains the source of truth; normalization does not authorize medication use.
MED000947,Famotidin,Famotidine,Famotidine,Famotidine 20 mg Tablet,Famotidine; Famotidine,Tablet,20 mg,Oral,966770,H2 receptor antagonist,RxNorm terminology reference / synthetic mapping,0.92,Normalized,Famotidin 20 mg,Synthetic test record. Prescription remains the source of truth; normalization does not authorize medication use.
MED000948,Domperidone,Domperidone,Domperidone,Domperidone 10 mg Tablet,Domperidone; Domperidone,Tablet,10 mg,Oral,897626,Gastroprokinetic,RxNorm terminology reference / synthetic mapping,0.96,Already normalized,Domperidone 10 mg,Synthetic test record. Prescription remains the source of truth; normalization does not authorize medication use.
MED000949,Amoxicillin,Amoxicillin,Amoxicillin,Amoxicillin 500 mg Capsule,Amoxicillin; Amoxicillin,Capsule,500 mg,Oral,723,Antibiotic,RxNorm terminology reference / synthetic mapping,0.94,Already normalized,Amoxicillin 500 mg,Synthetic test record. Prescription remains the source of truth; normalization does not authorize medication use.
MED000950,Pantoprazole,Pantoprazole,Pantoprazole,Pantoprazole 40 mg Tablet,Pantoprazole; Pantoprazole,Tablet,40 mg,Oral,861667,Proton pump inhibitor,RxNorm terminology reference / synthetic mapping,0.94,Already normalized,Pantoprazole 40 mg,Synthetic test record. Prescription remains the source of truth; normalization does not authorize medication use.
MED000951,Omeprazole,Omeprazole,Omeprazole,Omeprazole 20 mg Capsule,Omeprazole; Omeprazole,Capsule,20 mg,Oral,647640,Proton pump inhibitor,RxNorm terminology reference / synthetic mapping,0.94,Already normalized,Omeprazole 20 mg,Synthetic test record. Prescription remains the source of truth; normalization does not authorize medication use.
MED000952,Metformn,Metformin,Metformin,Metformin 500 mg Tablet,Metformin; Metformin,Tablet,500 mg,Oral,860975,Antidiabetic,RxNorm terminology reference / synthetic mapping,0.92,Normalized,Metformn 500 mg,Synthetic test record. Prescription remains the source of truth; normalization does not authorize medication use.
MED000953,Ibuprofen,Ibuprofen,Ibuprofen,Ibuprofen 400 mg Tablet,Ibuprofen; Ibuprofen,Tablet,400 mg,Oral,310965,NSAID,RxNorm terminology reference / synthetic mapping,0.97,Already normalized,Ibuprofen 400 mg,Synthetic test record. Prescription remains the source of truth; normalization does not authorize medication use.
MED000954,Amoxicillin,Amoxicillin,Amoxicillin,Amoxicillin 500 mg Capsule,Amoxicillin; Amoxicillin,Capsule,500 mg,Oral,723,Antibiotic,RxNorm terminology reference / synthetic mapping,0.91,Already normalized,Amoxicillin 500 mg,Synthetic test record. Prescription remains the source of truth; normalization does not authorize medication use.
MED000955,Amoxillin,Amoxicillin,Amoxicillin,Amoxicillin 500 mg Capsule,Amoxicillin; Amoxicillin,Capsule,500 mg,Oral,723,Antibiotic,RxNorm terminology reference / synthetic mapping,0.97,Normalized,Amoxillin 500 mg,Synthetic test record. Prescription remains the source of truth; normalization does not authorize medication use.
MED000956,Aspirin,Aspirin,Acetylsalicylic Acid,Acetylsalicylic Acid 75 mg Tablet,Aspirin; Acetylsalicylic Acid,Tablet,75 mg,Oral,1191,Antiplatelet,RxNorm terminology reference / synthetic mapping,0.95,Already normalized,Aspirin 75 mg,Synthetic test record. Prescription remains the source of truth; normalization does not authorize medication use.
MED000957,Clopidgrel,Clopidogrel,Clopidogrel,Clopidogrel 75 mg Tablet,Clopidogrel; Clopidogrel,Tablet,75 mg,Oral,309362,Antiplatelet,RxNorm terminology reference / synthetic mapping,0.98,Normalized,Clopidgrel 75 mg,Synthetic test record. Prescription remains the source of truth; normalization does not authorize medication use.
MED000958,Amlodipne,Amlodipine,Amlodipine,Amlodipine 5 mg Tablet,Amlodipine; Amlodipine,Tablet,5 mg,Oral,308135,Antihypertensive,RxNorm terminology reference / synthetic mapping,0.97,Normalized,Amlodipne 5 mg,Synthetic test record. Prescription remains the source of truth; normalization does not authorize medication use.
MED000959,Montelukast,Montelukast,Montelukast,Montelukast 10 mg Tablet,Montelukast; Montelukast,Tablet,10 mg,Oral,1018502,Leukotriene receptor antagonist,RxNorm terminology reference / synthetic mapping,0.92,Already normalized,Montelukast 10 mg,Synthetic test record. Prescription remains the source of truth; normalization does not authorize medication use.
MED000960,Losartan,Losartan,Losartan,Losartan 50 mg Tablet,Losartan; Losartan,Tablet,50 mg,Oral,979118,Antihypertensive,RxNorm terminology reference / synthetic mapping,0.91,Already normalized,Losartan 50 mg,Synthetic test record. Prescription remains the source of truth; normalization does not authorize medication use.
MED000961,Furosemid,Furosemide,Furosemide,Furosemide 40 mg Tablet,Furosemide; Furosemide,Tablet,40 mg,Oral,310429,Diuretic,RxNorm terminology reference / synthetic mapping,0.96,Normalized,Furosemid 40 mg,Synthetic test record. Prescription remains the source of truth; normalization does not authorize medication use.
MED000962,Omerpazole,Omeprazole,Omeprazole,Omeprazole 20 mg Capsule,Omeprazole; Omeprazole,Capsule,20 mg,Oral,647640,Proton pump inhibitor,RxNorm terminology reference / synthetic mapping,0.91,Normalized,Omerpazole 20 mg,Synthetic test record. Prescription remains the source of truth; normalization does not authorize medication use.
MED000963,Ondansatron,Ondansetron,Ondansetron,Ondansetron 4 mg Tablet,Ondansetron; Ondansetron,Tablet,4 mg,Oral,312157,Antiemetic,RxNorm terminology reference / synthetic mapping,0.91,Normalized,Ondansatron 4 mg,Synthetic test record. Prescription remains the source of truth; normalization does not authorize medication use.
MED000964,Metformn,Metformin,Metformin,Metformin 500 mg Tablet,Metformin; Metformin,Tablet,500 mg,Oral,860975,Antidiabetic,RxNorm terminology reference / synthetic mapping,0.91,Normalized,Metformn 500 mg,Synthetic test record. Prescription remains the source of truth; normalization does not authorize medication use.
MED000965,Aspirin,Aspirin,Acetylsalicylic Acid,Acetylsalicylic Acid 75 mg Tablet,Aspirin; Acetylsalicylic Acid,Tablet,75 mg,Oral,1191,Antiplatelet,RxNorm terminology reference / synthetic mapping,0.93,Already normalized,Aspirin 75 mg,Synthetic test record. Prescription remains the source of truth; normalization does not authorize medication use.
MED000966,Losartan,Losartan,Losartan,Losartan 50 mg Tablet,Losartan; Losartan,Tablet,50 mg,Oral,979118,Antihypertensive,RxNorm terminology reference / synthetic mapping,0.92,Already normalized,Losartan 50 mg,Synthetic test record. Prescription remains the source of truth; normalization does not authorize medication use.
MED000967,Warfarine,Warfarin,Warfarin,Warfarin 5 mg Tablet,Warfarin; Warfarin,Tablet,5 mg,Oral,855333,Anticoagulant,RxNorm terminology reference / synthetic mapping,0.98,Normalized,Warfarine 5 mg,Synthetic test record. Prescription remains the source of truth; normalization does not authorize medication use.
MED000968,Doxycycline,Doxycycline,Doxycycline,Doxycycline 100 mg Capsule,Doxycycline; Doxycycline,Capsule,100 mg,Oral,3640,Antibiotic,RxNorm terminology reference / synthetic mapping,0.91,Already normalized,Doxycycline 100 mg,Synthetic test record. Prescription remains the source of truth; normalization does not authorize medication use.
MED000969,Glimepride,Glimepiride,Glimepiride,Glimepiride 2 mg Tablet,Glimepiride; Glimepiride,Tablet,2 mg,Oral,861713,Antidiabetic,RxNorm terminology reference / synthetic mapping,0.95,Normalized,Glimepride 2 mg,Synthetic test record. Prescription remains the source of truth; normalization does not authorize medication use.
MED000970,Amlodipine,Amlodipine,Amlodipine,Amlodipine 5 mg Tablet,Amlodipine; Amlodipine,Tablet,5 mg,Oral,308135,Antihypertensive,RxNorm terminology reference / synthetic mapping,0.91,Already normalized,Amlodipine 5 mg,Synthetic test record. Prescription remains the source of truth; normalization does not authorize medication use.
MED000971,Ondansetron,Ondansetron,Ondansetron,Ondansetron 4 mg Tablet,Ondansetron; Ondansetron,Tablet,4 mg,Oral,312157,Antiemetic,RxNorm terminology reference / synthetic mapping,0.96,Already normalized,Ondansetron 4 mg,Synthetic test record. Prescription remains the source of truth; normalization does not authorize medication use.
MED000972,Levothyroxin,Levothyroxine,Levothyroxine,Levothyroxine 50 mcg Tablet,Levothyroxine; Levothyroxine,Tablet,50 mcg,Oral,966220,Thyroid hormone,RxNorm terminology reference / synthetic mapping,0.93,Normalized,Levothyroxin 50 mcg,Synthetic test record. Prescription remains the source of truth; normalization does not authorize medication use.
MED000973,Amlodipinee,Amlodipine,Amlodipine,Amlodipine 5 mg Tablet,Amlodipine; Amlodipine,Tablet,5 mg,Oral,308135,Antihypertensive,RxNorm terminology reference / synthetic mapping,0.96,Normalized,Amlodipinee 5 mg,Synthetic test record. Prescription remains the source of truth; normalization does not authorize medication use.
MED000974,Domperidn,Domperidone,Domperidone,Domperidone 10 mg Tablet,Domperidone; Domperidone,Tablet,10 mg,Oral,897626,Gastroprokinetic,RxNorm terminology reference / synthetic mapping,0.92,Normalized,Domperidn 10 mg,Synthetic test record. Prescription remains the source of truth; normalization does not authorize medication use.
MED000975,Warfain,Warfarin,Warfarin,Warfarin 5 mg Tablet,Warfarin; Warfarin,Tablet,5 mg,Oral,855333,Anticoagulant,RxNorm terminology reference / synthetic mapping,0.91,Normalized,Warfain 5 mg,Synthetic test record. Prescription remains the source of truth; normalization does not authorize medication use.
MED000976,Azithromycin,Azithromycin,Azithromycin,Azithromycin 500 mg Tablet,Azithromycin; Azithromycin,Tablet,500 mg,Oral,18631,Antibiotic,RxNorm terminology reference / synthetic mapping,0.99,Already normalized,Azithromycin 500 mg,Synthetic test record. Prescription remains the source of truth; normalization does not authorize medication use.
MED000977,Pantoprazole,Pantoprazole,Pantoprazole,Pantoprazole 40 mg Tablet,Pantoprazole; Pantoprazole,Tablet,40 mg,Oral,861667,Proton pump inhibitor,RxNorm terminology reference / synthetic mapping,0.92,Already normalized,Pantoprazole 40 mg,Synthetic test record. Prescription remains the source of truth; normalization does not authorize medication use.
MED000978,Atorvastatin,Atorvastatin,Atorvastatin,Atorvastatin 20 mg Tablet,Atorvastatin; Atorvastatin,Tablet,20 mg,Oral,617314,Lipid-lowering agent,RxNorm terminology reference / synthetic mapping,0.93,Already normalized,Atorvastatin 20 mg,Synthetic test record. Prescription remains the source of truth; normalization does not authorize medication use.
MED000979,Levothroxine,Levothyroxine,Levothyroxine,Levothyroxine 50 mcg Tablet,Levothyroxine; Levothyroxine,Tablet,50 mcg,Oral,966220,Thyroid hormone,RxNorm terminology reference / synthetic mapping,0.91,Normalized,Levothroxine 50 mcg,Synthetic test record. Prescription remains the source of truth; normalization does not authorize medication use.
MED000980,Diclofenac,Diclofenac,Diclofenac,Diclofenac 50 mg Tablet,Diclofenac; Diclofenac,Tablet,50 mg,Oral,308135,NSAID,RxNorm terminology reference / synthetic mapping,0.98,Already normalized,Diclofenac 50 mg,Synthetic test record. Prescription remains the source of truth; normalization does not authorize medication use.
MED000981,Clopidogrel,Clopidogrel,Clopidogrel,Clopidogrel 75 mg Tablet,Clopidogrel; Clopidogrel,Tablet,75 mg,Oral,309362,Antiplatelet,RxNorm terminology reference / synthetic mapping,0.96,Already normalized,Clopidogrel 75 mg,Synthetic test record. Prescription remains the source of truth; normalization does not authorize medication use.
MED000982,Omerpazole,Omeprazole,Omeprazole,Omeprazole 20 mg Capsule,Omeprazole; Omeprazole,Capsule,20 mg,Oral,647640,Proton pump inhibitor,RxNorm terminology reference / synthetic mapping,0.96,Normalized,Omerpazole 20 mg,Synthetic test record. Prescription remains the source of truth; normalization does not authorize medication use.
MED000983,Aspirin,Aspirin,Acetylsalicylic Acid,Acetylsalicylic Acid 75 mg Tablet,Aspirin; Acetylsalicylic Acid,Tablet,75 mg,Oral,1191,Antiplatelet,RxNorm terminology reference / synthetic mapping,0.93,Already normalized,Aspirin 75 mg,Synthetic test record. Prescription remains the source of truth; normalization does not authorize medication use.
MED000984,Prednisolon,Prednisolone,Prednisolone,Prednisolone 10 mg Tablet,Prednisolone; Prednisolone,Tablet,10 mg,Oral,1168002,Corticosteroid,RxNorm terminology reference / synthetic mapping,0.98,Normalized,Prednisolon 10 mg,Synthetic test record. Prescription remains the source of truth; normalization does not authorize medication use.
MED000985,Amoxycillin,Amoxicillin,Amoxicillin,Amoxicillin 500 mg Capsule,Amoxicillin; Amoxicillin,Capsule,500 mg,Oral,723,Antibiotic,RxNorm terminology reference / synthetic mapping,0.98,Normalized,Amoxycillin 500 mg,Synthetic test record. Prescription remains the source of truth; normalization does not authorize medication use.
MED000986,Pantaprazole,Pantoprazole,Pantoprazole,Pantoprazole 40 mg Tablet,Pantoprazole; Pantoprazole,Tablet,40 mg,Oral,861667,Proton pump inhibitor,RxNorm terminology reference / synthetic mapping,0.95,Normalized,Pantaprazole 40 mg,Synthetic test record. Prescription remains the source of truth; normalization does not authorize medication use.
MED000987,Ondansetron,Ondansetron,Ondansetron,Ondansetron 4 mg Tablet,Ondansetron; Ondansetron,Tablet,4 mg,Oral,312157,Antiemetic,RxNorm terminology reference / synthetic mapping,0.96,Already normalized,Ondansetron 4 mg,Synthetic test record. Prescription remains the source of truth; normalization does not authorize medication use.
MED000988,Levothyroxine,Levothyroxine,Levothyroxine,Levothyroxine 50 mcg Tablet,Levothyroxine; Levothyroxine,Tablet,50 mcg,Oral,966220,Thyroid hormone,RxNorm terminology reference / synthetic mapping,0.98,Already normalized,Levothyroxine 50 mcg,Synthetic test record. Prescription remains the source of truth; normalization does not authorize medication use.
MED000989,Clopidogrel,Clopidogrel,Clopidogrel,Clopidogrel 75 mg Tablet,Clopidogrel; Clopidogrel,Tablet,75 mg,Oral,309362,Antiplatelet,RxNorm terminology reference / synthetic mapping,0.96,Already normalized,Clopidogrel 75 mg,Synthetic test record. Prescription remains the source of truth; normalization does not authorize medication use.
MED000990,Ciprofloxacine,Ciprofloxacin,Ciprofloxacin,Ciprofloxacin 500 mg Tablet,Ciprofloxacin; Ciprofloxacin,Tablet,500 mg,Oral,2551,Antibiotic,RxNorm terminology reference / synthetic mapping,0.95,Normalized,Ciprofloxacine 500 mg,Synthetic test record. Prescription remains the source of truth; normalization does not authorize medication use.
MED000991,Aspirine,Aspirin,Acetylsalicylic Acid,Acetylsalicylic Acid 75 mg Tablet,Aspirin; Acetylsalicylic Acid,Tablet,75 mg,Oral,1191,Antiplatelet,RxNorm terminology reference / synthetic mapping,0.93,Normalized,Aspirine 75 mg,Synthetic test record. Prescription remains the source of truth; normalization does not authorize medication use.
MED000992,Domperidn,Domperidone,Domperidone,Domperidone 10 mg Tablet,Domperidone; Domperidone,Tablet,10 mg,Oral,897626,Gastroprokinetic,RxNorm terminology reference / synthetic mapping,0.92,Normalized,Domperidn 10 mg,Synthetic test record. Prescription remains the source of truth; normalization does not authorize medication use.
MED000993,Metformn,Metformin,Metformin,Metformin 500 mg Tablet,Metformin; Metformin,Tablet,500 mg,Oral,860975,Antidiabetic,RxNorm terminology reference / synthetic mapping,0.97,Normalized,Metformn 500 mg,Synthetic test record. Prescription remains the source of truth; normalization does not authorize medication use.
MED000994,Levothroxine,Levothyroxine,Levothyroxine,Levothyroxine 50 mcg Tablet,Levothyroxine; Levothyroxine,Tablet,50 mcg,Oral,966220,Thyroid hormone,RxNorm terminology reference / synthetic mapping,0.93,Normalized,Levothroxine 50 mcg,Synthetic test record. Prescription remains the source of truth; normalization does not authorize medication use.
MED000995,Clopidgrel,Clopidogrel,Clopidogrel,Clopidogrel 75 mg Tablet,Clopidogrel; Clopidogrel,Tablet,75 mg,Oral,309362,Antiplatelet,RxNorm terminology reference / synthetic mapping,0.93,Normalized,Clopidgrel 75 mg,Synthetic test record. Prescription remains the source of truth; normalization does not authorize medication use.
MED000996,Pantoprazole,Pantoprazole,Pantoprazole,Pantoprazole 40 mg Tablet,Pantoprazole; Pantoprazole,Tablet,40 mg,Oral,861667,Proton pump inhibitor,RxNorm terminology reference / synthetic mapping,0.96,Already normalized,Pantoprazole 40 mg,Synthetic test record. Prescription remains the source of truth; normalization does not authorize medication use.
MED000997,Omeprazloe,Omeprazole,Omeprazole,Omeprazole 20 mg Capsule,Omeprazole; Omeprazole,Capsule,20 mg,Oral,647640,Proton pump inhibitor,RxNorm terminology reference / synthetic mapping,0.95,Normalized,Omeprazloe 20 mg,Synthetic test record. Prescription remains the source of truth; normalization does not authorize medication use.
MED000998,Losartan,Losartan,Losartan,Losartan 50 mg Tablet,Losartan; Losartan,Tablet,50 mg,Oral,979118,Antihypertensive,RxNorm terminology reference / synthetic mapping,0.9,Already normalized,Losartan 50 mg,Synthetic test record. Prescription remains the source of truth; normalization does not authorize medication use.
MED000999,Doxycicline,Doxycycline,Doxycycline,Doxycycline 100 mg Capsule,Doxycycline; Doxycycline,Capsule,100 mg,Oral,3640,Antibiotic,RxNorm terminology reference / synthetic mapping,0.93,Normalized,Doxycicline 100 mg,Synthetic test record. Prescription remains the source of truth; normalization does not authorize medication use.
MED001000,Clopidogrel,Clopidogrel,Clopidogrel,Clopidogrel 75 mg Tablet,Clopidogrel; Clopidogrel,Tablet,75 mg,Oral,309362,Antiplatelet,RxNorm terminology reference / synthetic mapping,0.92,Already normalized,Clopidogrel 75 mg,Synthetic test record. Prescription remains the source of truth; normalization does not authorize medication use.
MED001001,Montelukast,Montelukast,Montelukast,Montelukast 10 mg Tablet,Montelukast; Montelukast,Tablet,10 mg,Oral,1018502,Leukotriene receptor antagonist,RxNorm terminology reference / synthetic mapping,0.94,Already normalized,Montelukast 10 mg,Synthetic test record. Prescription remains the source of truth; normalization does not authorize medication use.
MED001002,Paraceta mol,Paracetamol,Acetaminophen,Acetaminophen 500 mg Tablet,Paracetamol; Acetaminophen,Tablet,500 mg,Oral,161,Analgesic / Antipyretic,RxNorm terminology reference / synthetic mapping,0.93,Normalized,Paraceta mol 500 mg,Synthetic test record. Prescription remains the source of truth; normalization does not authorize medication use.
MED001003,Aspirin,Aspirin,Acetylsalicylic Acid,Acetylsalicylic Acid 75 mg Tablet,Aspirin; Acetylsalicylic Acid,Tablet,75 mg,Oral,1191,Antiplatelet,RxNorm terminology reference / synthetic mapping,0.94,Already normalized,Aspirin 75 mg,Synthetic test record. Prescription remains the source of truth; normalization does not authorize medication use.
MED001004,Pantaprazole,Pantoprazole,Pantoprazole,Pantoprazole 40 mg Tablet,Pantoprazole; Pantoprazole,Tablet,40 mg,Oral,861667,Proton pump inhibitor,RxNorm terminology reference / synthetic mapping,0.94,Normalized,Pantaprazole 40 mg,Synthetic test record. Prescription remains the source of truth; normalization does not authorize medication use.
MED001005,Losartam,Losartan,Losartan,Losartan 50 mg Tablet,Losartan; Losartan,Tablet,50 mg,Oral,979118,Antihypertensive,RxNorm terminology reference / synthetic mapping,0.91,Normalized,Losartam 50 mg,Synthetic test record. Prescription remains the source of truth; normalization does not authorize medication use.
MED001006,Levothroxine,Levothyroxine,Levothyroxine,Levothyroxine 50 mcg Tablet,Levothyroxine; Levothyroxine,Tablet,50 mcg,Oral,966220,Thyroid hormone,RxNorm terminology reference / synthetic mapping,0.92,Normalized,Levothroxine 50 mcg,Synthetic test record. Prescription remains the source of truth; normalization does not authorize medication use.
MED001007,Diclofenak,Diclofenac,Diclofenac,Diclofenac 50 mg Tablet,Diclofenac; Diclofenac,Tablet,50 mg,Oral,308135,NSAID,RxNorm terminology reference / synthetic mapping,0.98,Normalized,Diclofenak 50 mg,Synthetic test record. Prescription remains the source of truth; normalization does not authorize medication use.
MED001008,Amlodipinee,Amlodipine,Amlodipine,Amlodipine 5 mg Tablet,Amlodipine; Amlodipine,Tablet,5 mg,Oral,308135,Antihypertensive,RxNorm terminology reference / synthetic mapping,0.94,Normalized,Amlodipinee 5 mg,Synthetic test record. Prescription remains the source of truth; normalization does not authorize medication use.
MED001009,Salbutemol,Salbutamol,Salbutamol,Salbutamol 100 mcg/dose Inhaler,Salbutamol; Salbutamol,Inhaler,100 mcg/dose,Inhalation,745678,Bronchodilator,RxNorm terminology reference / synthetic mapping,0.98,Normalized,Salbutemol 100 mcg/dose,Synthetic test record. Prescription remains the source of truth; normalization does not authorize medication use.
MED001010,Montelukast,Montelukast,Montelukast,Montelukast 10 mg Tablet,Montelukast; Montelukast,Tablet,10 mg,Oral,1018502,Leukotriene receptor antagonist,RxNorm terminology reference / synthetic mapping,0.95,Already normalized,Montelukast 10 mg,Synthetic test record. Prescription remains the source of truth; normalization does not authorize medication use.
MED001011,Ondansetron,Ondansetron,Ondansetron,Ondansetron 4 mg Tablet,Ondansetron; Ondansetron,Tablet,4 mg,Oral,312157,Antiemetic,RxNorm terminology reference / synthetic mapping,0.95,Already normalized,Ondansetron 4 mg,Synthetic test record. Prescription remains the source of truth; normalization does not authorize medication use.
MED001012,Omeprazol,Omeprazole,Omeprazole,Omeprazole 20 mg Capsule,Omeprazole; Omeprazole,Capsule,20 mg,Oral,647640,Proton pump inhibitor,RxNorm terminology reference / synthetic mapping,0.96,Normalized,Omeprazol 20 mg,Synthetic test record. Prescription remains the source of truth; normalization does not authorize medication use.
MED001013,Montelukast,Montelukast,Montelukast,Montelukast 10 mg Tablet,Montelukast; Montelukast,Tablet,10 mg,Oral,1018502,Leukotriene receptor antagonist,RxNorm terminology reference / synthetic mapping,0.91,Already normalized,Montelukast 10 mg,Synthetic test record. Prescription remains the source of truth; normalization does not authorize medication use.
MED001014,Ciprofloxacin,Ciprofloxacin,Ciprofloxacin,Ciprofloxacin 500 mg Tablet,Ciprofloxacin; Ciprofloxacin,Tablet,500 mg,Oral,2551,Antibiotic,RxNorm terminology reference / synthetic mapping,0.95,Already normalized,Ciprofloxacin 500 mg,Synthetic test record. Prescription remains the source of truth; normalization does not authorize medication use.
MED001015,Levothyroxin,Levothyroxine,Levothyroxine,Levothyroxine 50 mcg Tablet,Levothyroxine; Levothyroxine,Tablet,50 mcg,Oral,966220,Thyroid hormone,RxNorm terminology reference / synthetic mapping,0.96,Normalized,Levothyroxin 50 mcg,Synthetic test record. Prescription remains the source of truth; normalization does not authorize medication use.
MED001016,Atorvastatin,Atorvastatin,Atorvastatin,Atorvastatin 20 mg Tablet,Atorvastatin; Atorvastatin,Tablet,20 mg,Oral,617314,Lipid-lowering agent,RxNorm terminology reference / synthetic mapping,0.93,Already normalized,Atorvastatin 20 mg,Synthetic test record. Prescription remains the source of truth; normalization does not authorize medication use.
MED001017,Glimepride,Glimepiride,Glimepiride,Glimepiride 2 mg Tablet,Glimepiride; Glimepiride,Tablet,2 mg,Oral,861713,Antidiabetic,RxNorm terminology reference / synthetic mapping,0.95,Normalized,Glimepride 2 mg,Synthetic test record. Prescription remains the source of truth; normalization does not authorize medication use.
MED001018,Warfarn,Warfarin,Warfarin,Warfarin 5 mg Tablet,Warfarin; Warfarin,Tablet,5 mg,Oral,855333,Anticoagulant,RxNorm terminology reference / synthetic mapping,0.98,Normalized,Warfarn 5 mg,Synthetic test record. Prescription remains the source of truth; normalization does not authorize medication use.
MED001019,Clopidogrel,Clopidogrel,Clopidogrel,Clopidogrel 75 mg Tablet,Clopidogrel; Clopidogrel,Tablet,75 mg,Oral,309362,Antiplatelet,RxNorm terminology reference / synthetic mapping,0.97,Already normalized,Clopidogrel 75 mg,Synthetic test record. Prescription remains the source of truth; normalization does not authorize medication use.
MED001020,Glimepiride,Glimepiride,Glimepiride,Glimepiride 2 mg Tablet,Glimepiride; Glimepiride,Tablet,2 mg,Oral,861713,Antidiabetic,RxNorm terminology reference / synthetic mapping,0.97,Already normalized,Glimepiride 2 mg,Synthetic test record. Prescription remains the source of truth; normalization does not authorize medication use.
MED001021,Pantoprazol,Pantoprazole,Pantoprazole,Pantoprazole 40 mg Tablet,Pantoprazole; Pantoprazole,Tablet,40 mg,Oral,861667,Proton pump inhibitor,RxNorm terminology reference / synthetic mapping,0.96,Normalized,Pantoprazol 40 mg,Synthetic test record. Prescription remains the source of truth; normalization does not authorize medication use.
MED001022,Amoxcillin,Amoxicillin,Amoxicillin,Amoxicillin 500 mg Capsule,Amoxicillin; Amoxicillin,Capsule,500 mg,Oral,723,Antibiotic,RxNorm terminology reference / synthetic mapping,0.92,Normalized,Amoxcillin 500 mg,Synthetic test record. Prescription remains the source of truth; normalization does not authorize medication use.
MED001023,Amoxillin,Amoxicillin,Amoxicillin,Amoxicillin 500 mg Capsule,Amoxicillin; Amoxicillin,Capsule,500 mg,Oral,723,Antibiotic,RxNorm terminology reference / synthetic mapping,0.91,Normalized,Amoxillin 500 mg,Synthetic test record. Prescription remains the source of truth; normalization does not authorize medication use.
MED001024,Amlodipne,Amlodipine,Amlodipine,Amlodipine 5 mg Tablet,Amlodipine; Amlodipine,Tablet,5 mg,Oral,308135,Antihypertensive,RxNorm terminology reference / synthetic mapping,0.9,Normalized,Amlodipne 5 mg,Synthetic test record. Prescription remains the source of truth; normalization does not authorize medication use.
MED001025,Azithromicin,Azithromycin,Azithromycin,Azithromycin 500 mg Tablet,Azithromycin; Azithromycin,Tablet,500 mg,Oral,18631,Antibiotic,RxNorm terminology reference / synthetic mapping,0.92,Normalized,Azithromicin 500 mg,Synthetic test record. Prescription remains the source of truth; normalization does not authorize medication use.
MED001026,Furosemide,Furosemide,Furosemide,Furosemide 40 mg Tablet,Furosemide; Furosemide,Tablet,40 mg,Oral,310429,Diuretic,RxNorm terminology reference / synthetic mapping,0.9,Already normalized,Furosemide 40 mg,Synthetic test record. Prescription remains the source of truth; normalization does not authorize medication use.
MED001027,Metformin,Metformin,Metformin,Metformin 500 mg Tablet,Metformin; Metformin,Tablet,500 mg,Oral,860975,Antidiabetic,RxNorm terminology reference / synthetic mapping,0.91,Already normalized,Metformin 500 mg,Synthetic test record. Prescription remains the source of truth; normalization does not authorize medication use.
MED001028,Furosemid,Furosemide,Furosemide,Furosemide 40 mg Tablet,Furosemide; Furosemide,Tablet,40 mg,Oral,310429,Diuretic,RxNorm terminology reference / synthetic mapping,0.97,Normalized,Furosemid 40 mg,Synthetic test record. Prescription remains the source of truth; normalization does not authorize medication use.
MED001029,Montelukast,Montelukast,Montelukast,Montelukast 10 mg Tablet,Montelukast; Montelukast,Tablet,10 mg,Oral,1018502,Leukotriene receptor antagonist,RxNorm terminology reference / synthetic mapping,0.97,Already normalized,Montelukast 10 mg,Synthetic test record. Prescription remains the source of truth; normalization does not authorize medication use.
MED001030,Amlodipne,Amlodipine,Amlodipine,Amlodipine 5 mg Tablet,Amlodipine; Amlodipine,Tablet,5 mg,Oral,308135,Antihypertensive,RxNorm terminology reference / synthetic mapping,0.93,Normalized,Amlodipne 5 mg,Synthetic test record. Prescription remains the source of truth; normalization does not authorize medication use.
MED001031,Losartam,Losartan,Losartan,Losartan 50 mg Tablet,Losartan; Losartan,Tablet,50 mg,Oral,979118,Antihypertensive,RxNorm terminology reference / synthetic mapping,0.91,Normalized,Losartam 50 mg,Synthetic test record. Prescription remains the source of truth; normalization does not authorize medication use.
MED001032,Metformine,Metformin,Metformin,Metformin 500 mg Tablet,Metformin; Metformin,Tablet,500 mg,Oral,860975,Antidiabetic,RxNorm terminology reference / synthetic mapping,0.94,Normalized,Metformine 500 mg,Synthetic test record. Prescription remains the source of truth; normalization does not authorize medication use.
MED001033,Amoxillin,Amoxicillin,Amoxicillin,Amoxicillin 500 mg Capsule,Amoxicillin; Amoxicillin,Capsule,500 mg,Oral,723,Antibiotic,RxNorm terminology reference / synthetic mapping,0.94,Normalized,Amoxillin 500 mg,Synthetic test record. Prescription remains the source of truth; normalization does not authorize medication use.
MED001034,Furosemid,Furosemide,Furosemide,Furosemide 40 mg Tablet,Furosemide; Furosemide,Tablet,40 mg,Oral,310429,Diuretic,RxNorm terminology reference / synthetic mapping,0.92,Normalized,Furosemid 40 mg,Synthetic test record. Prescription remains the source of truth; normalization does not authorize medication use.
MED001035,Losartan,Losartan,Losartan,Losartan 50 mg Tablet,Losartan; Losartan,Tablet,50 mg,Oral,979118,Antihypertensive,RxNorm terminology reference / synthetic mapping,0.92,Already normalized,Losartan 50 mg,Synthetic test record. Prescription remains the source of truth; normalization does not authorize medication use.
MED001036,Atorvastin,Atorvastatin,Atorvastatin,Atorvastatin 20 mg Tablet,Atorvastatin; Atorvastatin,Tablet,20 mg,Oral,617314,Lipid-lowering agent,RxNorm terminology reference / synthetic mapping,0.96,Normalized,Atorvastin 20 mg,Synthetic test record. Prescription remains the source of truth; normalization does not authorize medication use.
MED001037,Levothroxine,Levothyroxine,Levothyroxine,Levothyroxine 50 mcg Tablet,Levothyroxine; Levothyroxine,Tablet,50 mcg,Oral,966220,Thyroid hormone,RxNorm terminology reference / synthetic mapping,0.96,Normalized,Levothroxine 50 mcg,Synthetic test record. Prescription remains the source of truth; normalization does not authorize medication use.
MED001038,Cetirizine,Cetirizine,Cetirizine,Cetirizine 10 mg Tablet,Cetirizine; Cetirizine,Tablet,10 mg,Oral,1014676,Antihistamine,RxNorm terminology reference / synthetic mapping,0.92,Already normalized,Cetirizine 10 mg,Synthetic test record. Prescription remains the source of truth; normalization does not authorize medication use.
MED001039,Montelukast,Montelukast,Montelukast,Montelukast 10 mg Tablet,Montelukast; Montelukast,Tablet,10 mg,Oral,1018502,Leukotriene receptor antagonist,RxNorm terminology reference / synthetic mapping,0.91,Already normalized,Montelukast 10 mg,Synthetic test record. Prescription remains the source of truth; normalization does not authorize medication use.
MED001040,Warfain,Warfarin,Warfarin,Warfarin 5 mg Tablet,Warfarin; Warfarin,Tablet,5 mg,Oral,855333,Anticoagulant,RxNorm terminology reference / synthetic mapping,0.98,Normalized,Warfain 5 mg,Synthetic test record. Prescription remains the source of truth; normalization does not authorize medication use.
MED001041,Prednisolne,Prednisolone,Prednisolone,Prednisolone 10 mg Tablet,Prednisolone; Prednisolone,Tablet,10 mg,Oral,1168002,Corticosteroid,RxNorm terminology reference / synthetic mapping,0.9,Normalized,Prednisolne 10 mg,Synthetic test record. Prescription remains the source of truth; normalization does not authorize medication use.
MED001042,Paracetemol,Paracetamol,Acetaminophen,Acetaminophen 500 mg Tablet,Paracetamol; Acetaminophen,Tablet,500 mg,Oral,161,Analgesic / Antipyretic,RxNorm terminology reference / synthetic mapping,0.91,Normalized,Paracetemol 500 mg,Synthetic test record. Prescription remains the source of truth; normalization does not authorize medication use.
MED001043,Salbutamol,Salbutamol,Salbutamol,Salbutamol 100 mcg/dose Inhaler,Salbutamol; Salbutamol,Inhaler,100 mcg/dose,Inhalation,745678,Bronchodilator,RxNorm terminology reference / synthetic mapping,0.96,Already normalized,Salbutamol 100 mcg/dose,Synthetic test record. Prescription remains the source of truth; normalization does not authorize medication use.
MED001044,Montelukast,Montelukast,Montelukast,Montelukast 10 mg Tablet,Montelukast; Montelukast,Tablet,10 mg,Oral,1018502,Leukotriene receptor antagonist,RxNorm terminology reference / synthetic mapping,0.94,Already normalized,Montelukast 10 mg,Synthetic test record. Prescription remains the source of truth; normalization does not authorize medication use.
MED001045,Clopidgrel,Clopidogrel,Clopidogrel,Clopidogrel 75 mg Tablet,Clopidogrel; Clopidogrel,Tablet,75 mg,Oral,309362,Antiplatelet,RxNorm terminology reference / synthetic mapping,0.95,Normalized,Clopidgrel 75 mg,Synthetic test record. Prescription remains the source of truth; normalization does not authorize medication use.
MED001046,Budesonied,Budesonide,Budesonide,Budesonide 200 mcg/dose Inhaler,Budesonide; Budesonide,Inhaler,200 mcg/dose,Inhalation,745678,Corticosteroid,RxNorm terminology reference / synthetic mapping,0.96,Normalized,Budesonied 200 mcg/dose,Synthetic test record. Prescription remains the source of truth; normalization does not authorize medication use.
MED001047,Furosemide,Furosemide,Furosemide,Furosemide 40 mg Tablet,Furosemide; Furosemide,Tablet,40 mg,Oral,310429,Diuretic,RxNorm terminology reference / synthetic mapping,0.93,Already normalized,Furosemide 40 mg,Synthetic test record. Prescription remains the source of truth; normalization does not authorize medication use.
MED001048,Ondansetron,Ondansetron,Ondansetron,Ondansetron 4 mg Tablet,Ondansetron; Ondansetron,Tablet,4 mg,Oral,312157,Antiemetic,RxNorm terminology reference / synthetic mapping,0.92,Already normalized,Ondansetron 4 mg,Synthetic test record. Prescription remains the source of truth; normalization does not authorize medication use.
MED001049,Salbutamol,Salbutamol,Salbutamol,Salbutamol 100 mcg/dose Inhaler,Salbutamol; Salbutamol,Inhaler,100 mcg/dose,Inhalation,745678,Bronchodilator,RxNorm terminology reference / synthetic mapping,0.97,Already normalized,Salbutamol 100 mcg/dose,Synthetic test record. Prescription remains the source of truth; normalization does not authorize medication use.
MED001050,Prednisolne,Prednisolone,Prednisolone,Prednisolone 10 mg Tablet,Prednisolone; Prednisolone,Tablet,10 mg,Oral,1168002,Corticosteroid,RxNorm terminology reference / synthetic mapping,0.98,Normalized,Prednisolne 10 mg,Synthetic test record. Prescription remains the source of truth; normalization does not authorize medication use.
MED001051,Amlodipne,Amlodipine,Amlodipine,Amlodipine 5 mg Tablet,Amlodipine; Amlodipine,Tablet,5 mg,Oral,308135,Antihypertensive,RxNorm terminology reference / synthetic mapping,0.93,Normalized,Amlodipne 5 mg,Synthetic test record. Prescription remains the source of truth; normalization does not authorize medication use.
MED001052,Montelukast,Montelukast,Montelukast,Montelukast 10 mg Tablet,Montelukast; Montelukast,Tablet,10 mg,Oral,1018502,Leukotriene receptor antagonist,RxNorm terminology reference / synthetic mapping,0.98,Already normalized,Montelukast 10 mg,Synthetic test record. Prescription remains the source of truth; normalization does not authorize medication use.
MED001053,Metoprolol,Metoprolol,Metoprolol,Metoprolol 25 mg Tablet,Metoprolol; Metoprolol,Tablet,25 mg,Oral,866924,Beta blocker,RxNorm terminology reference / synthetic mapping,0.99,Already normalized,Metoprolol 25 mg,Synthetic test record. Prescription remains the source of truth; normalization does not authorize medication use.
MED001054,Doxycycline,Doxycycline,Doxycycline,Doxycycline 100 mg Capsule,Doxycycline; Doxycycline,Capsule,100 mg,Oral,3640,Antibiotic,RxNorm terminology reference / synthetic mapping,0.93,Already normalized,Doxycycline 100 mg,Synthetic test record. Prescription remains the source of truth; normalization does not authorize medication use.
MED001055,Famotidin,Famotidine,Famotidine,Famotidine 20 mg Tablet,Famotidine; Famotidine,Tablet,20 mg,Oral,966770,H2 receptor antagonist,RxNorm terminology reference / synthetic mapping,0.96,Normalized,Famotidin 20 mg,Synthetic test record. Prescription remains the source of truth; normalization does not authorize medication use.
MED001056,Montelukast,Montelukast,Montelukast,Montelukast 10 mg Tablet,Montelukast; Montelukast,Tablet,10 mg,Oral,1018502,Leukotriene receptor antagonist,RxNorm terminology reference / synthetic mapping,0.97,Already normalized,Montelukast 10 mg,Synthetic test record. Prescription remains the source of truth; normalization does not authorize medication use.
MED001057,Furosemide,Furosemide,Furosemide,Furosemide 40 mg Tablet,Furosemide; Furosemide,Tablet,40 mg,Oral,310429,Diuretic,RxNorm terminology reference / synthetic mapping,0.96,Already normalized,Furosemide 40 mg,Synthetic test record. Prescription remains the source of truth; normalization does not authorize medication use.
MED001058,Montelukst,Montelukast,Montelukast,Montelukast 10 mg Tablet,Montelukast; Montelukast,Tablet,10 mg,Oral,1018502,Leukotriene receptor antagonist,RxNorm terminology reference / synthetic mapping,0.91,Normalized,Montelukst 10 mg,Synthetic test record. Prescription remains the source of truth; normalization does not authorize medication use.
MED001059,Telmisartan,Telmisartan,Telmisartan,Telmisartan 40 mg Tablet,Telmisartan; Telmisartan,Tablet,40 mg,Oral,309410,Antihypertensive,RxNorm terminology reference / synthetic mapping,0.91,Already normalized,Telmisartan 40 mg,Synthetic test record. Prescription remains the source of truth; normalization does not authorize medication use.
MED001060,Levothroxine,Levothyroxine,Levothyroxine,Levothyroxine 50 mcg Tablet,Levothyroxine; Levothyroxine,Tablet,50 mcg,Oral,966220,Thyroid hormone,RxNorm terminology reference / synthetic mapping,0.91,Normalized,Levothroxine 50 mcg,Synthetic test record. Prescription remains the source of truth; normalization does not authorize medication use.
MED001061,Pantoprazole,Pantoprazole,Pantoprazole,Pantoprazole 40 mg Tablet,Pantoprazole; Pantoprazole,Tablet,40 mg,Oral,861667,Proton pump inhibitor,RxNorm terminology reference / synthetic mapping,0.95,Already normalized,Pantoprazole 40 mg,Synthetic test record. Prescription remains the source of truth; normalization does not authorize medication use.
MED001062,Ibuprofen,Ibuprofen,Ibuprofen,Ibuprofen 400 mg Tablet,Ibuprofen; Ibuprofen,Tablet,400 mg,Oral,310965,NSAID,RxNorm terminology reference / synthetic mapping,0.92,Already normalized,Ibuprofen 400 mg,Synthetic test record. Prescription remains the source of truth; normalization does not authorize medication use.
MED001063,Furosemid,Furosemide,Furosemide,Furosemide 40 mg Tablet,Furosemide; Furosemide,Tablet,40 mg,Oral,310429,Diuretic,RxNorm terminology reference / synthetic mapping,0.98,Normalized,Furosemid 40 mg,Synthetic test record. Prescription remains the source of truth; normalization does not authorize medication use.
MED001064,Azithromycin,Azithromycin,Azithromycin,Azithromycin 500 mg Tablet,Azithromycin; Azithromycin,Tablet,500 mg,Oral,18631,Antibiotic,RxNorm terminology reference / synthetic mapping,0.94,Already normalized,Azithromycin 500 mg,Synthetic test record. Prescription remains the source of truth; normalization does not authorize medication use.
MED001065,Losartam,Losartan,Losartan,Losartan 50 mg Tablet,Losartan; Losartan,Tablet,50 mg,Oral,979118,Antihypertensive,RxNorm terminology reference / synthetic mapping,0.99,Normalized,Losartam 50 mg,Synthetic test record. Prescription remains the source of truth; normalization does not authorize medication use.
MED001066,Ondansetron,Ondansetron,Ondansetron,Ondansetron 4 mg Tablet,Ondansetron; Ondansetron,Tablet,4 mg,Oral,312157,Antiemetic,RxNorm terminology reference / synthetic mapping,0.95,Already normalized,Ondansetron 4 mg,Synthetic test record. Prescription remains the source of truth; normalization does not authorize medication use.
MED001067,Furosemide,Furosemide,Furosemide,Furosemide 40 mg Tablet,Furosemide; Furosemide,Tablet,40 mg,Oral,310429,Diuretic,RxNorm terminology reference / synthetic mapping,0.97,Already normalized,Furosemide 40 mg,Synthetic test record. Prescription remains the source of truth; normalization does not authorize medication use.
MED001068,Azithromicin,Azithromycin,Azithromycin,Azithromycin 500 mg Tablet,Azithromycin; Azithromycin,Tablet,500 mg,Oral,18631,Antibiotic,RxNorm terminology reference / synthetic mapping,0.91,Normalized,Azithromicin 500 mg,Synthetic test record. Prescription remains the source of truth; normalization does not authorize medication use.
MED001069,Paraceta mol,Paracetamol,Acetaminophen,Acetaminophen 500 mg Tablet,Paracetamol; Acetaminophen,Tablet,500 mg,Oral,161,Analgesic / Antipyretic,RxNorm terminology reference / synthetic mapping,0.93,Normalized,Paraceta mol 500 mg,Synthetic test record. Prescription remains the source of truth; normalization does not authorize medication use.
MED001070,Domperidone,Domperidone,Domperidone,Domperidone 10 mg Tablet,Domperidone; Domperidone,Tablet,10 mg,Oral,897626,Gastroprokinetic,RxNorm terminology reference / synthetic mapping,0.91,Already normalized,Domperidone 10 mg,Synthetic test record. Prescription remains the source of truth; normalization does not authorize medication use.
MED001071,Azithromicin,Azithromycin,Azithromycin,Azithromycin 500 mg Tablet,Azithromycin; Azithromycin,Tablet,500 mg,Oral,18631,Antibiotic,RxNorm terminology reference / synthetic mapping,0.99,Normalized,Azithromicin 500 mg,Synthetic test record. Prescription remains the source of truth; normalization does not authorize medication use.
MED001072,Pantoprazole,Pantoprazole,Pantoprazole,Pantoprazole 40 mg Tablet,Pantoprazole; Pantoprazole,Tablet,40 mg,Oral,861667,Proton pump inhibitor,RxNorm terminology reference / synthetic mapping,0.93,Already normalized,Pantoprazole 40 mg,Synthetic test record. Prescription remains the source of truth; normalization does not authorize medication use.
MED001073,Domperidone,Domperidone,Domperidone,Domperidone 10 mg Tablet,Domperidone; Domperidone,Tablet,10 mg,Oral,897626,Gastroprokinetic,RxNorm terminology reference / synthetic mapping,0.91,Already normalized,Domperidone 10 mg,Synthetic test record. Prescription remains the source of truth; normalization does not authorize medication use.
MED001074,Ibuprof en,Ibuprofen,Ibuprofen,Ibuprofen 400 mg Tablet,Ibuprofen; Ibuprofen,Tablet,400 mg,Oral,310965,NSAID,RxNorm terminology reference / synthetic mapping,0.93,Normalized,Ibuprof en 400 mg,Synthetic test record. Prescription remains the source of truth; normalization does not authorize medication use.
MED001075,Montelukast,Montelukast,Montelukast,Montelukast 10 mg Tablet,Montelukast; Montelukast,Tablet,10 mg,Oral,1018502,Leukotriene receptor antagonist,RxNorm terminology reference / synthetic mapping,0.92,Already normalized,Montelukast 10 mg,Synthetic test record. Prescription remains the source of truth; normalization does not authorize medication use.
MED001076,Glimepride,Glimepiride,Glimepiride,Glimepiride 2 mg Tablet,Glimepiride; Glimepiride,Tablet,2 mg,Oral,861713,Antidiabetic,RxNorm terminology reference / synthetic mapping,0.96,Normalized,Glimepride 2 mg,Synthetic test record. Prescription remains the source of truth; normalization does not authorize medication use.
MED001077,Warfarin,Warfarin,Warfarin,Warfarin 5 mg Tablet,Warfarin; Warfarin,Tablet,5 mg,Oral,855333,Anticoagulant,RxNorm terminology reference / synthetic mapping,0.9,Already normalized,Warfarin 5 mg,Synthetic test record. Prescription remains the source of truth; normalization does not authorize medication use.
MED001078,Furosemide,Furosemide,Furosemide,Furosemide 40 mg Tablet,Furosemide; Furosemide,Tablet,40 mg,Oral,310429,Diuretic,RxNorm terminology reference / synthetic mapping,0.91,Already normalized,Furosemide 40 mg,Synthetic test record. Prescription remains the source of truth; normalization does not authorize medication use.
MED001079,Levothyroxine,Levothyroxine,Levothyroxine,Levothyroxine 50 mcg Tablet,Levothyroxine; Levothyroxine,Tablet,50 mcg,Oral,966220,Thyroid hormone,RxNorm terminology reference / synthetic mapping,0.92,Already normalized,Levothyroxine 50 mcg,Synthetic test record. Prescription remains the source of truth; normalization does not authorize medication use.
MED001080,Budesonid,Budesonide,Budesonide,Budesonide 200 mcg/dose Inhaler,Budesonide; Budesonide,Inhaler,200 mcg/dose,Inhalation,745678,Corticosteroid,RxNorm terminology reference / synthetic mapping,0.95,Normalized,Budesonid 200 mcg/dose,Synthetic test record. Prescription remains the source of truth; normalization does not authorize medication use.
MED001081,Pantoprazol,Pantoprazole,Pantoprazole,Pantoprazole 40 mg Tablet,Pantoprazole; Pantoprazole,Tablet,40 mg,Oral,861667,Proton pump inhibitor,RxNorm terminology reference / synthetic mapping,0.93,Normalized,Pantoprazol 40 mg,Synthetic test record. Prescription remains the source of truth; normalization does not authorize medication use.
MED001082,Atorvastatin,Atorvastatin,Atorvastatin,Atorvastatin 20 mg Tablet,Atorvastatin; Atorvastatin,Tablet,20 mg,Oral,617314,Lipid-lowering agent,RxNorm terminology reference / synthetic mapping,0.9,Already normalized,Atorvastatin 20 mg,Synthetic test record. Prescription remains the source of truth; normalization does not authorize medication use.
MED001083,Amoxicilin,Amoxicillin,Amoxicillin,Amoxicillin 500 mg Capsule,Amoxicillin; Amoxicillin,Capsule,500 mg,Oral,723,Antibiotic,RxNorm terminology reference / synthetic mapping,0.94,Normalized,Amoxicilin 500 mg,Synthetic test record. Prescription remains the source of truth; normalization does not authorize medication use.
MED001084,Prednisolone,Prednisolone,Prednisolone,Prednisolone 10 mg Tablet,Prednisolone; Prednisolone,Tablet,10 mg,Oral,1168002,Corticosteroid,RxNorm terminology reference / synthetic mapping,0.97,Already normalized,Prednisolone 10 mg,Synthetic test record. Prescription remains the source of truth; normalization does not authorize medication use.
MED001085,Cetirizinee,Cetirizine,Cetirizine,Cetirizine 10 mg Tablet,Cetirizine; Cetirizine,Tablet,10 mg,Oral,1014676,Antihistamine,RxNorm terminology reference / synthetic mapping,0.97,Normalized,Cetirizinee 10 mg,Synthetic test record. Prescription remains the source of truth; normalization does not authorize medication use.
MED001086,Amoxillin,Amoxicillin,Amoxicillin,Amoxicillin 500 mg Capsule,Amoxicillin; Amoxicillin,Capsule,500 mg,Oral,723,Antibiotic,RxNorm terminology reference / synthetic mapping,0.97,Normalized,Amoxillin 500 mg,Synthetic test record. Prescription remains the source of truth; normalization does not authorize medication use.
MED001087,Amoxcillin,Amoxicillin,Amoxicillin,Amoxicillin 500 mg Capsule,Amoxicillin; Amoxicillin,Capsule,500 mg,Oral,723,Antibiotic,RxNorm terminology reference / synthetic mapping,0.93,Normalized,Amoxcillin 500 mg,Synthetic test record. Prescription remains the source of truth; normalization does not authorize medication use.
MED001088,Ibuprofen,Ibuprofen,Ibuprofen,Ibuprofen 400 mg Tablet,Ibuprofen; Ibuprofen,Tablet,400 mg,Oral,310965,NSAID,RxNorm terminology reference / synthetic mapping,0.93,Already normalized,Ibuprofen 400 mg,Synthetic test record. Prescription remains the source of truth; normalization does not authorize medication use.
MED001089,Atorvastatin,Atorvastatin,Atorvastatin,Atorvastatin 20 mg Tablet,Atorvastatin; Atorvastatin,Tablet,20 mg,Oral,617314,Lipid-lowering agent,RxNorm terminology reference / synthetic mapping,0.96,Already normalized,Atorvastatin 20 mg,Synthetic test record. Prescription remains the source of truth; normalization does not authorize medication use.
MED001090,Doxycyclin,Doxycycline,Doxycycline,Doxycycline 100 mg Capsule,Doxycycline; Doxycycline,Capsule,100 mg,Oral,3640,Antibiotic,RxNorm terminology reference / synthetic mapping,0.93,Normalized,Doxycyclin 100 mg,Synthetic test record. Prescription remains the source of truth; normalization does not authorize medication use.
MED001091,Cetirizne,Cetirizine,Cetirizine,Cetirizine 10 mg Tablet,Cetirizine; Cetirizine,Tablet,10 mg,Oral,1014676,Antihistamine,RxNorm terminology reference / synthetic mapping,0.92,Normalized,Cetirizne 10 mg,Synthetic test record. Prescription remains the source of truth; normalization does not authorize medication use.
MED001092,Doxycycline,Doxycycline,Doxycycline,Doxycycline 100 mg Capsule,Doxycycline; Doxycycline,Capsule,100 mg,Oral,3640,Antibiotic,RxNorm terminology reference / synthetic mapping,0.94,Already normalized,Doxycycline 100 mg,Synthetic test record. Prescription remains the source of truth; normalization does not authorize medication use.
MED001093,Cetirizine,Cetirizine,Cetirizine,Cetirizine 10 mg Tablet,Cetirizine; Cetirizine,Tablet,10 mg,Oral,1014676,Antihistamine,RxNorm terminology reference / synthetic mapping,0.97,Already normalized,Cetirizine 10 mg,Synthetic test record. Prescription remains the source of truth; normalization does not authorize medication use.
MED001094,Ibuprophen,Ibuprofen,Ibuprofen,Ibuprofen 400 mg Tablet,Ibuprofen; Ibuprofen,Tablet,400 mg,Oral,310965,NSAID,RxNorm terminology reference / synthetic mapping,0.92,Normalized,Ibuprophen 400 mg,Synthetic test record. Prescription remains the source of truth; normalization does not authorize medication use.
MED001095,Glimepirid,Glimepiride,Glimepiride,Glimepiride 2 mg Tablet,Glimepiride; Glimepiride,Tablet,2 mg,Oral,861713,Antidiabetic,RxNorm terminology reference / synthetic mapping,0.97,Normalized,Glimepirid 2 mg,Synthetic test record. Prescription remains the source of truth; normalization does not authorize medication use.
MED001096,Losartan,Losartan,Losartan,Losartan 50 mg Tablet,Losartan; Losartan,Tablet,50 mg,Oral,979118,Antihypertensive,RxNorm terminology reference / synthetic mapping,0.98,Already normalized,Losartan 50 mg,Synthetic test record. Prescription remains the source of truth; normalization does not authorize medication use.
MED001097,Salbutemol,Salbutamol,Salbutamol,Salbutamol 100 mcg/dose Inhaler,Salbutamol; Salbutamol,Inhaler,100 mcg/dose,Inhalation,745678,Bronchodilator,RxNorm terminology reference / synthetic mapping,0.95,Normalized,Salbutemol 100 mcg/dose,Synthetic test record. Prescription remains the source of truth; normalization does not authorize medication use.
MED001098,Salbutamol,Salbutamol,Salbutamol,Salbutamol 100 mcg/dose Inhaler,Salbutamol; Salbutamol,Inhaler,100 mcg/dose,Inhalation,745678,Bronchodilator,RxNorm terminology reference / synthetic mapping,0.92,Already normalized,Salbutamol 100 mcg/dose,Synthetic test record. Prescription remains the source of truth; normalization does not authorize medication use.
MED001099,Warfarine,Warfarin,Warfarin,Warfarin 5 mg Tablet,Warfarin; Warfarin,Tablet,5 mg,Oral,855333,Anticoagulant,RxNorm terminology reference / synthetic mapping,0.92,Normalized,Warfarine 5 mg,Synthetic test record. Prescription remains the source of truth; normalization does not authorize medication use.
MED001100,Clopidogrel,Clopidogrel,Clopidogrel,Clopidogrel 75 mg Tablet,Clopidogrel; Clopidogrel,Tablet,75 mg,Oral,309362,Antiplatelet,RxNorm terminology reference / synthetic mapping,0.96,Already normalized,Clopidogrel 75 mg,Synthetic test record. Prescription remains the source of truth; normalization does not authorize medication use.
MED001101,Azitromycin,Azithromycin,Azithromycin,Azithromycin 500 mg Tablet,Azithromycin; Azithromycin,Tablet,500 mg,Oral,18631,Antibiotic,RxNorm terminology reference / synthetic mapping,0.9,Normalized,Azitromycin 500 mg,Synthetic test record. Prescription remains the source of truth; normalization does not authorize medication use.
MED001102,Atorvastin,Atorvastatin,Atorvastatin,Atorvastatin 20 mg Tablet,Atorvastatin; Atorvastatin,Tablet,20 mg,Oral,617314,Lipid-lowering agent,RxNorm terminology reference / synthetic mapping,0.96,Normalized,Atorvastin 20 mg,Synthetic test record. Prescription remains the source of truth; normalization does not authorize medication use.
MED001103,Domperidone,Domperidone,Domperidone,Domperidone 10 mg Tablet,Domperidone; Domperidone,Tablet,10 mg,Oral,897626,Gastroprokinetic,RxNorm terminology reference / synthetic mapping,0.97,Already normalized,Domperidone 10 mg,Synthetic test record. Prescription remains the source of truth; normalization does not authorize medication use.
MED001104,Famotidin,Famotidine,Famotidine,Famotidine 20 mg Tablet,Famotidine; Famotidine,Tablet,20 mg,Oral,966770,H2 receptor antagonist,RxNorm terminology reference / synthetic mapping,0.92,Normalized,Famotidin 20 mg,Synthetic test record. Prescription remains the source of truth; normalization does not authorize medication use.
MED001105,Montelukast,Montelukast,Montelukast,Montelukast 10 mg Tablet,Montelukast; Montelukast,Tablet,10 mg,Oral,1018502,Leukotriene receptor antagonist,RxNorm terminology reference / synthetic mapping,0.94,Already normalized,Montelukast 10 mg,Synthetic test record. Prescription remains the source of truth; normalization does not authorize medication use.
MED001106,Ciprofloxin,Ciprofloxacin,Ciprofloxacin,Ciprofloxacin 500 mg Tablet,Ciprofloxacin; Ciprofloxacin,Tablet,500 mg,Oral,2551,Antibiotic,RxNorm terminology reference / synthetic mapping,0.91,Normalized,Ciprofloxin 500 mg,Synthetic test record. Prescription remains the source of truth; normalization does not authorize medication use.
MED001107,Ibuprofin,Ibuprofen,Ibuprofen,Ibuprofen 400 mg Tablet,Ibuprofen; Ibuprofen,Tablet,400 mg,Oral,310965,NSAID,RxNorm terminology reference / synthetic mapping,0.92,Normalized,Ibuprofin 400 mg,Synthetic test record. Prescription remains the source of truth; normalization does not authorize medication use.
MED001108,Levothyroxin,Levothyroxine,Levothyroxine,Levothyroxine 50 mcg Tablet,Levothyroxine; Levothyroxine,Tablet,50 mcg,Oral,966220,Thyroid hormone,RxNorm terminology reference / synthetic mapping,0.94,Normalized,Levothyroxin 50 mcg,Synthetic test record. Prescription remains the source of truth; normalization does not authorize medication use.
MED001109,Diclofenec,Diclofenac,Diclofenac,Diclofenac 50 mg Tablet,Diclofenac; Diclofenac,Tablet,50 mg,Oral,308135,NSAID,RxNorm terminology reference / synthetic mapping,0.98,Normalized,Diclofenec 50 mg,Synthetic test record. Prescription remains the source of truth; normalization does not authorize medication use.
MED001110,Warfarn,Warfarin,Warfarin,Warfarin 5 mg Tablet,Warfarin; Warfarin,Tablet,5 mg,Oral,855333,Anticoagulant,RxNorm terminology reference / synthetic mapping,0.94,Normalized,Warfarn 5 mg,Synthetic test record. Prescription remains the source of truth; normalization does not authorize medication use.
MED001111,Atorvastin,Atorvastatin,Atorvastatin,Atorvastatin 20 mg Tablet,Atorvastatin; Atorvastatin,Tablet,20 mg,Oral,617314,Lipid-lowering agent,RxNorm terminology reference / synthetic mapping,0.92,Normalized,Atorvastin 20 mg,Synthetic test record. Prescription remains the source of truth; normalization does not authorize medication use.
MED001112,Famotidin,Famotidine,Famotidine,Famotidine 20 mg Tablet,Famotidine; Famotidine,Tablet,20 mg,Oral,966770,H2 receptor antagonist,RxNorm terminology reference / synthetic mapping,0.99,Normalized,Famotidin 20 mg,Synthetic test record. Prescription remains the source of truth; normalization does not authorize medication use.
MED001113,Metoprolol,Metoprolol,Metoprolol,Metoprolol 25 mg Tablet,Metoprolol; Metoprolol,Tablet,25 mg,Oral,866924,Beta blocker,RxNorm terminology reference / synthetic mapping,0.95,Already normalized,Metoprolol 25 mg,Synthetic test record. Prescription remains the source of truth; normalization does not authorize medication use.
MED001114,Furosemid,Furosemide,Furosemide,Furosemide 40 mg Tablet,Furosemide; Furosemide,Tablet,40 mg,Oral,310429,Diuretic,RxNorm terminology reference / synthetic mapping,0.94,Normalized,Furosemid 40 mg,Synthetic test record. Prescription remains the source of truth; normalization does not authorize medication use.
MED001115,InsulinGlar gine,Insulin Glargine,Insulin Glargine,Insulin Glargine 100 units/mL Injection,Insulin Glargine; Insulin Glargine,Injection,100 units/mL,Subcutaneous,261551,Insulin,RxNorm terminology reference / synthetic mapping,0.95,Normalized,InsulinGlar gine 100 units/mL,Synthetic test record. Prescription remains the source of truth; normalization does not authorize medication use.
MED001116,Diclofenac,Diclofenac,Diclofenac,Diclofenac 50 mg Tablet,Diclofenac; Diclofenac,Tablet,50 mg,Oral,308135,NSAID,RxNorm terminology reference / synthetic mapping,0.91,Already normalized,Diclofenac 50 mg,Synthetic test record. Prescription remains the source of truth; normalization does not authorize medication use.
MED001117,Telmisartn,Telmisartan,Telmisartan,Telmisartan 40 mg Tablet,Telmisartan; Telmisartan,Tablet,40 mg,Oral,309410,Antihypertensive,RxNorm terminology reference / synthetic mapping,0.97,Normalized,Telmisartn 40 mg,Synthetic test record. Prescription remains the source of truth; normalization does not authorize medication use.
MED001118,Domperidn,Domperidone,Domperidone,Domperidone 10 mg Tablet,Domperidone; Domperidone,Tablet,10 mg,Oral,897626,Gastroprokinetic,RxNorm terminology reference / synthetic mapping,0.93,Normalized,Domperidn 10 mg,Synthetic test record. Prescription remains the source of truth; normalization does not authorize medication use.
MED001119,Ciprofloxin,Ciprofloxacin,Ciprofloxacin,Ciprofloxacin 500 mg Tablet,Ciprofloxacin; Ciprofloxacin,Tablet,500 mg,Oral,2551,Antibiotic,RxNorm terminology reference / synthetic mapping,0.91,Normalized,Ciprofloxin 500 mg,Synthetic test record. Prescription remains the source of truth; normalization does not authorize medication use.
MED001120,Furosemide,Furosemide,Furosemide,Furosemide 40 mg Tablet,Furosemide; Furosemide,Tablet,40 mg,Oral,310429,Diuretic,RxNorm terminology reference / synthetic mapping,0.92,Already normalized,Furosemide 40 mg,Synthetic test record. Prescription remains the source of truth; normalization does not authorize medication use.
MED001121,Cetirizine,Cetirizine,Cetirizine,Cetirizine 10 mg Tablet,Cetirizine; Cetirizine,Tablet,10 mg,Oral,1014676,Antihistamine,RxNorm terminology reference / synthetic mapping,0.95,Already normalized,Cetirizine 10 mg,Synthetic test record. Prescription remains the source of truth; normalization does not authorize medication use.
MED001122,Prednisolone,Prednisolone,Prednisolone,Prednisolone 10 mg Tablet,Prednisolone; Prednisolone,Tablet,10 mg,Oral,1168002,Corticosteroid,RxNorm terminology reference / synthetic mapping,0.91,Already normalized,Prednisolone 10 mg,Synthetic test record. Prescription remains the source of truth; normalization does not authorize medication use.
MED001123,Salbutamol,Salbutamol,Salbutamol,Salbutamol 100 mcg/dose Inhaler,Salbutamol; Salbutamol,Inhaler,100 mcg/dose,Inhalation,745678,Bronchodilator,RxNorm terminology reference / synthetic mapping,0.93,Already normalized,Salbutamol 100 mcg/dose,Synthetic test record. Prescription remains the source of truth; normalization does not authorize medication use.
MED001124,Ondansetron,Ondansetron,Ondansetron,Ondansetron 4 mg Tablet,Ondansetron; Ondansetron,Tablet,4 mg,Oral,312157,Antiemetic,RxNorm terminology reference / synthetic mapping,0.91,Already normalized,Ondansetron 4 mg,Synthetic test record. Prescription remains the source of truth; normalization does not authorize medication use.
MED001125,Asprin,Aspirin,Acetylsalicylic Acid,Acetylsalicylic Acid 75 mg Tablet,Aspirin; Acetylsalicylic Acid,Tablet,75 mg,Oral,1191,Antiplatelet,RxNorm terminology reference / synthetic mapping,0.95,Normalized,Asprin 75 mg,Synthetic test record. Prescription remains the source of truth; normalization does not authorize medication use.
MED001126,Doxycycline,Doxycycline,Doxycycline,Doxycycline 100 mg Capsule,Doxycycline; Doxycycline,Capsule,100 mg,Oral,3640,Antibiotic,RxNorm terminology reference / synthetic mapping,0.99,Already normalized,Doxycycline 100 mg,Synthetic test record. Prescription remains the source of truth; normalization does not authorize medication use.
MED001127,Losartn,Losartan,Losartan,Losartan 50 mg Tablet,Losartan; Losartan,Tablet,50 mg,Oral,979118,Antihypertensive,RxNorm terminology reference / synthetic mapping,0.93,Normalized,Losartn 50 mg,Synthetic test record. Prescription remains the source of truth; normalization does not authorize medication use.
MED001128,Montelukst,Montelukast,Montelukast,Montelukast 10 mg Tablet,Montelukast; Montelukast,Tablet,10 mg,Oral,1018502,Leukotriene receptor antagonist,RxNorm terminology reference / synthetic mapping,0.99,Normalized,Montelukst 10 mg,Synthetic test record. Prescription remains the source of truth; normalization does not authorize medication use.
MED001129,Prednisolon,Prednisolone,Prednisolone,Prednisolone 10 mg Tablet,Prednisolone; Prednisolone,Tablet,10 mg,Oral,1168002,Corticosteroid,RxNorm terminology reference / synthetic mapping,0.93,Normalized,Prednisolon 10 mg,Synthetic test record. Prescription remains the source of truth; normalization does not authorize medication use.
MED001130,Famotidinee,Famotidine,Famotidine,Famotidine 20 mg Tablet,Famotidine; Famotidine,Tablet,20 mg,Oral,966770,H2 receptor antagonist,RxNorm terminology reference / synthetic mapping,0.94,Normalized,Famotidinee 20 mg,Synthetic test record. Prescription remains the source of truth; normalization does not authorize medication use.
MED001131,Metformin,Metformin,Metformin,Metformin 500 mg Tablet,Metformin; Metformin,Tablet,500 mg,Oral,860975,Antidiabetic,RxNorm terminology reference / synthetic mapping,0.92,Already normalized,Metformin 500 mg,Synthetic test record. Prescription remains the source of truth; normalization does not authorize medication use.
MED001132,Paracetemol,Paracetamol,Acetaminophen,Acetaminophen 500 mg Tablet,Paracetamol; Acetaminophen,Tablet,500 mg,Oral,161,Analgesic / Antipyretic,RxNorm terminology reference / synthetic mapping,0.98,Normalized,Paracetemol 500 mg,Synthetic test record. Prescription remains the source of truth; normalization does not authorize medication use.
MED001133,Domperidn,Domperidone,Domperidone,Domperidone 10 mg Tablet,Domperidone; Domperidone,Tablet,10 mg,Oral,897626,Gastroprokinetic,RxNorm terminology reference / synthetic mapping,0.95,Normalized,Domperidn 10 mg,Synthetic test record. Prescription remains the source of truth; normalization does not authorize medication use.
MED001134,Furosemide,Furosemide,Furosemide,Furosemide 40 mg Tablet,Furosemide; Furosemide,Tablet,40 mg,Oral,310429,Diuretic,RxNorm terminology reference / synthetic mapping,0.98,Already normalized,Furosemide 40 mg,Synthetic test record. Prescription remains the source of truth; normalization does not authorize medication use.
MED001135,Famotidin,Famotidine,Famotidine,Famotidine 20 mg Tablet,Famotidine; Famotidine,Tablet,20 mg,Oral,966770,H2 receptor antagonist,RxNorm terminology reference / synthetic mapping,0.97,Normalized,Famotidin 20 mg,Synthetic test record. Prescription remains the source of truth; normalization does not authorize medication use.
MED001136,Cetirizinee,Cetirizine,Cetirizine,Cetirizine 10 mg Tablet,Cetirizine; Cetirizine,Tablet,10 mg,Oral,1014676,Antihistamine,RxNorm terminology reference / synthetic mapping,0.95,Normalized,Cetirizinee 10 mg,Synthetic test record. Prescription remains the source of truth; normalization does not authorize medication use.
MED001137,Amoxcillin,Amoxicillin,Amoxicillin,Amoxicillin 500 mg Capsule,Amoxicillin; Amoxicillin,Capsule,500 mg,Oral,723,Antibiotic,RxNorm terminology reference / synthetic mapping,0.99,Normalized,Amoxcillin 500 mg,Synthetic test record. Prescription remains the source of truth; normalization does not authorize medication use.
MED001138,Domperidone,Domperidone,Domperidone,Domperidone 10 mg Tablet,Domperidone; Domperidone,Tablet,10 mg,Oral,897626,Gastroprokinetic,RxNorm terminology reference / synthetic mapping,0.98,Already normalized,Domperidone 10 mg,Synthetic test record. Prescription remains the source of truth; normalization does not authorize medication use.
MED001139,Cetirizine,Cetirizine,Cetirizine,Cetirizine 10 mg Tablet,Cetirizine; Cetirizine,Tablet,10 mg,Oral,1014676,Antihistamine,RxNorm terminology reference / synthetic mapping,0.97,Already normalized,Cetirizine 10 mg,Synthetic test record. Prescription remains the source of truth; normalization does not authorize medication use.
MED001140,Glimepiride,Glimepiride,Glimepiride,Glimepiride 2 mg Tablet,Glimepiride; Glimepiride,Tablet,2 mg,Oral,861713,Antidiabetic,RxNorm terminology reference / synthetic mapping,0.93,Already normalized,Glimepiride 2 mg,Synthetic test record. Prescription remains the source of truth; normalization does not authorize medication use.
MED001141,Cetirizne,Cetirizine,Cetirizine,Cetirizine 10 mg Tablet,Cetirizine; Cetirizine,Tablet,10 mg,Oral,1014676,Antihistamine,RxNorm terminology reference / synthetic mapping,0.97,Normalized,Cetirizne 10 mg,Synthetic test record. Prescription remains the source of truth; normalization does not authorize medication use.
MED001142,Budesonide,Budesonide,Budesonide,Budesonide 200 mcg/dose Inhaler,Budesonide; Budesonide,Inhaler,200 mcg/dose,Inhalation,745678,Corticosteroid,RxNorm terminology reference / synthetic mapping,0.92,Already normalized,Budesonide 200 mcg/dose,Synthetic test record. Prescription remains the source of truth; normalization does not authorize medication use.
MED001143,Prednisolone,Prednisolone,Prednisolone,Prednisolone 10 mg Tablet,Prednisolone; Prednisolone,Tablet,10 mg,Oral,1168002,Corticosteroid,RxNorm terminology reference / synthetic mapping,0.92,Already normalized,Prednisolone 10 mg,Synthetic test record. Prescription remains the source of truth; normalization does not authorize medication use.
MED001144,Budesonid,Budesonide,Budesonide,Budesonide 200 mcg/dose Inhaler,Budesonide; Budesonide,Inhaler,200 mcg/dose,Inhalation,745678,Corticosteroid,RxNorm terminology reference / synthetic mapping,0.98,Normalized,Budesonid 200 mcg/dose,Synthetic test record. Prescription remains the source of truth; normalization does not authorize medication use.
MED001145,Diclofenak,Diclofenac,Diclofenac,Diclofenac 50 mg Tablet,Diclofenac; Diclofenac,Tablet,50 mg,Oral,308135,NSAID,RxNorm terminology reference / synthetic mapping,0.96,Normalized,Diclofenak 50 mg,Synthetic test record. Prescription remains the source of truth; normalization does not authorize medication use.
MED001146,Famotidin,Famotidine,Famotidine,Famotidine 20 mg Tablet,Famotidine; Famotidine,Tablet,20 mg,Oral,966770,H2 receptor antagonist,RxNorm terminology reference / synthetic mapping,0.95,Normalized,Famotidin 20 mg,Synthetic test record. Prescription remains the source of truth; normalization does not authorize medication use.
MED001147,Insulin Glargine,Insulin Glargine,Insulin Glargine,Insulin Glargine 100 units/mL Injection,Insulin Glargine; Insulin Glargine,Injection,100 units/mL,Subcutaneous,261551,Insulin,RxNorm terminology reference / synthetic mapping,0.98,Already normalized,Insulin Glargine 100 units/mL,Synthetic test record. Prescription remains the source of truth; normalization does not authorize medication use.
MED001148,Amlodipin,Amlodipine,Amlodipine,Amlodipine 5 mg Tablet,Amlodipine; Amlodipine,Tablet,5 mg,Oral,308135,Antihypertensive,RxNorm terminology reference / synthetic mapping,0.98,Normalized,Amlodipin 5 mg,Synthetic test record. Prescription remains the source of truth; normalization does not authorize medication use.
MED001149,Omerpazole,Omeprazole,Omeprazole,Omeprazole 20 mg Capsule,Omeprazole; Omeprazole,Capsule,20 mg,Oral,647640,Proton pump inhibitor,RxNorm terminology reference / synthetic mapping,0.95,Normalized,Omerpazole 20 mg,Synthetic test record. Prescription remains the source of truth; normalization does not authorize medication use.
MED001150,Amoxicillin,Amoxicillin,Amoxicillin,Amoxicillin 500 mg Capsule,Amoxicillin; Amoxicillin,Capsule,500 mg,Oral,723,Antibiotic,RxNorm terminology reference / synthetic mapping,0.97,Already normalized,Amoxicillin 500 mg,Synthetic test record. Prescription remains the source of truth; normalization does not authorize medication use.
MED001151,Prednisolne,Prednisolone,Prednisolone,Prednisolone 10 mg Tablet,Prednisolone; Prednisolone,Tablet,10 mg,Oral,1168002,Corticosteroid,RxNorm terminology reference / synthetic mapping,0.91,Normalized,Prednisolne 10 mg,Synthetic test record. Prescription remains the source of truth; normalization does not authorize medication use.
MED001152,Paraceta mol,Paracetamol,Acetaminophen,Acetaminophen 500 mg Tablet,Paracetamol; Acetaminophen,Tablet,500 mg,Oral,161,Analgesic / Antipyretic,RxNorm terminology reference / synthetic mapping,0.91,Normalized,Paraceta mol 500 mg,Synthetic test record. Prescription remains the source of truth; normalization does not authorize medication use.
MED001153,Pantaprazole,Pantoprazole,Pantoprazole,Pantoprazole 40 mg Tablet,Pantoprazole; Pantoprazole,Tablet,40 mg,Oral,861667,Proton pump inhibitor,RxNorm terminology reference / synthetic mapping,0.91,Normalized,Pantaprazole 40 mg,Synthetic test record. Prescription remains the source of truth; normalization does not authorize medication use.
MED001154,Ibuprof en,Ibuprofen,Ibuprofen,Ibuprofen 400 mg Tablet,Ibuprofen; Ibuprofen,Tablet,400 mg,Oral,310965,NSAID,RxNorm terminology reference / synthetic mapping,0.93,Normalized,Ibuprof en 400 mg,Synthetic test record. Prescription remains the source of truth; normalization does not authorize medication use.
MED001155,Atorvastatin,Atorvastatin,Atorvastatin,Atorvastatin 20 mg Tablet,Atorvastatin; Atorvastatin,Tablet,20 mg,Oral,617314,Lipid-lowering agent,RxNorm terminology reference / synthetic mapping,0.99,Already normalized,Atorvastatin 20 mg,Synthetic test record. Prescription remains the source of truth; normalization does not authorize medication use.
MED001156,Warfain,Warfarin,Warfarin,Warfarin 5 mg Tablet,Warfarin; Warfarin,Tablet,5 mg,Oral,855333,Anticoagulant,RxNorm terminology reference / synthetic mapping,0.9,Normalized,Warfain 5 mg,Synthetic test record. Prescription remains the source of truth; normalization does not authorize medication use.
MED001157,Prednisolon,Prednisolone,Prednisolone,Prednisolone 10 mg Tablet,Prednisolone; Prednisolone,Tablet,10 mg,Oral,1168002,Corticosteroid,RxNorm terminology reference / synthetic mapping,0.96,Normalized,Prednisolon 10 mg,Synthetic test record. Prescription remains the source of truth; normalization does not authorize medication use.
MED001158,Telmisartn,Telmisartan,Telmisartan,Telmisartan 40 mg Tablet,Telmisartan; Telmisartan,Tablet,40 mg,Oral,309410,Antihypertensive,RxNorm terminology reference / synthetic mapping,0.98,Normalized,Telmisartn 40 mg,Synthetic test record. Prescription remains the source of truth; normalization does not authorize medication use.
MED001159,Diclofenac,Diclofenac,Diclofenac,Diclofenac 50 mg Tablet,Diclofenac; Diclofenac,Tablet,50 mg,Oral,308135,NSAID,RxNorm terminology reference / synthetic mapping,0.97,Already normalized,Diclofenac 50 mg,Synthetic test record. Prescription remains the source of truth; normalization does not authorize medication use.
MED001160,Cetirizne,Cetirizine,Cetirizine,Cetirizine 10 mg Tablet,Cetirizine; Cetirizine,Tablet,10 mg,Oral,1014676,Antihistamine,RxNorm terminology reference / synthetic mapping,0.96,Normalized,Cetirizne 10 mg,Synthetic test record. Prescription remains the source of truth; normalization does not authorize medication use.
MED001161,Telmisartam,Telmisartan,Telmisartan,Telmisartan 40 mg Tablet,Telmisartan; Telmisartan,Tablet,40 mg,Oral,309410,Antihypertensive,RxNorm terminology reference / synthetic mapping,0.92,Normalized,Telmisartam 40 mg,Synthetic test record. Prescription remains the source of truth; normalization does not authorize medication use.
MED001162,Glimepirid,Glimepiride,Glimepiride,Glimepiride 2 mg Tablet,Glimepiride; Glimepiride,Tablet,2 mg,Oral,861713,Antidiabetic,RxNorm terminology reference / synthetic mapping,0.93,Normalized,Glimepirid 2 mg,Synthetic test record. Prescription remains the source of truth; normalization does not authorize medication use.
MED001163,Paracetmol,Paracetamol,Acetaminophen,Acetaminophen 500 mg Tablet,Paracetamol; Acetaminophen,Tablet,500 mg,Oral,161,Analgesic / Antipyretic,RxNorm terminology reference / synthetic mapping,0.96,Normalized,Paracetmol 500 mg,Synthetic test record. Prescription remains the source of truth; normalization does not authorize medication use.
MED001164,Warfarin,Warfarin,Warfarin,Warfarin 5 mg Tablet,Warfarin; Warfarin,Tablet,5 mg,Oral,855333,Anticoagulant,RxNorm terminology reference / synthetic mapping,0.99,Already normalized,Warfarin 5 mg,Synthetic test record. Prescription remains the source of truth; normalization does not authorize medication use.
MED001165,Paracetmol,Paracetamol,Acetaminophen,Acetaminophen 500 mg Tablet,Paracetamol; Acetaminophen,Tablet,500 mg,Oral,161,Analgesic / Antipyretic,RxNorm terminology reference / synthetic mapping,0.97,Normalized,Paracetmol 500 mg,Synthetic test record. Prescription remains the source of truth; normalization does not authorize medication use.
MED001166,Atorvastin,Atorvastatin,Atorvastatin,Atorvastatin 20 mg Tablet,Atorvastatin; Atorvastatin,Tablet,20 mg,Oral,617314,Lipid-lowering agent,RxNorm terminology reference / synthetic mapping,0.98,Normalized,Atorvastin 20 mg,Synthetic test record. Prescription remains the source of truth; normalization does not authorize medication use.
MED001167,Ondansetron,Ondansetron,Ondansetron,Ondansetron 4 mg Tablet,Ondansetron; Ondansetron,Tablet,4 mg,Oral,312157,Antiemetic,RxNorm terminology reference / synthetic mapping,0.98,Already normalized,Ondansetron 4 mg,Synthetic test record. Prescription remains the source of truth; normalization does not authorize medication use.
MED001168,Pantoprazol,Pantoprazole,Pantoprazole,Pantoprazole 40 mg Tablet,Pantoprazole; Pantoprazole,Tablet,40 mg,Oral,861667,Proton pump inhibitor,RxNorm terminology reference / synthetic mapping,0.99,Normalized,Pantoprazol 40 mg,Synthetic test record. Prescription remains the source of truth; normalization does not authorize medication use.
MED001169,Amlodipin,Amlodipine,Amlodipine,Amlodipine 5 mg Tablet,Amlodipine; Amlodipine,Tablet,5 mg,Oral,308135,Antihypertensive,RxNorm terminology reference / synthetic mapping,0.9,Normalized,Amlodipin 5 mg,Synthetic test record. Prescription remains the source of truth; normalization does not authorize medication use.
MED001170,Amoxycillin,Amoxicillin,Amoxicillin,Amoxicillin 500 mg Capsule,Amoxicillin; Amoxicillin,Capsule,500 mg,Oral,723,Antibiotic,RxNorm terminology reference / synthetic mapping,0.99,Normalized,Amoxycillin 500 mg,Synthetic test record. Prescription remains the source of truth; normalization does not authorize medication use.
MED001171,Insulin Glargine,Insulin Glargine,Insulin Glargine,Insulin Glargine 100 units/mL Injection,Insulin Glargine; Insulin Glargine,Injection,100 units/mL,Subcutaneous,261551,Insulin,RxNorm terminology reference / synthetic mapping,0.97,Already normalized,Insulin Glargine 100 units/mL,Synthetic test record. Prescription remains the source of truth; normalization does not authorize medication use.
MED001172,Clopidogrel,Clopidogrel,Clopidogrel,Clopidogrel 75 mg Tablet,Clopidogrel; Clopidogrel,Tablet,75 mg,Oral,309362,Antiplatelet,RxNorm terminology reference / synthetic mapping,0.96,Already normalized,Clopidogrel 75 mg,Synthetic test record. Prescription remains the source of truth; normalization does not authorize medication use.
MED001173,Salbutamol,Salbutamol,Salbutamol,Salbutamol 100 mcg/dose Inhaler,Salbutamol; Salbutamol,Inhaler,100 mcg/dose,Inhalation,745678,Bronchodilator,RxNorm terminology reference / synthetic mapping,0.94,Already normalized,Salbutamol 100 mcg/dose,Synthetic test record. Prescription remains the source of truth; normalization does not authorize medication use.
MED001174,Insulin Glargine,Insulin Glargine,Insulin Glargine,Insulin Glargine 100 units/mL Injection,Insulin Glargine; Insulin Glargine,Injection,100 units/mL,Subcutaneous,261551,Insulin,RxNorm terminology reference / synthetic mapping,0.93,Already normalized,Insulin Glargine 100 units/mL,Synthetic test record. Prescription remains the source of truth; normalization does not authorize medication use.
MED001175,InsulinGlar gine,Insulin Glargine,Insulin Glargine,Insulin Glargine 100 units/mL Injection,Insulin Glargine; Insulin Glargine,Injection,100 units/mL,Subcutaneous,261551,Insulin,RxNorm terminology reference / synthetic mapping,0.99,Normalized,InsulinGlar gine 100 units/mL,Synthetic test record. Prescription remains the source of truth; normalization does not authorize medication use.
MED001176,Cetirizine,Cetirizine,Cetirizine,Cetirizine 10 mg Tablet,Cetirizine; Cetirizine,Tablet,10 mg,Oral,1014676,Antihistamine,RxNorm terminology reference / synthetic mapping,0.98,Already normalized,Cetirizine 10 mg,Synthetic test record. Prescription remains the source of truth; normalization does not authorize medication use.
MED001177,Warfarine,Warfarin,Warfarin,Warfarin 5 mg Tablet,Warfarin; Warfarin,Tablet,5 mg,Oral,855333,Anticoagulant,RxNorm terminology reference / synthetic mapping,0.91,Normalized,Warfarine 5 mg,Synthetic test record. Prescription remains the source of truth; normalization does not authorize medication use.
MED001178,Pantoprazole,Pantoprazole,Pantoprazole,Pantoprazole 40 mg Tablet,Pantoprazole; Pantoprazole,Tablet,40 mg,Oral,861667,Proton pump inhibitor,RxNorm terminology reference / synthetic mapping,0.94,Already normalized,Pantoprazole 40 mg,Synthetic test record. Prescription remains the source of truth; normalization does not authorize medication use.
MED001179,Domperidn,Domperidone,Domperidone,Domperidone 10 mg Tablet,Domperidone; Domperidone,Tablet,10 mg,Oral,897626,Gastroprokinetic,RxNorm terminology reference / synthetic mapping,0.98,Normalized,Domperidn 10 mg,Synthetic test record. Prescription remains the source of truth; normalization does not authorize medication use.
MED001180,Glimepirid,Glimepiride,Glimepiride,Glimepiride 2 mg Tablet,Glimepiride; Glimepiride,Tablet,2 mg,Oral,861713,Antidiabetic,RxNorm terminology reference / synthetic mapping,0.91,Normalized,Glimepirid 2 mg,Synthetic test record. Prescription remains the source of truth; normalization does not authorize medication use.
MED001181,Metoprolol,Metoprolol,Metoprolol,Metoprolol 25 mg Tablet,Metoprolol; Metoprolol,Tablet,25 mg,Oral,866924,Beta blocker,RxNorm terminology reference / synthetic mapping,0.96,Already normalized,Metoprolol 25 mg,Synthetic test record. Prescription remains the source of truth; normalization does not authorize medication use.
MED001182,Doxycycline,Doxycycline,Doxycycline,Doxycycline 100 mg Capsule,Doxycycline; Doxycycline,Capsule,100 mg,Oral,3640,Antibiotic,RxNorm terminology reference / synthetic mapping,0.96,Already normalized,Doxycycline 100 mg,Synthetic test record. Prescription remains the source of truth; normalization does not authorize medication use.
MED001183,Pantoprazole,Pantoprazole,Pantoprazole,Pantoprazole 40 mg Tablet,Pantoprazole; Pantoprazole,Tablet,40 mg,Oral,861667,Proton pump inhibitor,RxNorm terminology reference / synthetic mapping,0.98,Already normalized,Pantoprazole 40 mg,Synthetic test record. Prescription remains the source of truth; normalization does not authorize medication use.
MED001184,Insulin Glargine,Insulin Glargine,Insulin Glargine,Insulin Glargine 100 units/mL Injection,Insulin Glargine; Insulin Glargine,Injection,100 units/mL,Subcutaneous,261551,Insulin,RxNorm terminology reference / synthetic mapping,0.94,Already normalized,Insulin Glargine 100 units/mL,Synthetic test record. Prescription remains the source of truth; normalization does not authorize medication use.
MED001185,Ciprofloxin,Ciprofloxacin,Ciprofloxacin,Ciprofloxacin 500 mg Tablet,Ciprofloxacin; Ciprofloxacin,Tablet,500 mg,Oral,2551,Antibiotic,RxNorm terminology reference / synthetic mapping,0.91,Normalized,Ciprofloxin 500 mg,Synthetic test record. Prescription remains the source of truth; normalization does not authorize medication use.
MED001186,Levothyroxine,Levothyroxine,Levothyroxine,Levothyroxine 50 mcg Tablet,Levothyroxine; Levothyroxine,Tablet,50 mcg,Oral,966220,Thyroid hormone,RxNorm terminology reference / synthetic mapping,0.93,Already normalized,Levothyroxine 50 mcg,Synthetic test record. Prescription remains the source of truth; normalization does not authorize medication use.
MED001187,Furosemide,Furosemide,Furosemide,Furosemide 40 mg Tablet,Furosemide; Furosemide,Tablet,40 mg,Oral,310429,Diuretic,RxNorm terminology reference / synthetic mapping,0.93,Already normalized,Furosemide 40 mg,Synthetic test record. Prescription remains the source of truth; normalization does not authorize medication use.
MED001188,Amlodipin,Amlodipine,Amlodipine,Amlodipine 5 mg Tablet,Amlodipine; Amlodipine,Tablet,5 mg,Oral,308135,Antihypertensive,RxNorm terminology reference / synthetic mapping,0.92,Normalized,Amlodipin 5 mg,Synthetic test record. Prescription remains the source of truth; normalization does not authorize medication use.
MED001189,Ibuprofen,Ibuprofen,Ibuprofen,Ibuprofen 400 mg Tablet,Ibuprofen; Ibuprofen,Tablet,400 mg,Oral,310965,NSAID,RxNorm terminology reference / synthetic mapping,0.92,Already normalized,Ibuprofen 400 mg,Synthetic test record. Prescription remains the source of truth; normalization does not authorize medication use.
MED001190,Diclofinac,Diclofenac,Diclofenac,Diclofenac 50 mg Tablet,Diclofenac; Diclofenac,Tablet,50 mg,Oral,308135,NSAID,RxNorm terminology reference / synthetic mapping,0.91,Normalized,Diclofinac 50 mg,Synthetic test record. Prescription remains the source of truth; normalization does not authorize medication use.
MED001191,Glimepirid,Glimepiride,Glimepiride,Glimepiride 2 mg Tablet,Glimepiride; Glimepiride,Tablet,2 mg,Oral,861713,Antidiabetic,RxNorm terminology reference / synthetic mapping,0.91,Normalized,Glimepirid 2 mg,Synthetic test record. Prescription remains the source of truth; normalization does not authorize medication use.
MED001192,Pantaprazole,Pantoprazole,Pantoprazole,Pantoprazole 40 mg Tablet,Pantoprazole; Pantoprazole,Tablet,40 mg,Oral,861667,Proton pump inhibitor,RxNorm terminology reference / synthetic mapping,0.93,Normalized,Pantaprazole 40 mg,Synthetic test record. Prescription remains the source of truth; normalization does not authorize medication use.
MED001193,Asprin,Aspirin,Acetylsalicylic Acid,Acetylsalicylic Acid 75 mg Tablet,Aspirin; Acetylsalicylic Acid,Tablet,75 mg,Oral,1191,Antiplatelet,RxNorm terminology reference / synthetic mapping,0.93,Normalized,Asprin 75 mg,Synthetic test record. Prescription remains the source of truth; normalization does not authorize medication use.
MED001194,Amlodipne,Amlodipine,Amlodipine,Amlodipine 5 mg Tablet,Amlodipine; Amlodipine,Tablet,5 mg,Oral,308135,Antihypertensive,RxNorm terminology reference / synthetic mapping,0.94,Normalized,Amlodipne 5 mg,Synthetic test record. Prescription remains the source of truth; normalization does not authorize medication use.
MED001195,Domperidn,Domperidone,Domperidone,Domperidone 10 mg Tablet,Domperidone; Domperidone,Tablet,10 mg,Oral,897626,Gastroprokinetic,RxNorm terminology reference / synthetic mapping,0.97,Normalized,Domperidn 10 mg,Synthetic test record. Prescription remains the source of truth; normalization does not authorize medication use.
MED001196,Clopidogrel,Clopidogrel,Clopidogrel,Clopidogrel 75 mg Tablet,Clopidogrel; Clopidogrel,Tablet,75 mg,Oral,309362,Antiplatelet,RxNorm terminology reference / synthetic mapping,0.92,Already normalized,Clopidogrel 75 mg,Synthetic test record. Prescription remains the source of truth; normalization does not authorize medication use.
MED001197,Famotidin,Famotidine,Famotidine,Famotidine 20 mg Tablet,Famotidine; Famotidine,Tablet,20 mg,Oral,966770,H2 receptor antagonist,RxNorm terminology reference / synthetic mapping,0.92,Normalized,Famotidin 20 mg,Synthetic test record. Prescription remains the source of truth; normalization does not authorize medication use.
MED001198,Metformine,Metformin,Metformin,Metformin 500 mg Tablet,Metformin; Metformin,Tablet,500 mg,Oral,860975,Antidiabetic,RxNorm terminology reference / synthetic mapping,0.98,Normalized,Metformine 500 mg,Synthetic test record. Prescription remains the source of truth; normalization does not authorize medication use.
MED001199,Glimepride,Glimepiride,Glimepiride,Glimepiride 2 mg Tablet,Glimepiride; Glimepiride,Tablet,2 mg,Oral,861713,Antidiabetic,RxNorm terminology reference / synthetic mapping,0.93,Normalized,Glimepride 2 mg,Synthetic test record. Prescription remains the source of truth; normalization does not authorize medication use.
MED001200,Famotidine,Famotidine,Famotidine,Famotidine 20 mg Tablet,Famotidine; Famotidine,Tablet,20 mg,Oral,966770,H2 receptor antagonist,RxNorm terminology reference / synthetic mapping,0.94,Already normalized,Famotidine 20 mg,Synthetic test record. Prescription remains the source of truth; normalization does not authorize medication use.
MED001201,Pantoprazole,Pantoprazole,Pantoprazole,Pantoprazole 40 mg Tablet,Pantoprazole; Pantoprazole,Tablet,40 mg,Oral,861667,Proton pump inhibitor,RxNorm terminology reference / synthetic mapping,0.97,Already normalized,Pantoprazole 40 mg,Synthetic test record. Prescription remains the source of truth; normalization does not authorize medication use.
MED001202,Ciprofloxin,Ciprofloxacin,Ciprofloxacin,Ciprofloxacin 500 mg Tablet,Ciprofloxacin; Ciprofloxacin,Tablet,500 mg,Oral,2551,Antibiotic,RxNorm terminology reference / synthetic mapping,0.93,Normalized,Ciprofloxin 500 mg,Synthetic test record. Prescription remains the source of truth; normalization does not authorize medication use.
MED001203,Famotidine,Famotidine,Famotidine,Famotidine 20 mg Tablet,Famotidine; Famotidine,Tablet,20 mg,Oral,966770,H2 receptor antagonist,RxNorm terminology reference / synthetic mapping,0.93,Already normalized,Famotidine 20 mg,Synthetic test record. Prescription remains the source of truth; normalization does not authorize medication use.
MED001204,Ciprofloxin,Ciprofloxacin,Ciprofloxacin,Ciprofloxacin 500 mg Tablet,Ciprofloxacin; Ciprofloxacin,Tablet,500 mg,Oral,2551,Antibiotic,RxNorm terminology reference / synthetic mapping,0.98,Normalized,Ciprofloxin 500 mg,Synthetic test record. Prescription remains the source of truth; normalization does not authorize medication use.
MED001205,Amoxycillin,Amoxicillin,Amoxicillin,Amoxicillin 500 mg Capsule,Amoxicillin; Amoxicillin,Capsule,500 mg,Oral,723,Antibiotic,RxNorm terminology reference / synthetic mapping,0.91,Normalized,Amoxycillin 500 mg,Synthetic test record. Prescription remains the source of truth; normalization does not authorize medication use.
MED001206,Ciprofloxin,Ciprofloxacin,Ciprofloxacin,Ciprofloxacin 500 mg Tablet,Ciprofloxacin; Ciprofloxacin,Tablet,500 mg,Oral,2551,Antibiotic,RxNorm terminology reference / synthetic mapping,0.96,Normalized,Ciprofloxin 500 mg,Synthetic test record. Prescription remains the source of truth; normalization does not authorize medication use.
MED001207,Ondansetron,Ondansetron,Ondansetron,Ondansetron 4 mg Tablet,Ondansetron; Ondansetron,Tablet,4 mg,Oral,312157,Antiemetic,RxNorm terminology reference / synthetic mapping,0.9,Already normalized,Ondansetron 4 mg,Synthetic test record. Prescription remains the source of truth; normalization does not authorize medication use.
MED001208,Furosemide,Furosemide,Furosemide,Furosemide 40 mg Tablet,Furosemide; Furosemide,Tablet,40 mg,Oral,310429,Diuretic,RxNorm terminology reference / synthetic mapping,0.94,Already normalized,Furosemide 40 mg,Synthetic test record. Prescription remains the source of truth; normalization does not authorize medication use.
MED001209,Levothyroxin,Levothyroxine,Levothyroxine,Levothyroxine 50 mcg Tablet,Levothyroxine; Levothyroxine,Tablet,50 mcg,Oral,966220,Thyroid hormone,RxNorm terminology reference / synthetic mapping,0.98,Normalized,Levothyroxin 50 mcg,Synthetic test record. Prescription remains the source of truth; normalization does not authorize medication use.
MED001210,Pantoprazloe,Pantoprazole,Pantoprazole,Pantoprazole 40 mg Tablet,Pantoprazole; Pantoprazole,Tablet,40 mg,Oral,861667,Proton pump inhibitor,RxNorm terminology reference / synthetic mapping,0.9,Normalized,Pantoprazloe 40 mg,Synthetic test record. Prescription remains the source of truth; normalization does not authorize medication use.
MED001211,Ciprofloxin,Ciprofloxacin,Ciprofloxacin,Ciprofloxacin 500 mg Tablet,Ciprofloxacin; Ciprofloxacin,Tablet,500 mg,Oral,2551,Antibiotic,RxNorm terminology reference / synthetic mapping,0.91,Normalized,Ciprofloxin 500 mg,Synthetic test record. Prescription remains the source of truth; normalization does not authorize medication use.
MED001212,Metoprolol,Metoprolol,Metoprolol,Metoprolol 25 mg Tablet,Metoprolol; Metoprolol,Tablet,25 mg,Oral,866924,Beta blocker,RxNorm terminology reference / synthetic mapping,0.98,Already normalized,Metoprolol 25 mg,Synthetic test record. Prescription remains the source of truth; normalization does not authorize medication use.
MED001213,Amlodipinee,Amlodipine,Amlodipine,Amlodipine 5 mg Tablet,Amlodipine; Amlodipine,Tablet,5 mg,Oral,308135,Antihypertensive,RxNorm terminology reference / synthetic mapping,0.95,Normalized,Amlodipinee 5 mg,Synthetic test record. Prescription remains the source of truth; normalization does not authorize medication use.
MED001214,Diclofenac,Diclofenac,Diclofenac,Diclofenac 50 mg Tablet,Diclofenac; Diclofenac,Tablet,50 mg,Oral,308135,NSAID,RxNorm terminology reference / synthetic mapping,0.91,Already normalized,Diclofenac 50 mg,Synthetic test record. Prescription remains the source of truth; normalization does not authorize medication use.
MED001215,Aspirine,Aspirin,Acetylsalicylic Acid,Acetylsalicylic Acid 75 mg Tablet,Aspirin; Acetylsalicylic Acid,Tablet,75 mg,Oral,1191,Antiplatelet,RxNorm terminology reference / synthetic mapping,0.97,Normalized,Aspirine 75 mg,Synthetic test record. Prescription remains the source of truth; normalization does not authorize medication use.
MED001216,Ondansetron,Ondansetron,Ondansetron,Ondansetron 4 mg Tablet,Ondansetron; Ondansetron,Tablet,4 mg,Oral,312157,Antiemetic,RxNorm terminology reference / synthetic mapping,0.93,Already normalized,Ondansetron 4 mg,Synthetic test record. Prescription remains the source of truth; normalization does not authorize medication use.
MED001217,Amoxicilin,Amoxicillin,Amoxicillin,Amoxicillin 500 mg Capsule,Amoxicillin; Amoxicillin,Capsule,500 mg,Oral,723,Antibiotic,RxNorm terminology reference / synthetic mapping,0.95,Normalized,Amoxicilin 500 mg,Synthetic test record. Prescription remains the source of truth; normalization does not authorize medication use.
MED001218,Glimepride,Glimepiride,Glimepiride,Glimepiride 2 mg Tablet,Glimepiride; Glimepiride,Tablet,2 mg,Oral,861713,Antidiabetic,RxNorm terminology reference / synthetic mapping,0.95,Normalized,Glimepride 2 mg,Synthetic test record. Prescription remains the source of truth; normalization does not authorize medication use.
MED001219,Amoxcillin,Amoxicillin,Amoxicillin,Amoxicillin 500 mg Capsule,Amoxicillin; Amoxicillin,Capsule,500 mg,Oral,723,Antibiotic,RxNorm terminology reference / synthetic mapping,0.97,Normalized,Amoxcillin 500 mg,Synthetic test record. Prescription remains the source of truth; normalization does not authorize medication use.
MED001220,Amlodipinee,Amlodipine,Amlodipine,Amlodipine 5 mg Tablet,Amlodipine; Amlodipine,Tablet,5 mg,Oral,308135,Antihypertensive,RxNorm terminology reference / synthetic mapping,0.93,Normalized,Amlodipinee 5 mg,Synthetic test record. Prescription remains the source of truth; normalization does not authorize medication use.
MED001221,Cetirizine,Cetirizine,Cetirizine,Cetirizine 10 mg Tablet,Cetirizine; Cetirizine,Tablet,10 mg,Oral,1014676,Antihistamine,RxNorm terminology reference / synthetic mapping,0.96,Already normalized,Cetirizine 10 mg,Synthetic test record. Prescription remains the source of truth; normalization does not authorize medication use.
MED001222,Ibuprofen,Ibuprofen,Ibuprofen,Ibuprofen 400 mg Tablet,Ibuprofen; Ibuprofen,Tablet,400 mg,Oral,310965,NSAID,RxNorm terminology reference / synthetic mapping,0.96,Already normalized,Ibuprofen 400 mg,Synthetic test record. Prescription remains the source of truth; normalization does not authorize medication use.
MED001223,Clopidogrel,Clopidogrel,Clopidogrel,Clopidogrel 75 mg Tablet,Clopidogrel; Clopidogrel,Tablet,75 mg,Oral,309362,Antiplatelet,RxNorm terminology reference / synthetic mapping,0.96,Already normalized,Clopidogrel 75 mg,Synthetic test record. Prescription remains the source of truth; normalization does not authorize medication use.
MED001224,Atorvastain,Atorvastatin,Atorvastatin,Atorvastatin 20 mg Tablet,Atorvastatin; Atorvastatin,Tablet,20 mg,Oral,617314,Lipid-lowering agent,RxNorm terminology reference / synthetic mapping,0.99,Normalized,Atorvastain 20 mg,Synthetic test record. Prescription remains the source of truth; normalization does not authorize medication use.
MED001225,Levothyroxine,Levothyroxine,Levothyroxine,Levothyroxine 50 mcg Tablet,Levothyroxine; Levothyroxine,Tablet,50 mcg,Oral,966220,Thyroid hormone,RxNorm terminology reference / synthetic mapping,0.96,Already normalized,Levothyroxine 50 mcg,Synthetic test record. Prescription remains the source of truth; normalization does not authorize medication use.
MED001226,Clopidogral,Clopidogrel,Clopidogrel,Clopidogrel 75 mg Tablet,Clopidogrel; Clopidogrel,Tablet,75 mg,Oral,309362,Antiplatelet,RxNorm terminology reference / synthetic mapping,0.96,Normalized,Clopidogral 75 mg,Synthetic test record. Prescription remains the source of truth; normalization does not authorize medication use.
MED001227,Glimepride,Glimepiride,Glimepiride,Glimepiride 2 mg Tablet,Glimepiride; Glimepiride,Tablet,2 mg,Oral,861713,Antidiabetic,RxNorm terminology reference / synthetic mapping,0.91,Normalized,Glimepride 2 mg,Synthetic test record. Prescription remains the source of truth; normalization does not authorize medication use.
MED001228,Clopidogrel,Clopidogrel,Clopidogrel,Clopidogrel 75 mg Tablet,Clopidogrel; Clopidogrel,Tablet,75 mg,Oral,309362,Antiplatelet,RxNorm terminology reference / synthetic mapping,0.92,Already normalized,Clopidogrel 75 mg,Synthetic test record. Prescription remains the source of truth; normalization does not authorize medication use.
MED001229,Amoxicillin,Amoxicillin,Amoxicillin,Amoxicillin 500 mg Capsule,Amoxicillin; Amoxicillin,Capsule,500 mg,Oral,723,Antibiotic,RxNorm terminology reference / synthetic mapping,0.91,Already normalized,Amoxicillin 500 mg,Synthetic test record. Prescription remains the source of truth; normalization does not authorize medication use.
MED001230,Amlodpine,Amlodipine,Amlodipine,Amlodipine 5 mg Tablet,Amlodipine; Amlodipine,Tablet,5 mg,Oral,308135,Antihypertensive,RxNorm terminology reference / synthetic mapping,0.97,Normalized,Amlodpine 5 mg,Synthetic test record. Prescription remains the source of truth; normalization does not authorize medication use.
MED001231,Levothyroxin,Levothyroxine,Levothyroxine,Levothyroxine 50 mcg Tablet,Levothyroxine; Levothyroxine,Tablet,50 mcg,Oral,966220,Thyroid hormone,RxNorm terminology reference / synthetic mapping,0.91,Normalized,Levothyroxin 50 mcg,Synthetic test record. Prescription remains the source of truth; normalization does not authorize medication use.
MED001232,Domperidn,Domperidone,Domperidone,Domperidone 10 mg Tablet,Domperidone; Domperidone,Tablet,10 mg,Oral,897626,Gastroprokinetic,RxNorm terminology reference / synthetic mapping,0.99,Normalized,Domperidn 10 mg,Synthetic test record. Prescription remains the source of truth; normalization does not authorize medication use.
MED001233,Aspirine,Aspirin,Acetylsalicylic Acid,Acetylsalicylic Acid 75 mg Tablet,Aspirin; Acetylsalicylic Acid,Tablet,75 mg,Oral,1191,Antiplatelet,RxNorm terminology reference / synthetic mapping,0.91,Normalized,Aspirine 75 mg,Synthetic test record. Prescription remains the source of truth; normalization does not authorize medication use.
MED001234,Paraceta mol,Paracetamol,Acetaminophen,Acetaminophen 500 mg Tablet,Paracetamol; Acetaminophen,Tablet,500 mg,Oral,161,Analgesic / Antipyretic,RxNorm terminology reference / synthetic mapping,0.94,Normalized,Paraceta mol 500 mg,Synthetic test record. Prescription remains the source of truth; normalization does not authorize medication use.
MED001235,Amlodipinee,Amlodipine,Amlodipine,Amlodipine 5 mg Tablet,Amlodipine; Amlodipine,Tablet,5 mg,Oral,308135,Antihypertensive,RxNorm terminology reference / synthetic mapping,0.97,Normalized,Amlodipinee 5 mg,Synthetic test record. Prescription remains the source of truth; normalization does not authorize medication use.
MED001236,Levothroxine,Levothyroxine,Levothyroxine,Levothyroxine 50 mcg Tablet,Levothyroxine; Levothyroxine,Tablet,50 mcg,Oral,966220,Thyroid hormone,RxNorm terminology reference / synthetic mapping,0.96,Normalized,Levothroxine 50 mcg,Synthetic test record. Prescription remains the source of truth; normalization does not authorize medication use.
MED001237,Prednisolne,Prednisolone,Prednisolone,Prednisolone 10 mg Tablet,Prednisolone; Prednisolone,Tablet,10 mg,Oral,1168002,Corticosteroid,RxNorm terminology reference / synthetic mapping,0.98,Normalized,Prednisolne 10 mg,Synthetic test record. Prescription remains the source of truth; normalization does not authorize medication use.
MED001238,Telmisartan,Telmisartan,Telmisartan,Telmisartan 40 mg Tablet,Telmisartan; Telmisartan,Tablet,40 mg,Oral,309410,Antihypertensive,RxNorm terminology reference / synthetic mapping,0.97,Already normalized,Telmisartan 40 mg,Synthetic test record. Prescription remains the source of truth; normalization does not authorize medication use.
MED001239,Salbutemol,Salbutamol,Salbutamol,Salbutamol 100 mcg/dose Inhaler,Salbutamol; Salbutamol,Inhaler,100 mcg/dose,Inhalation,745678,Bronchodilator,RxNorm terminology reference / synthetic mapping,0.98,Normalized,Salbutemol 100 mcg/dose,Synthetic test record. Prescription remains the source of truth; normalization does not authorize medication use.
MED001240,Paracetmol,Paracetamol,Acetaminophen,Acetaminophen 500 mg Tablet,Paracetamol; Acetaminophen,Tablet,500 mg,Oral,161,Analgesic / Antipyretic,RxNorm terminology reference / synthetic mapping,0.94,Normalized,Paracetmol 500 mg,Synthetic test record. Prescription remains the source of truth; normalization does not authorize medication use.
MED001241,Metformn,Metformin,Metformin,Metformin 500 mg Tablet,Metformin; Metformin,Tablet,500 mg,Oral,860975,Antidiabetic,RxNorm terminology reference / synthetic mapping,0.94,Normalized,Metformn 500 mg,Synthetic test record. Prescription remains the source of truth; normalization does not authorize medication use.
MED001242,Budesonide,Budesonide,Budesonide,Budesonide 200 mcg/dose Inhaler,Budesonide; Budesonide,Inhaler,200 mcg/dose,Inhalation,745678,Corticosteroid,RxNorm terminology reference / synthetic mapping,0.93,Already normalized,Budesonide 200 mcg/dose,Synthetic test record. Prescription remains the source of truth; normalization does not authorize medication use.
MED001243,Amlodipin,Amlodipine,Amlodipine,Amlodipine 5 mg Tablet,Amlodipine; Amlodipine,Tablet,5 mg,Oral,308135,Antihypertensive,RxNorm terminology reference / synthetic mapping,0.94,Normalized,Amlodipin 5 mg,Synthetic test record. Prescription remains the source of truth; normalization does not authorize medication use.
MED001244,Aspirin,Aspirin,Acetylsalicylic Acid,Acetylsalicylic Acid 75 mg Tablet,Aspirin; Acetylsalicylic Acid,Tablet,75 mg,Oral,1191,Antiplatelet,RxNorm terminology reference / synthetic mapping,0.93,Already normalized,Aspirin 75 mg,Synthetic test record. Prescription remains the source of truth; normalization does not authorize medication use.
MED001245,Famotidne,Famotidine,Famotidine,Famotidine 20 mg Tablet,Famotidine; Famotidine,Tablet,20 mg,Oral,966770,H2 receptor antagonist,RxNorm terminology reference / synthetic mapping,0.92,Normalized,Famotidne 20 mg,Synthetic test record. Prescription remains the source of truth; normalization does not authorize medication use.
MED001246,Ibuprof en,Ibuprofen,Ibuprofen,Ibuprofen 400 mg Tablet,Ibuprofen; Ibuprofen,Tablet,400 mg,Oral,310965,NSAID,RxNorm terminology reference / synthetic mapping,0.93,Normalized,Ibuprof en 400 mg,Synthetic test record. Prescription remains the source of truth; normalization does not authorize medication use.
MED001247,Aspirine,Aspirin,Acetylsalicylic Acid,Acetylsalicylic Acid 75 mg Tablet,Aspirin; Acetylsalicylic Acid,Tablet,75 mg,Oral,1191,Antiplatelet,RxNorm terminology reference / synthetic mapping,0.94,Normalized,Aspirine 75 mg,Synthetic test record. Prescription remains the source of truth; normalization does not authorize medication use.
MED001248,Atorvastain,Atorvastatin,Atorvastatin,Atorvastatin 20 mg Tablet,Atorvastatin; Atorvastatin,Tablet,20 mg,Oral,617314,Lipid-lowering agent,RxNorm terminology reference / synthetic mapping,0.95,Normalized,Atorvastain 20 mg,Synthetic test record. Prescription remains the source of truth; normalization does not authorize medication use.
MED001249,Glimepiride,Glimepiride,Glimepiride,Glimepiride 2 mg Tablet,Glimepiride; Glimepiride,Tablet,2 mg,Oral,861713,Antidiabetic,RxNorm terminology reference / synthetic mapping,0.96,Already normalized,Glimepiride 2 mg,Synthetic test record. Prescription remains the source of truth; normalization does not authorize medication use.
MED001250,Ibuprof en,Ibuprofen,Ibuprofen,Ibuprofen 400 mg Tablet,Ibuprofen; Ibuprofen,Tablet,400 mg,Oral,310965,NSAID,RxNorm terminology reference / synthetic mapping,0.98,Normalized,Ibuprof en 400 mg,Synthetic test record. Prescription remains the source of truth; normalization does not authorize medication use.
MED001251,Levothyroxin,Levothyroxine,Levothyroxine,Levothyroxine 50 mcg Tablet,Levothyroxine; Levothyroxine,Tablet,50 mcg,Oral,966220,Thyroid hormone,RxNorm terminology reference / synthetic mapping,0.92,Normalized,Levothyroxin 50 mcg,Synthetic test record. Prescription remains the source of truth; normalization does not authorize medication use.
MED001252,Ondansetrone,Ondansetron,Ondansetron,Ondansetron 4 mg Tablet,Ondansetron; Ondansetron,Tablet,4 mg,Oral,312157,Antiemetic,RxNorm terminology reference / synthetic mapping,0.97,Normalized,Ondansetrone 4 mg,Synthetic test record. Prescription remains the source of truth; normalization does not authorize medication use.
MED001253,Prednisolon,Prednisolone,Prednisolone,Prednisolone 10 mg Tablet,Prednisolone; Prednisolone,Tablet,10 mg,Oral,1168002,Corticosteroid,RxNorm terminology reference / synthetic mapping,0.96,Normalized,Prednisolon 10 mg,Synthetic test record. Prescription remains the source of truth; normalization does not authorize medication use.
MED001254,Atorvastin,Atorvastatin,Atorvastatin,Atorvastatin 20 mg Tablet,Atorvastatin; Atorvastatin,Tablet,20 mg,Oral,617314,Lipid-lowering agent,RxNorm terminology reference / synthetic mapping,0.91,Normalized,Atorvastin 20 mg,Synthetic test record. Prescription remains the source of truth; normalization does not authorize medication use.
MED001255,Doxycycline,Doxycycline,Doxycycline,Doxycycline 100 mg Capsule,Doxycycline; Doxycycline,Capsule,100 mg,Oral,3640,Antibiotic,RxNorm terminology reference / synthetic mapping,0.96,Already normalized,Doxycycline 100 mg,Synthetic test record. Prescription remains the source of truth; normalization does not authorize medication use.
MED001256,Domperidone,Domperidone,Domperidone,Domperidone 10 mg Tablet,Domperidone; Domperidone,Tablet,10 mg,Oral,897626,Gastroprokinetic,RxNorm terminology reference / synthetic mapping,0.93,Already normalized,Domperidone 10 mg,Synthetic test record. Prescription remains the source of truth; normalization does not authorize medication use.
MED001257,Ibuprophen,Ibuprofen,Ibuprofen,Ibuprofen 400 mg Tablet,Ibuprofen; Ibuprofen,Tablet,400 mg,Oral,310965,NSAID,RxNorm terminology reference / synthetic mapping,0.94,Normalized,Ibuprophen 400 mg,Synthetic test record. Prescription remains the source of truth; normalization does not authorize medication use.
MED001258,InsulinGlar gine,Insulin Glargine,Insulin Glargine,Insulin Glargine 100 units/mL Injection,Insulin Glargine; Insulin Glargine,Injection,100 units/mL,Subcutaneous,261551,Insulin,RxNorm terminology reference / synthetic mapping,0.93,Normalized,InsulinGlar gine 100 units/mL,Synthetic test record. Prescription remains the source of truth; normalization does not authorize medication use.
MED001259,Metoprolol,Metoprolol,Metoprolol,Metoprolol 25 mg Tablet,Metoprolol; Metoprolol,Tablet,25 mg,Oral,866924,Beta blocker,RxNorm terminology reference / synthetic mapping,0.98,Already normalized,Metoprolol 25 mg,Synthetic test record. Prescription remains the source of truth; normalization does not authorize medication use.
MED001260,Paracitamol,Paracetamol,Acetaminophen,Acetaminophen 500 mg Tablet,Paracetamol; Acetaminophen,Tablet,500 mg,Oral,161,Analgesic / Antipyretic,RxNorm terminology reference / synthetic mapping,0.95,Normalized,Paracitamol 500 mg,Synthetic test record. Prescription remains the source of truth; normalization does not authorize medication use.
MED001261,Domperidn,Domperidone,Domperidone,Domperidone 10 mg Tablet,Domperidone; Domperidone,Tablet,10 mg,Oral,897626,Gastroprokinetic,RxNorm terminology reference / synthetic mapping,0.94,Normalized,Domperidn 10 mg,Synthetic test record. Prescription remains the source of truth; normalization does not authorize medication use.
MED001262,Insulin Glargine,Insulin Glargine,Insulin Glargine,Insulin Glargine 100 units/mL Injection,Insulin Glargine; Insulin Glargine,Injection,100 units/mL,Subcutaneous,261551,Insulin,RxNorm terminology reference / synthetic mapping,0.98,Already normalized,Insulin Glargine 100 units/mL,Synthetic test record. Prescription remains the source of truth; normalization does not authorize medication use.
MED001263,Amlodipine,Amlodipine,Amlodipine,Amlodipine 5 mg Tablet,Amlodipine; Amlodipine,Tablet,5 mg,Oral,308135,Antihypertensive,RxNorm terminology reference / synthetic mapping,0.93,Already normalized,Amlodipine 5 mg,Synthetic test record. Prescription remains the source of truth; normalization does not authorize medication use.
MED001264,Ondansetron,Ondansetron,Ondansetron,Ondansetron 4 mg Tablet,Ondansetron; Ondansetron,Tablet,4 mg,Oral,312157,Antiemetic,RxNorm terminology reference / synthetic mapping,0.95,Already normalized,Ondansetron 4 mg,Synthetic test record. Prescription remains the source of truth; normalization does not authorize medication use.
MED001265,Glimepiride,Glimepiride,Glimepiride,Glimepiride 2 mg Tablet,Glimepiride; Glimepiride,Tablet,2 mg,Oral,861713,Antidiabetic,RxNorm terminology reference / synthetic mapping,0.97,Already normalized,Glimepiride 2 mg,Synthetic test record. Prescription remains the source of truth; normalization does not authorize medication use.
MED001266,Levothyroxine,Levothyroxine,Levothyroxine,Levothyroxine 50 mcg Tablet,Levothyroxine; Levothyroxine,Tablet,50 mcg,Oral,966220,Thyroid hormone,RxNorm terminology reference / synthetic mapping,0.91,Already normalized,Levothyroxine 50 mcg,Synthetic test record. Prescription remains the source of truth; normalization does not authorize medication use.
MED001267,Famotidne,Famotidine,Famotidine,Famotidine 20 mg Tablet,Famotidine; Famotidine,Tablet,20 mg,Oral,966770,H2 receptor antagonist,RxNorm terminology reference / synthetic mapping,0.92,Normalized,Famotidne 20 mg,Synthetic test record. Prescription remains the source of truth; normalization does not authorize medication use.
MED001268,Warfarine,Warfarin,Warfarin,Warfarin 5 mg Tablet,Warfarin; Warfarin,Tablet,5 mg,Oral,855333,Anticoagulant,RxNorm terminology reference / synthetic mapping,0.92,Normalized,Warfarine 5 mg,Synthetic test record. Prescription remains the source of truth; normalization does not authorize medication use.
MED001269,Paracetemol,Paracetamol,Acetaminophen,Acetaminophen 500 mg Tablet,Paracetamol; Acetaminophen,Tablet,500 mg,Oral,161,Analgesic / Antipyretic,RxNorm terminology reference / synthetic mapping,0.9,Normalized,Paracetemol 500 mg,Synthetic test record. Prescription remains the source of truth; normalization does not authorize medication use.
MED001270,Diclofenak,Diclofenac,Diclofenac,Diclofenac 50 mg Tablet,Diclofenac; Diclofenac,Tablet,50 mg,Oral,308135,NSAID,RxNorm terminology reference / synthetic mapping,0.92,Normalized,Diclofenak 50 mg,Synthetic test record. Prescription remains the source of truth; normalization does not authorize medication use.
MED001271,Domperidone,Domperidone,Domperidone,Domperidone 10 mg Tablet,Domperidone; Domperidone,Tablet,10 mg,Oral,897626,Gastroprokinetic,RxNorm terminology reference / synthetic mapping,0.99,Already normalized,Domperidone 10 mg,Synthetic test record. Prescription remains the source of truth; normalization does not authorize medication use.
MED001272,Levothroxine,Levothyroxine,Levothyroxine,Levothyroxine 50 mcg Tablet,Levothyroxine; Levothyroxine,Tablet,50 mcg,Oral,966220,Thyroid hormone,RxNorm terminology reference / synthetic mapping,0.95,Normalized,Levothroxine 50 mcg,Synthetic test record. Prescription remains the source of truth; normalization does not authorize medication use.
MED001273,InsulinGlar gine,Insulin Glargine,Insulin Glargine,Insulin Glargine 100 units/mL Injection,Insulin Glargine; Insulin Glargine,Injection,100 units/mL,Subcutaneous,261551,Insulin,RxNorm terminology reference / synthetic mapping,0.92,Normalized,InsulinGlar gine 100 units/mL,Synthetic test record. Prescription remains the source of truth; normalization does not authorize medication use.
MED001274,Clopidogrel,Clopidogrel,Clopidogrel,Clopidogrel 75 mg Tablet,Clopidogrel; Clopidogrel,Tablet,75 mg,Oral,309362,Antiplatelet,RxNorm terminology reference / synthetic mapping,0.91,Already normalized,Clopidogrel 75 mg,Synthetic test record. Prescription remains the source of truth; normalization does not authorize medication use.
MED001275,Prednisolne,Prednisolone,Prednisolone,Prednisolone 10 mg Tablet,Prednisolone; Prednisolone,Tablet,10 mg,Oral,1168002,Corticosteroid,RxNorm terminology reference / synthetic mapping,0.98,Normalized,Prednisolne 10 mg,Synthetic test record. Prescription remains the source of truth; normalization does not authorize medication use.
MED001276,Furosemide,Furosemide,Furosemide,Furosemide 40 mg Tablet,Furosemide; Furosemide,Tablet,40 mg,Oral,310429,Diuretic,RxNorm terminology reference / synthetic mapping,0.99,Already normalized,Furosemide 40 mg,Synthetic test record. Prescription remains the source of truth; normalization does not authorize medication use.
MED001277,Prednisolon,Prednisolone,Prednisolone,Prednisolone 10 mg Tablet,Prednisolone; Prednisolone,Tablet,10 mg,Oral,1168002,Corticosteroid,RxNorm terminology reference / synthetic mapping,0.91,Normalized,Prednisolon 10 mg,Synthetic test record. Prescription remains the source of truth; normalization does not authorize medication use.
MED001278,InsulinGlar gine,Insulin Glargine,Insulin Glargine,Insulin Glargine 100 units/mL Injection,Insulin Glargine; Insulin Glargine,Injection,100 units/mL,Subcutaneous,261551,Insulin,RxNorm terminology reference / synthetic mapping,0.96,Normalized,InsulinGlar gine 100 units/mL,Synthetic test record. Prescription remains the source of truth; normalization does not authorize medication use.
MED001279,Ondansetron,Ondansetron,Ondansetron,Ondansetron 4 mg Tablet,Ondansetron; Ondansetron,Tablet,4 mg,Oral,312157,Antiemetic,RxNorm terminology reference / synthetic mapping,0.93,Already normalized,Ondansetron 4 mg,Synthetic test record. Prescription remains the source of truth; normalization does not authorize medication use.
MED001280,Famotidinee,Famotidine,Famotidine,Famotidine 20 mg Tablet,Famotidine; Famotidine,Tablet,20 mg,Oral,966770,H2 receptor antagonist,RxNorm terminology reference / synthetic mapping,0.91,Normalized,Famotidinee 20 mg,Synthetic test record. Prescription remains the source of truth; normalization does not authorize medication use.
MED001281,Salbutamol,Salbutamol,Salbutamol,Salbutamol 100 mcg/dose Inhaler,Salbutamol; Salbutamol,Inhaler,100 mcg/dose,Inhalation,745678,Bronchodilator,RxNorm terminology reference / synthetic mapping,0.94,Already normalized,Salbutamol 100 mcg/dose,Synthetic test record. Prescription remains the source of truth; normalization does not authorize medication use.
MED001282,Aspirine,Aspirin,Acetylsalicylic Acid,Acetylsalicylic Acid 75 mg Tablet,Aspirin; Acetylsalicylic Acid,Tablet,75 mg,Oral,1191,Antiplatelet,RxNorm terminology reference / synthetic mapping,0.92,Normalized,Aspirine 75 mg,Synthetic test record. Prescription remains the source of truth; normalization does not authorize medication use.
MED001283,Amoxycillin,Amoxicillin,Amoxicillin,Amoxicillin 500 mg Capsule,Amoxicillin; Amoxicillin,Capsule,500 mg,Oral,723,Antibiotic,RxNorm terminology reference / synthetic mapping,0.95,Normalized,Amoxycillin 500 mg,Synthetic test record. Prescription remains the source of truth; normalization does not authorize medication use.
MED001284,Amoxcillin,Amoxicillin,Amoxicillin,Amoxicillin 500 mg Capsule,Amoxicillin; Amoxicillin,Capsule,500 mg,Oral,723,Antibiotic,RxNorm terminology reference / synthetic mapping,0.93,Normalized,Amoxcillin 500 mg,Synthetic test record. Prescription remains the source of truth; normalization does not authorize medication use.
MED001285,Paracetamoll,Paracetamol,Acetaminophen,Acetaminophen 500 mg Tablet,Paracetamol; Acetaminophen,Tablet,500 mg,Oral,161,Analgesic / Antipyretic,RxNorm terminology reference / synthetic mapping,0.95,Normalized,Paracetamoll 500 mg,Synthetic test record. Prescription remains the source of truth; normalization does not authorize medication use.
MED001286,Telmisartn,Telmisartan,Telmisartan,Telmisartan 40 mg Tablet,Telmisartan; Telmisartan,Tablet,40 mg,Oral,309410,Antihypertensive,RxNorm terminology reference / synthetic mapping,0.95,Normalized,Telmisartn 40 mg,Synthetic test record. Prescription remains the source of truth; normalization does not authorize medication use.
MED001287,Domperidn,Domperidone,Domperidone,Domperidone 10 mg Tablet,Domperidone; Domperidone,Tablet,10 mg,Oral,897626,Gastroprokinetic,RxNorm terminology reference / synthetic mapping,0.91,Normalized,Domperidn 10 mg,Synthetic test record. Prescription remains the source of truth; normalization does not authorize medication use.
MED001288,Pantoprazloe,Pantoprazole,Pantoprazole,Pantoprazole 40 mg Tablet,Pantoprazole; Pantoprazole,Tablet,40 mg,Oral,861667,Proton pump inhibitor,RxNorm terminology reference / synthetic mapping,0.9,Normalized,Pantoprazloe 40 mg,Synthetic test record. Prescription remains the source of truth; normalization does not authorize medication use.
MED001289,Amlodipne,Amlodipine,Amlodipine,Amlodipine 5 mg Tablet,Amlodipine; Amlodipine,Tablet,5 mg,Oral,308135,Antihypertensive,RxNorm terminology reference / synthetic mapping,0.9,Normalized,Amlodipne 5 mg,Synthetic test record. Prescription remains the source of truth; normalization does not authorize medication use.
MED001290,Levothyroxin,Levothyroxine,Levothyroxine,Levothyroxine 50 mcg Tablet,Levothyroxine; Levothyroxine,Tablet,50 mcg,Oral,966220,Thyroid hormone,RxNorm terminology reference / synthetic mapping,0.95,Normalized,Levothyroxin 50 mcg,Synthetic test record. Prescription remains the source of truth; normalization does not authorize medication use.
MED001291,Furosemide,Furosemide,Furosemide,Furosemide 40 mg Tablet,Furosemide; Furosemide,Tablet,40 mg,Oral,310429,Diuretic,RxNorm terminology reference / synthetic mapping,0.92,Already normalized,Furosemide 40 mg,Synthetic test record. Prescription remains the source of truth; normalization does not authorize medication use.
MED001292,Prednisolon,Prednisolone,Prednisolone,Prednisolone 10 mg Tablet,Prednisolone; Prednisolone,Tablet,10 mg,Oral,1168002,Corticosteroid,RxNorm terminology reference / synthetic mapping,0.93,Normalized,Prednisolon 10 mg,Synthetic test record. Prescription remains the source of truth; normalization does not authorize medication use.
MED001293,Warfarn,Warfarin,Warfarin,Warfarin 5 mg Tablet,Warfarin; Warfarin,Tablet,5 mg,Oral,855333,Anticoagulant,RxNorm terminology reference / synthetic mapping,0.95,Normalized,Warfarn 5 mg,Synthetic test record. Prescription remains the source of truth; normalization does not authorize medication use.
MED001294,Doxycicline,Doxycycline,Doxycycline,Doxycycline 100 mg Capsule,Doxycycline; Doxycycline,Capsule,100 mg,Oral,3640,Antibiotic,RxNorm terminology reference / synthetic mapping,0.91,Normalized,Doxycicline 100 mg,Synthetic test record. Prescription remains the source of truth; normalization does not authorize medication use.
MED001295,Metformine,Metformin,Metformin,Metformin 500 mg Tablet,Metformin; Metformin,Tablet,500 mg,Oral,860975,Antidiabetic,RxNorm terminology reference / synthetic mapping,0.94,Normalized,Metformine 500 mg,Synthetic test record. Prescription remains the source of truth; normalization does not authorize medication use.
MED001296,Amoxycillin,Amoxicillin,Amoxicillin,Amoxicillin 500 mg Capsule,Amoxicillin; Amoxicillin,Capsule,500 mg,Oral,723,Antibiotic,RxNorm terminology reference / synthetic mapping,0.94,Normalized,Amoxycillin 500 mg,Synthetic test record. Prescription remains the source of truth; normalization does not authorize medication use.
MED001297,Telmisartam,Telmisartan,Telmisartan,Telmisartan 40 mg Tablet,Telmisartan; Telmisartan,Tablet,40 mg,Oral,309410,Antihypertensive,RxNorm terminology reference / synthetic mapping,0.92,Normalized,Telmisartam 40 mg,Synthetic test record. Prescription remains the source of truth; normalization does not authorize medication use.
MED001298,Ondansetron,Ondansetron,Ondansetron,Ondansetron 4 mg Tablet,Ondansetron; Ondansetron,Tablet,4 mg,Oral,312157,Antiemetic,RxNorm terminology reference / synthetic mapping,0.9,Already normalized,Ondansetron 4 mg,Synthetic test record. Prescription remains the source of truth; normalization does not authorize medication use.
MED001299,Montelukst,Montelukast,Montelukast,Montelukast 10 mg Tablet,Montelukast; Montelukast,Tablet,10 mg,Oral,1018502,Leukotriene receptor antagonist,RxNorm terminology reference / synthetic mapping,0.92,Normalized,Montelukst 10 mg,Synthetic test record. Prescription remains the source of truth; normalization does not authorize medication use.
MED001300,Insulin Glargine,Insulin Glargine,Insulin Glargine,Insulin Glargine 100 units/mL Injection,Insulin Glargine; Insulin Glargine,Injection,100 units/mL,Subcutaneous,261551,Insulin,RxNorm terminology reference / synthetic mapping,0.98,Already normalized,Insulin Glargine 100 units/mL,Synthetic test record. Prescription remains the source of truth; normalization does not authorize medication use.
MED001301,Amlodipinee,Amlodipine,Amlodipine,Amlodipine 5 mg Tablet,Amlodipine; Amlodipine,Tablet,5 mg,Oral,308135,Antihypertensive,RxNorm terminology reference / synthetic mapping,0.95,Normalized,Amlodipinee 5 mg,Synthetic test record. Prescription remains the source of truth; normalization does not authorize medication use.
MED001302,Budesonide,Budesonide,Budesonide,Budesonide 200 mcg/dose Inhaler,Budesonide; Budesonide,Inhaler,200 mcg/dose,Inhalation,745678,Corticosteroid,RxNorm terminology reference / synthetic mapping,0.98,Already normalized,Budesonide 200 mcg/dose,Synthetic test record. Prescription remains the source of truth; normalization does not authorize medication use.
MED001303,Cetirizinee,Cetirizine,Cetirizine,Cetirizine 10 mg Tablet,Cetirizine; Cetirizine,Tablet,10 mg,Oral,1014676,Antihistamine,RxNorm terminology reference / synthetic mapping,0.96,Normalized,Cetirizinee 10 mg,Synthetic test record. Prescription remains the source of truth; normalization does not authorize medication use.
MED001304,Pantaprazole,Pantoprazole,Pantoprazole,Pantoprazole 40 mg Tablet,Pantoprazole; Pantoprazole,Tablet,40 mg,Oral,861667,Proton pump inhibitor,RxNorm terminology reference / synthetic mapping,0.98,Normalized,Pantaprazole 40 mg,Synthetic test record. Prescription remains the source of truth; normalization does not authorize medication use.
MED001305,Ciprofloxin,Ciprofloxacin,Ciprofloxacin,Ciprofloxacin 500 mg Tablet,Ciprofloxacin; Ciprofloxacin,Tablet,500 mg,Oral,2551,Antibiotic,RxNorm terminology reference / synthetic mapping,0.95,Normalized,Ciprofloxin 500 mg,Synthetic test record. Prescription remains the source of truth; normalization does not authorize medication use.
MED001306,Prednisolon,Prednisolone,Prednisolone,Prednisolone 10 mg Tablet,Prednisolone; Prednisolone,Tablet,10 mg,Oral,1168002,Corticosteroid,RxNorm terminology reference / synthetic mapping,0.9,Normalized,Prednisolon 10 mg,Synthetic test record. Prescription remains the source of truth; normalization does not authorize medication use.
MED001307,Telmisartn,Telmisartan,Telmisartan,Telmisartan 40 mg Tablet,Telmisartan; Telmisartan,Tablet,40 mg,Oral,309410,Antihypertensive,RxNorm terminology reference / synthetic mapping,0.9,Normalized,Telmisartn 40 mg,Synthetic test record. Prescription remains the source of truth; normalization does not authorize medication use.
MED001308,Amoxicilin,Amoxicillin,Amoxicillin,Amoxicillin 500 mg Capsule,Amoxicillin; Amoxicillin,Capsule,500 mg,Oral,723,Antibiotic,RxNorm terminology reference / synthetic mapping,0.9,Normalized,Amoxicilin 500 mg,Synthetic test record. Prescription remains the source of truth; normalization does not authorize medication use.
MED001309,Montelukast,Montelukast,Montelukast,Montelukast 10 mg Tablet,Montelukast; Montelukast,Tablet,10 mg,Oral,1018502,Leukotriene receptor antagonist,RxNorm terminology reference / synthetic mapping,0.94,Already normalized,Montelukast 10 mg,Synthetic test record. Prescription remains the source of truth; normalization does not authorize medication use.
MED001310,Clopidogral,Clopidogrel,Clopidogrel,Clopidogrel 75 mg Tablet,Clopidogrel; Clopidogrel,Tablet,75 mg,Oral,309362,Antiplatelet,RxNorm terminology reference / synthetic mapping,0.91,Normalized,Clopidogral 75 mg,Synthetic test record. Prescription remains the source of truth; normalization does not authorize medication use.
MED001311,Metforrmin,Metformin,Metformin,Metformin 500 mg Tablet,Metformin; Metformin,Tablet,500 mg,Oral,860975,Antidiabetic,RxNorm terminology reference / synthetic mapping,0.96,Normalized,Metforrmin 500 mg,Synthetic test record. Prescription remains the source of truth; normalization does not authorize medication use.
MED001312,Ondansetron,Ondansetron,Ondansetron,Ondansetron 4 mg Tablet,Ondansetron; Ondansetron,Tablet,4 mg,Oral,312157,Antiemetic,RxNorm terminology reference / synthetic mapping,0.96,Already normalized,Ondansetron 4 mg,Synthetic test record. Prescription remains the source of truth; normalization does not authorize medication use.
MED001313,Amlodipinee,Amlodipine,Amlodipine,Amlodipine 5 mg Tablet,Amlodipine; Amlodipine,Tablet,5 mg,Oral,308135,Antihypertensive,RxNorm terminology reference / synthetic mapping,0.93,Normalized,Amlodipinee 5 mg,Synthetic test record. Prescription remains the source of truth; normalization does not authorize medication use.
MED001314,Domperidn,Domperidone,Domperidone,Domperidone 10 mg Tablet,Domperidone; Domperidone,Tablet,10 mg,Oral,897626,Gastroprokinetic,RxNorm terminology reference / synthetic mapping,0.96,Normalized,Domperidn 10 mg,Synthetic test record. Prescription remains the source of truth; normalization does not authorize medication use.
MED001315,Pantoprazloe,Pantoprazole,Pantoprazole,Pantoprazole 40 mg Tablet,Pantoprazole; Pantoprazole,Tablet,40 mg,Oral,861667,Proton pump inhibitor,RxNorm terminology reference / synthetic mapping,0.94,Normalized,Pantoprazloe 40 mg,Synthetic test record. Prescription remains the source of truth; normalization does not authorize medication use.
MED001316,Furosemide,Furosemide,Furosemide,Furosemide 40 mg Tablet,Furosemide; Furosemide,Tablet,40 mg,Oral,310429,Diuretic,RxNorm terminology reference / synthetic mapping,0.9,Already normalized,Furosemide 40 mg,Synthetic test record. Prescription remains the source of truth; normalization does not authorize medication use.
MED001317,Omerpazole,Omeprazole,Omeprazole,Omeprazole 20 mg Capsule,Omeprazole; Omeprazole,Capsule,20 mg,Oral,647640,Proton pump inhibitor,RxNorm terminology reference / synthetic mapping,0.96,Normalized,Omerpazole 20 mg,Synthetic test record. Prescription remains the source of truth; normalization does not authorize medication use.
MED001318,Levothyroxin,Levothyroxine,Levothyroxine,Levothyroxine 50 mcg Tablet,Levothyroxine; Levothyroxine,Tablet,50 mcg,Oral,966220,Thyroid hormone,RxNorm terminology reference / synthetic mapping,0.96,Normalized,Levothyroxin 50 mcg,Synthetic test record. Prescription remains the source of truth; normalization does not authorize medication use.
MED001319,Doxycyclin,Doxycycline,Doxycycline,Doxycycline 100 mg Capsule,Doxycycline; Doxycycline,Capsule,100 mg,Oral,3640,Antibiotic,RxNorm terminology reference / synthetic mapping,0.98,Normalized,Doxycyclin 100 mg,Synthetic test record. Prescription remains the source of truth; normalization does not authorize medication use.
MED001320,Domperidone,Domperidone,Domperidone,Domperidone 10 mg Tablet,Domperidone; Domperidone,Tablet,10 mg,Oral,897626,Gastroprokinetic,RxNorm terminology reference / synthetic mapping,0.97,Already normalized,Domperidone 10 mg,Synthetic test record. Prescription remains the source of truth; normalization does not authorize medication use.
MED001321,Cetirizne,Cetirizine,Cetirizine,Cetirizine 10 mg Tablet,Cetirizine; Cetirizine,Tablet,10 mg,Oral,1014676,Antihistamine,RxNorm terminology reference / synthetic mapping,0.98,Normalized,Cetirizne 10 mg,Synthetic test record. Prescription remains the source of truth; normalization does not authorize medication use.
MED001322,Ondansatron,Ondansetron,Ondansetron,Ondansetron 4 mg Tablet,Ondansetron; Ondansetron,Tablet,4 mg,Oral,312157,Antiemetic,RxNorm terminology reference / synthetic mapping,0.95,Normalized,Ondansatron 4 mg,Synthetic test record. Prescription remains the source of truth; normalization does not authorize medication use.
MED001323,Ibuprof en,Ibuprofen,Ibuprofen,Ibuprofen 400 mg Tablet,Ibuprofen; Ibuprofen,Tablet,400 mg,Oral,310965,NSAID,RxNorm terminology reference / synthetic mapping,0.94,Normalized,Ibuprof en 400 mg,Synthetic test record. Prescription remains the source of truth; normalization does not authorize medication use.
MED001324,Clopidogral,Clopidogrel,Clopidogrel,Clopidogrel 75 mg Tablet,Clopidogrel; Clopidogrel,Tablet,75 mg,Oral,309362,Antiplatelet,RxNorm terminology reference / synthetic mapping,0.93,Normalized,Clopidogral 75 mg,Synthetic test record. Prescription remains the source of truth; normalization does not authorize medication use.
MED001325,Prednisolne,Prednisolone,Prednisolone,Prednisolone 10 mg Tablet,Prednisolone; Prednisolone,Tablet,10 mg,Oral,1168002,Corticosteroid,RxNorm terminology reference / synthetic mapping,0.92,Normalized,Prednisolne 10 mg,Synthetic test record. Prescription remains the source of truth; normalization does not authorize medication use.
MED001326,Prednisolone,Prednisolone,Prednisolone,Prednisolone 10 mg Tablet,Prednisolone; Prednisolone,Tablet,10 mg,Oral,1168002,Corticosteroid,RxNorm terminology reference / synthetic mapping,0.94,Already normalized,Prednisolone 10 mg,Synthetic test record. Prescription remains the source of truth; normalization does not authorize medication use.
MED001327,Amlodipinee,Amlodipine,Amlodipine,Amlodipine 5 mg Tablet,Amlodipine; Amlodipine,Tablet,5 mg,Oral,308135,Antihypertensive,RxNorm terminology reference / synthetic mapping,0.95,Normalized,Amlodipinee 5 mg,Synthetic test record. Prescription remains the source of truth; normalization does not authorize medication use.
MED001328,Telmisartan,Telmisartan,Telmisartan,Telmisartan 40 mg Tablet,Telmisartan; Telmisartan,Tablet,40 mg,Oral,309410,Antihypertensive,RxNorm terminology reference / synthetic mapping,0.98,Already normalized,Telmisartan 40 mg,Synthetic test record. Prescription remains the source of truth; normalization does not authorize medication use.
MED001329,Omeprazole,Omeprazole,Omeprazole,Omeprazole 20 mg Capsule,Omeprazole; Omeprazole,Capsule,20 mg,Oral,647640,Proton pump inhibitor,RxNorm terminology reference / synthetic mapping,0.96,Already normalized,Omeprazole 20 mg,Synthetic test record. Prescription remains the source of truth; normalization does not authorize medication use.
MED001330,Warfain,Warfarin,Warfarin,Warfarin 5 mg Tablet,Warfarin; Warfarin,Tablet,5 mg,Oral,855333,Anticoagulant,RxNorm terminology reference / synthetic mapping,0.98,Normalized,Warfain 5 mg,Synthetic test record. Prescription remains the source of truth; normalization does not authorize medication use.
MED001331,Levothyroxine,Levothyroxine,Levothyroxine,Levothyroxine 50 mcg Tablet,Levothyroxine; Levothyroxine,Tablet,50 mcg,Oral,966220,Thyroid hormone,RxNorm terminology reference / synthetic mapping,0.95,Already normalized,Levothyroxine 50 mcg,Synthetic test record. Prescription remains the source of truth; normalization does not authorize medication use.
MED001332,Amlodipin,Amlodipine,Amlodipine,Amlodipine 5 mg Tablet,Amlodipine; Amlodipine,Tablet,5 mg,Oral,308135,Antihypertensive,RxNorm terminology reference / synthetic mapping,0.94,Normalized,Amlodipin 5 mg,Synthetic test record. Prescription remains the source of truth; normalization does not authorize medication use.
MED001333,Furosemide,Furosemide,Furosemide,Furosemide 40 mg Tablet,Furosemide; Furosemide,Tablet,40 mg,Oral,310429,Diuretic,RxNorm terminology reference / synthetic mapping,0.96,Already normalized,Furosemide 40 mg,Synthetic test record. Prescription remains the source of truth; normalization does not authorize medication use.
MED001334,Paracetemol,Paracetamol,Acetaminophen,Acetaminophen 500 mg Tablet,Paracetamol; Acetaminophen,Tablet,500 mg,Oral,161,Analgesic / Antipyretic,RxNorm terminology reference / synthetic mapping,0.96,Normalized,Paracetemol 500 mg,Synthetic test record. Prescription remains the source of truth; normalization does not authorize medication use.
MED001335,Domperidone,Domperidone,Domperidone,Domperidone 10 mg Tablet,Domperidone; Domperidone,Tablet,10 mg,Oral,897626,Gastroprokinetic,RxNorm terminology reference / synthetic mapping,0.95,Already normalized,Domperidone 10 mg,Synthetic test record. Prescription remains the source of truth; normalization does not authorize medication use.
MED001336,Diclofinac,Diclofenac,Diclofenac,Diclofenac 50 mg Tablet,Diclofenac; Diclofenac,Tablet,50 mg,Oral,308135,NSAID,RxNorm terminology reference / synthetic mapping,0.99,Normalized,Diclofinac 50 mg,Synthetic test record. Prescription remains the source of truth; normalization does not authorize medication use.
MED001337,Ondansetron,Ondansetron,Ondansetron,Ondansetron 4 mg Tablet,Ondansetron; Ondansetron,Tablet,4 mg,Oral,312157,Antiemetic,RxNorm terminology reference / synthetic mapping,0.98,Already normalized,Ondansetron 4 mg,Synthetic test record. Prescription remains the source of truth; normalization does not authorize medication use.
MED001338,Levothyroxine,Levothyroxine,Levothyroxine,Levothyroxine 50 mcg Tablet,Levothyroxine; Levothyroxine,Tablet,50 mcg,Oral,966220,Thyroid hormone,RxNorm terminology reference / synthetic mapping,0.91,Already normalized,Levothyroxine 50 mcg,Synthetic test record. Prescription remains the source of truth; normalization does not authorize medication use.
MED001339,Metoprol,Metoprolol,Metoprolol,Metoprolol 25 mg Tablet,Metoprolol; Metoprolol,Tablet,25 mg,Oral,866924,Beta blocker,RxNorm terminology reference / synthetic mapping,0.97,Normalized,Metoprol 25 mg,Synthetic test record. Prescription remains the source of truth; normalization does not authorize medication use.
MED001340,Levothyroxine,Levothyroxine,Levothyroxine,Levothyroxine 50 mcg Tablet,Levothyroxine; Levothyroxine,Tablet,50 mcg,Oral,966220,Thyroid hormone,RxNorm terminology reference / synthetic mapping,0.97,Already normalized,Levothyroxine 50 mcg,Synthetic test record. Prescription remains the source of truth; normalization does not authorize medication use.
MED001341,Ondansetrone,Ondansetron,Ondansetron,Ondansetron 4 mg Tablet,Ondansetron; Ondansetron,Tablet,4 mg,Oral,312157,Antiemetic,RxNorm terminology reference / synthetic mapping,0.91,Normalized,Ondansetrone 4 mg,Synthetic test record. Prescription remains the source of truth; normalization does not authorize medication use.
MED001342,Atorvastatin,Atorvastatin,Atorvastatin,Atorvastatin 20 mg Tablet,Atorvastatin; Atorvastatin,Tablet,20 mg,Oral,617314,Lipid-lowering agent,RxNorm terminology reference / synthetic mapping,0.9,Already normalized,Atorvastatin 20 mg,Synthetic test record. Prescription remains the source of truth; normalization does not authorize medication use.
MED001343,Domperidn,Domperidone,Domperidone,Domperidone 10 mg Tablet,Domperidone; Domperidone,Tablet,10 mg,Oral,897626,Gastroprokinetic,RxNorm terminology reference / synthetic mapping,0.99,Normalized,Domperidn 10 mg,Synthetic test record. Prescription remains the source of truth; normalization does not authorize medication use.
MED001344,Domperidone,Domperidone,Domperidone,Domperidone 10 mg Tablet,Domperidone; Domperidone,Tablet,10 mg,Oral,897626,Gastroprokinetic,RxNorm terminology reference / synthetic mapping,0.94,Already normalized,Domperidone 10 mg,Synthetic test record. Prescription remains the source of truth; normalization does not authorize medication use.
MED001345,Diclofenak,Diclofenac,Diclofenac,Diclofenac 50 mg Tablet,Diclofenac; Diclofenac,Tablet,50 mg,Oral,308135,NSAID,RxNorm terminology reference / synthetic mapping,0.98,Normalized,Diclofenak 50 mg,Synthetic test record. Prescription remains the source of truth; normalization does not authorize medication use.
MED001346,Ondansetron,Ondansetron,Ondansetron,Ondansetron 4 mg Tablet,Ondansetron; Ondansetron,Tablet,4 mg,Oral,312157,Antiemetic,RxNorm terminology reference / synthetic mapping,0.98,Already normalized,Ondansetron 4 mg,Synthetic test record. Prescription remains the source of truth; normalization does not authorize medication use.
MED001347,Levothroxine,Levothyroxine,Levothyroxine,Levothyroxine 50 mcg Tablet,Levothyroxine; Levothyroxine,Tablet,50 mcg,Oral,966220,Thyroid hormone,RxNorm terminology reference / synthetic mapping,0.95,Normalized,Levothroxine 50 mcg,Synthetic test record. Prescription remains the source of truth; normalization does not authorize medication use.
MED001348,Salbutemol,Salbutamol,Salbutamol,Salbutamol 100 mcg/dose Inhaler,Salbutamol; Salbutamol,Inhaler,100 mcg/dose,Inhalation,745678,Bronchodilator,RxNorm terminology reference / synthetic mapping,0.97,Normalized,Salbutemol 100 mcg/dose,Synthetic test record. Prescription remains the source of truth; normalization does not authorize medication use.
MED001349,Paracetamoll,Paracetamol,Acetaminophen,Acetaminophen 500 mg Tablet,Paracetamol; Acetaminophen,Tablet,500 mg,Oral,161,Analgesic / Antipyretic,RxNorm terminology reference / synthetic mapping,0.91,Normalized,Paracetamoll 500 mg,Synthetic test record. Prescription remains the source of truth; normalization does not authorize medication use.
MED001350,Warfarin,Warfarin,Warfarin,Warfarin 5 mg Tablet,Warfarin; Warfarin,Tablet,5 mg,Oral,855333,Anticoagulant,RxNorm terminology reference / synthetic mapping,0.95,Already normalized,Warfarin 5 mg,Synthetic test record. Prescription remains the source of truth; normalization does not authorize medication use.
MED001351,Ciprofloxacin,Ciprofloxacin,Ciprofloxacin,Ciprofloxacin 500 mg Tablet,Ciprofloxacin; Ciprofloxacin,Tablet,500 mg,Oral,2551,Antibiotic,RxNorm terminology reference / synthetic mapping,0.92,Already normalized,Ciprofloxacin 500 mg,Synthetic test record. Prescription remains the source of truth; normalization does not authorize medication use.
MED001352,Atorvastain,Atorvastatin,Atorvastatin,Atorvastatin 20 mg Tablet,Atorvastatin; Atorvastatin,Tablet,20 mg,Oral,617314,Lipid-lowering agent,RxNorm terminology reference / synthetic mapping,0.92,Normalized,Atorvastain 20 mg,Synthetic test record. Prescription remains the source of truth; normalization does not authorize medication use.
MED001353,Pantoprazole,Pantoprazole,Pantoprazole,Pantoprazole 40 mg Tablet,Pantoprazole; Pantoprazole,Tablet,40 mg,Oral,861667,Proton pump inhibitor,RxNorm terminology reference / synthetic mapping,0.98,Already normalized,Pantoprazole 40 mg,Synthetic test record. Prescription remains the source of truth; normalization does not authorize medication use.
MED001354,Ciprofloxacin,Ciprofloxacin,Ciprofloxacin,Ciprofloxacin 500 mg Tablet,Ciprofloxacin; Ciprofloxacin,Tablet,500 mg,Oral,2551,Antibiotic,RxNorm terminology reference / synthetic mapping,0.94,Already normalized,Ciprofloxacin 500 mg,Synthetic test record. Prescription remains the source of truth; normalization does not authorize medication use.
MED001355,Montelukast,Montelukast,Montelukast,Montelukast 10 mg Tablet,Montelukast; Montelukast,Tablet,10 mg,Oral,1018502,Leukotriene receptor antagonist,RxNorm terminology reference / synthetic mapping,0.95,Already normalized,Montelukast 10 mg,Synthetic test record. Prescription remains the source of truth; normalization does not authorize medication use.
MED001356,Atorvastatin,Atorvastatin,Atorvastatin,Atorvastatin 20 mg Tablet,Atorvastatin; Atorvastatin,Tablet,20 mg,Oral,617314,Lipid-lowering agent,RxNorm terminology reference / synthetic mapping,0.95,Already normalized,Atorvastatin 20 mg,Synthetic test record. Prescription remains the source of truth; normalization does not authorize medication use.
MED001357,Ibuprofin,Ibuprofen,Ibuprofen,Ibuprofen 400 mg Tablet,Ibuprofen; Ibuprofen,Tablet,400 mg,Oral,310965,NSAID,RxNorm terminology reference / synthetic mapping,0.91,Normalized,Ibuprofin 400 mg,Synthetic test record. Prescription remains the source of truth; normalization does not authorize medication use.
MED001358,Levothroxine,Levothyroxine,Levothyroxine,Levothyroxine 50 mcg Tablet,Levothyroxine; Levothyroxine,Tablet,50 mcg,Oral,966220,Thyroid hormone,RxNorm terminology reference / synthetic mapping,0.98,Normalized,Levothroxine 50 mcg,Synthetic test record. Prescription remains the source of truth; normalization does not authorize medication use.
MED001359,Metoprolol,Metoprolol,Metoprolol,Metoprolol 25 mg Tablet,Metoprolol; Metoprolol,Tablet,25 mg,Oral,866924,Beta blocker,RxNorm terminology reference / synthetic mapping,0.96,Already normalized,Metoprolol 25 mg,Synthetic test record. Prescription remains the source of truth; normalization does not authorize medication use.
MED001360,Aspirin,Aspirin,Acetylsalicylic Acid,Acetylsalicylic Acid 75 mg Tablet,Aspirin; Acetylsalicylic Acid,Tablet,75 mg,Oral,1191,Antiplatelet,RxNorm terminology reference / synthetic mapping,0.95,Already normalized,Aspirin 75 mg,Synthetic test record. Prescription remains the source of truth; normalization does not authorize medication use.
MED001361,Levothroxine,Levothyroxine,Levothyroxine,Levothyroxine 50 mcg Tablet,Levothyroxine; Levothyroxine,Tablet,50 mcg,Oral,966220,Thyroid hormone,RxNorm terminology reference / synthetic mapping,0.97,Normalized,Levothroxine 50 mcg,Synthetic test record. Prescription remains the source of truth; normalization does not authorize medication use.
MED001362,Salbutemol,Salbutamol,Salbutamol,Salbutamol 100 mcg/dose Inhaler,Salbutamol; Salbutamol,Inhaler,100 mcg/dose,Inhalation,745678,Bronchodilator,RxNorm terminology reference / synthetic mapping,0.94,Normalized,Salbutemol 100 mcg/dose,Synthetic test record. Prescription remains the source of truth; normalization does not authorize medication use.
MED001363,Prednisolne,Prednisolone,Prednisolone,Prednisolone 10 mg Tablet,Prednisolone; Prednisolone,Tablet,10 mg,Oral,1168002,Corticosteroid,RxNorm terminology reference / synthetic mapping,0.95,Normalized,Prednisolne 10 mg,Synthetic test record. Prescription remains the source of truth; normalization does not authorize medication use.
MED001364,Azithromycine,Azithromycin,Azithromycin,Azithromycin 500 mg Tablet,Azithromycin; Azithromycin,Tablet,500 mg,Oral,18631,Antibiotic,RxNorm terminology reference / synthetic mapping,0.9,Normalized,Azithromycine 500 mg,Synthetic test record. Prescription remains the source of truth; normalization does not authorize medication use.
MED001365,Omeprazole,Omeprazole,Omeprazole,Omeprazole 20 mg Capsule,Omeprazole; Omeprazole,Capsule,20 mg,Oral,647640,Proton pump inhibitor,RxNorm terminology reference / synthetic mapping,0.9,Already normalized,Omeprazole 20 mg,Synthetic test record. Prescription remains the source of truth; normalization does not authorize medication use.
MED001366,Doxycyline,Doxycycline,Doxycycline,Doxycycline 100 mg Capsule,Doxycycline; Doxycycline,Capsule,100 mg,Oral,3640,Antibiotic,RxNorm terminology reference / synthetic mapping,0.96,Normalized,Doxycyline 100 mg,Synthetic test record. Prescription remains the source of truth; normalization does not authorize medication use.
MED001367,Azithromicin,Azithromycin,Azithromycin,Azithromycin 500 mg Tablet,Azithromycin; Azithromycin,Tablet,500 mg,Oral,18631,Antibiotic,RxNorm terminology reference / synthetic mapping,0.95,Normalized,Azithromicin 500 mg,Synthetic test record. Prescription remains the source of truth; normalization does not authorize medication use.
MED001368,Telmisartan,Telmisartan,Telmisartan,Telmisartan 40 mg Tablet,Telmisartan; Telmisartan,Tablet,40 mg,Oral,309410,Antihypertensive,RxNorm terminology reference / synthetic mapping,0.93,Already normalized,Telmisartan 40 mg,Synthetic test record. Prescription remains the source of truth; normalization does not authorize medication use.
MED001369,Montelukast,Montelukast,Montelukast,Montelukast 10 mg Tablet,Montelukast; Montelukast,Tablet,10 mg,Oral,1018502,Leukotriene receptor antagonist,RxNorm terminology reference / synthetic mapping,0.92,Already normalized,Montelukast 10 mg,Synthetic test record. Prescription remains the source of truth; normalization does not authorize medication use.
MED001370,Telmisartn,Telmisartan,Telmisartan,Telmisartan 40 mg Tablet,Telmisartan; Telmisartan,Tablet,40 mg,Oral,309410,Antihypertensive,RxNorm terminology reference / synthetic mapping,0.9,Normalized,Telmisartn 40 mg,Synthetic test record. Prescription remains the source of truth; normalization does not authorize medication use.
MED001371,Salbutemol,Salbutamol,Salbutamol,Salbutamol 100 mcg/dose Inhaler,Salbutamol; Salbutamol,Inhaler,100 mcg/dose,Inhalation,745678,Bronchodilator,RxNorm terminology reference / synthetic mapping,0.96,Normalized,Salbutemol 100 mcg/dose,Synthetic test record. Prescription remains the source of truth; normalization does not authorize medication use.
MED001372,Budesonid,Budesonide,Budesonide,Budesonide 200 mcg/dose Inhaler,Budesonide; Budesonide,Inhaler,200 mcg/dose,Inhalation,745678,Corticosteroid,RxNorm terminology reference / synthetic mapping,0.95,Normalized,Budesonid 200 mcg/dose,Synthetic test record. Prescription remains the source of truth; normalization does not authorize medication use.
MED001373,Paracetamoll,Paracetamol,Acetaminophen,Acetaminophen 500 mg Tablet,Paracetamol; Acetaminophen,Tablet,500 mg,Oral,161,Analgesic / Antipyretic,RxNorm terminology reference / synthetic mapping,0.94,Normalized,Paracetamoll 500 mg,Synthetic test record. Prescription remains the source of truth; normalization does not authorize medication use.
MED001374,Cetirizine,Cetirizine,Cetirizine,Cetirizine 10 mg Tablet,Cetirizine; Cetirizine,Tablet,10 mg,Oral,1014676,Antihistamine,RxNorm terminology reference / synthetic mapping,0.9,Already normalized,Cetirizine 10 mg,Synthetic test record. Prescription remains the source of truth; normalization does not authorize medication use.
MED001375,Paraceta mol,Paracetamol,Acetaminophen,Acetaminophen 500 mg Tablet,Paracetamol; Acetaminophen,Tablet,500 mg,Oral,161,Analgesic / Antipyretic,RxNorm terminology reference / synthetic mapping,0.9,Normalized,Paraceta mol 500 mg,Synthetic test record. Prescription remains the source of truth; normalization does not authorize medication use.
MED001376,Domperidone,Domperidone,Domperidone,Domperidone 10 mg Tablet,Domperidone; Domperidone,Tablet,10 mg,Oral,897626,Gastroprokinetic,RxNorm terminology reference / synthetic mapping,0.97,Already normalized,Domperidone 10 mg,Synthetic test record. Prescription remains the source of truth; normalization does not authorize medication use.
MED001377,Ibuprofen,Ibuprofen,Ibuprofen,Ibuprofen 400 mg Tablet,Ibuprofen; Ibuprofen,Tablet,400 mg,Oral,310965,NSAID,RxNorm terminology reference / synthetic mapping,0.96,Already normalized,Ibuprofen 400 mg,Synthetic test record. Prescription remains the source of truth; normalization does not authorize medication use.
MED001378,Doxycyline,Doxycycline,Doxycycline,Doxycycline 100 mg Capsule,Doxycycline; Doxycycline,Capsule,100 mg,Oral,3640,Antibiotic,RxNorm terminology reference / synthetic mapping,0.93,Normalized,Doxycyline 100 mg,Synthetic test record. Prescription remains the source of truth; normalization does not authorize medication use.
MED001379,InsulinGlar gine,Insulin Glargine,Insulin Glargine,Insulin Glargine 100 units/mL Injection,Insulin Glargine; Insulin Glargine,Injection,100 units/mL,Subcutaneous,261551,Insulin,RxNorm terminology reference / synthetic mapping,0.98,Normalized,InsulinGlar gine 100 units/mL,Synthetic test record. Prescription remains the source of truth; normalization does not authorize medication use.
MED001380,Ibuprofin,Ibuprofen,Ibuprofen,Ibuprofen 400 mg Tablet,Ibuprofen; Ibuprofen,Tablet,400 mg,Oral,310965,NSAID,RxNorm terminology reference / synthetic mapping,0.96,Normalized,Ibuprofin 400 mg,Synthetic test record. Prescription remains the source of truth; normalization does not authorize medication use.
MED001381,Budesonide,Budesonide,Budesonide,Budesonide 200 mcg/dose Inhaler,Budesonide; Budesonide,Inhaler,200 mcg/dose,Inhalation,745678,Corticosteroid,RxNorm terminology reference / synthetic mapping,0.95,Already normalized,Budesonide 200 mcg/dose,Synthetic test record. Prescription remains the source of truth; normalization does not authorize medication use.
MED001382,Clopidogral,Clopidogrel,Clopidogrel,Clopidogrel 75 mg Tablet,Clopidogrel; Clopidogrel,Tablet,75 mg,Oral,309362,Antiplatelet,RxNorm terminology reference / synthetic mapping,0.94,Normalized,Clopidogral 75 mg,Synthetic test record. Prescription remains the source of truth; normalization does not authorize medication use.
MED001383,Furosemid,Furosemide,Furosemide,Furosemide 40 mg Tablet,Furosemide; Furosemide,Tablet,40 mg,Oral,310429,Diuretic,RxNorm terminology reference / synthetic mapping,0.93,Normalized,Furosemid 40 mg,Synthetic test record. Prescription remains the source of truth; normalization does not authorize medication use.
MED001384,Ibuprofen,Ibuprofen,Ibuprofen,Ibuprofen 400 mg Tablet,Ibuprofen; Ibuprofen,Tablet,400 mg,Oral,310965,NSAID,RxNorm terminology reference / synthetic mapping,0.95,Already normalized,Ibuprofen 400 mg,Synthetic test record. Prescription remains the source of truth; normalization does not authorize medication use.
MED001385,Prednisolon,Prednisolone,Prednisolone,Prednisolone 10 mg Tablet,Prednisolone; Prednisolone,Tablet,10 mg,Oral,1168002,Corticosteroid,RxNorm terminology reference / synthetic mapping,0.99,Normalized,Prednisolon 10 mg,Synthetic test record. Prescription remains the source of truth; normalization does not authorize medication use.
MED001386,Levothroxine,Levothyroxine,Levothyroxine,Levothyroxine 50 mcg Tablet,Levothyroxine; Levothyroxine,Tablet,50 mcg,Oral,966220,Thyroid hormone,RxNorm terminology reference / synthetic mapping,0.91,Normalized,Levothroxine 50 mcg,Synthetic test record. Prescription remains the source of truth; normalization does not authorize medication use.
MED001387,Levothyroxine,Levothyroxine,Levothyroxine,Levothyroxine 50 mcg Tablet,Levothyroxine; Levothyroxine,Tablet,50 mcg,Oral,966220,Thyroid hormone,RxNorm terminology reference / synthetic mapping,0.97,Already normalized,Levothyroxine 50 mcg,Synthetic test record. Prescription remains the source of truth; normalization does not authorize medication use.
MED001388,Aspirine,Aspirin,Acetylsalicylic Acid,Acetylsalicylic Acid 75 mg Tablet,Aspirin; Acetylsalicylic Acid,Tablet,75 mg,Oral,1191,Antiplatelet,RxNorm terminology reference / synthetic mapping,0.95,Normalized,Aspirine 75 mg,Synthetic test record. Prescription remains the source of truth; normalization does not authorize medication use.
MED001389,Budesonid,Budesonide,Budesonide,Budesonide 200 mcg/dose Inhaler,Budesonide; Budesonide,Inhaler,200 mcg/dose,Inhalation,745678,Corticosteroid,RxNorm terminology reference / synthetic mapping,0.93,Normalized,Budesonid 200 mcg/dose,Synthetic test record. Prescription remains the source of truth; normalization does not authorize medication use.
MED001390,Levothroxine,Levothyroxine,Levothyroxine,Levothyroxine 50 mcg Tablet,Levothyroxine; Levothyroxine,Tablet,50 mcg,Oral,966220,Thyroid hormone,RxNorm terminology reference / synthetic mapping,0.91,Normalized,Levothroxine 50 mcg,Synthetic test record. Prescription remains the source of truth; normalization does not authorize medication use.
MED001391,Omerpazole,Omeprazole,Omeprazole,Omeprazole 20 mg Capsule,Omeprazole; Omeprazole,Capsule,20 mg,Oral,647640,Proton pump inhibitor,RxNorm terminology reference / synthetic mapping,0.97,Normalized,Omerpazole 20 mg,Synthetic test record. Prescription remains the source of truth; normalization does not authorize medication use.
MED001392,Omerpazole,Omeprazole,Omeprazole,Omeprazole 20 mg Capsule,Omeprazole; Omeprazole,Capsule,20 mg,Oral,647640,Proton pump inhibitor,RxNorm terminology reference / synthetic mapping,0.92,Normalized,Omerpazole 20 mg,Synthetic test record. Prescription remains the source of truth; normalization does not authorize medication use.
MED001393,Clopidogrel,Clopidogrel,Clopidogrel,Clopidogrel 75 mg Tablet,Clopidogrel; Clopidogrel,Tablet,75 mg,Oral,309362,Antiplatelet,RxNorm terminology reference / synthetic mapping,0.98,Already normalized,Clopidogrel 75 mg,Synthetic test record. Prescription remains the source of truth; normalization does not authorize medication use.
MED001394,Paracetamol,Paracetamol,Acetaminophen,Acetaminophen 500 mg Tablet,Paracetamol; Acetaminophen,Tablet,500 mg,Oral,161,Analgesic / Antipyretic,RxNorm terminology reference / synthetic mapping,0.93,Already normalized,Paracetamol 500 mg,Synthetic test record. Prescription remains the source of truth; normalization does not authorize medication use.
MED001395,Budesonide,Budesonide,Budesonide,Budesonide 200 mcg/dose Inhaler,Budesonide; Budesonide,Inhaler,200 mcg/dose,Inhalation,745678,Corticosteroid,RxNorm terminology reference / synthetic mapping,0.91,Already normalized,Budesonide 200 mcg/dose,Synthetic test record. Prescription remains the source of truth; normalization does not authorize medication use.
MED001396,Pantaprazole,Pantoprazole,Pantoprazole,Pantoprazole 40 mg Tablet,Pantoprazole; Pantoprazole,Tablet,40 mg,Oral,861667,Proton pump inhibitor,RxNorm terminology reference / synthetic mapping,0.96,Normalized,Pantaprazole 40 mg,Synthetic test record. Prescription remains the source of truth; normalization does not authorize medication use.
MED001397,Atorvastatin,Atorvastatin,Atorvastatin,Atorvastatin 20 mg Tablet,Atorvastatin; Atorvastatin,Tablet,20 mg,Oral,617314,Lipid-lowering agent,RxNorm terminology reference / synthetic mapping,0.94,Already normalized,Atorvastatin 20 mg,Synthetic test record. Prescription remains the source of truth; normalization does not authorize medication use.
MED001398,Doxycycline,Doxycycline,Doxycycline,Doxycycline 100 mg Capsule,Doxycycline; Doxycycline,Capsule,100 mg,Oral,3640,Antibiotic,RxNorm terminology reference / synthetic mapping,0.98,Already normalized,Doxycycline 100 mg,Synthetic test record. Prescription remains the source of truth; normalization does not authorize medication use.
MED001399,Telmisartn,Telmisartan,Telmisartan,Telmisartan 40 mg Tablet,Telmisartan; Telmisartan,Tablet,40 mg,Oral,309410,Antihypertensive,RxNorm terminology reference / synthetic mapping,0.95,Normalized,Telmisartn 40 mg,Synthetic test record. Prescription remains the source of truth; normalization does not authorize medication use.
MED001400,Glimepiride,Glimepiride,Glimepiride,Glimepiride 2 mg Tablet,Glimepiride; Glimepiride,Tablet,2 mg,Oral,861713,Antidiabetic,RxNorm terminology reference / synthetic mapping,0.94,Already normalized,Glimepiride 2 mg,Synthetic test record. Prescription remains the source of truth; normalization does not authorize medication use.
MED001401,Montelukast,Montelukast,Montelukast,Montelukast 10 mg Tablet,Montelukast; Montelukast,Tablet,10 mg,Oral,1018502,Leukotriene receptor antagonist,RxNorm terminology reference / synthetic mapping,0.92,Already normalized,Montelukast 10 mg,Synthetic test record. Prescription remains the source of truth; normalization does not authorize medication use.
MED001402,Famotidine,Famotidine,Famotidine,Famotidine 20 mg Tablet,Famotidine; Famotidine,Tablet,20 mg,Oral,966770,H2 receptor antagonist,RxNorm terminology reference / synthetic mapping,0.99,Already normalized,Famotidine 20 mg,Synthetic test record. Prescription remains the source of truth; normalization does not authorize medication use.
MED001403,Paraceta mol,Paracetamol,Acetaminophen,Acetaminophen 500 mg Tablet,Paracetamol; Acetaminophen,Tablet,500 mg,Oral,161,Analgesic / Antipyretic,RxNorm terminology reference / synthetic mapping,0.94,Normalized,Paraceta mol 500 mg,Synthetic test record. Prescription remains the source of truth; normalization does not authorize medication use.
MED001404,Azithromycine,Azithromycin,Azithromycin,Azithromycin 500 mg Tablet,Azithromycin; Azithromycin,Tablet,500 mg,Oral,18631,Antibiotic,RxNorm terminology reference / synthetic mapping,0.93,Normalized,Azithromycine 500 mg,Synthetic test record. Prescription remains the source of truth; normalization does not authorize medication use.
MED001405,Ondansetron,Ondansetron,Ondansetron,Ondansetron 4 mg Tablet,Ondansetron; Ondansetron,Tablet,4 mg,Oral,312157,Antiemetic,RxNorm terminology reference / synthetic mapping,0.96,Already normalized,Ondansetron 4 mg,Synthetic test record. Prescription remains the source of truth; normalization does not authorize medication use.
MED001406,Prednisolone,Prednisolone,Prednisolone,Prednisolone 10 mg Tablet,Prednisolone; Prednisolone,Tablet,10 mg,Oral,1168002,Corticosteroid,RxNorm terminology reference / synthetic mapping,0.96,Already normalized,Prednisolone 10 mg,Synthetic test record. Prescription remains the source of truth; normalization does not authorize medication use.
MED001407,Omerpazole,Omeprazole,Omeprazole,Omeprazole 20 mg Capsule,Omeprazole; Omeprazole,Capsule,20 mg,Oral,647640,Proton pump inhibitor,RxNorm terminology reference / synthetic mapping,0.96,Normalized,Omerpazole 20 mg,Synthetic test record. Prescription remains the source of truth; normalization does not authorize medication use.
MED001408,Aspirin,Aspirin,Acetylsalicylic Acid,Acetylsalicylic Acid 75 mg Tablet,Aspirin; Acetylsalicylic Acid,Tablet,75 mg,Oral,1191,Antiplatelet,RxNorm terminology reference / synthetic mapping,0.96,Already normalized,Aspirin 75 mg,Synthetic test record. Prescription remains the source of truth; normalization does not authorize medication use.
MED001409,Ibuprof en,Ibuprofen,Ibuprofen,Ibuprofen 400 mg Tablet,Ibuprofen; Ibuprofen,Tablet,400 mg,Oral,310965,NSAID,RxNorm terminology reference / synthetic mapping,0.96,Normalized,Ibuprof en 400 mg,Synthetic test record. Prescription remains the source of truth; normalization does not authorize medication use.
MED001410,Metfornin,Metformin,Metformin,Metformin 500 mg Tablet,Metformin; Metformin,Tablet,500 mg,Oral,860975,Antidiabetic,RxNorm terminology reference / synthetic mapping,0.92,Normalized,Metfornin 500 mg,Synthetic test record. Prescription remains the source of truth; normalization does not authorize medication use.
MED001411,Losartan,Losartan,Losartan,Losartan 50 mg Tablet,Losartan; Losartan,Tablet,50 mg,Oral,979118,Antihypertensive,RxNorm terminology reference / synthetic mapping,0.97,Already normalized,Losartan 50 mg,Synthetic test record. Prescription remains the source of truth; normalization does not authorize medication use.
MED001412,Domperidone,Domperidone,Domperidone,Domperidone 10 mg Tablet,Domperidone; Domperidone,Tablet,10 mg,Oral,897626,Gastroprokinetic,RxNorm terminology reference / synthetic mapping,0.96,Already normalized,Domperidone 10 mg,Synthetic test record. Prescription remains the source of truth; normalization does not authorize medication use.
MED001413,Doxycyclin,Doxycycline,Doxycycline,Doxycycline 100 mg Capsule,Doxycycline; Doxycycline,Capsule,100 mg,Oral,3640,Antibiotic,RxNorm terminology reference / synthetic mapping,0.92,Normalized,Doxycyclin 100 mg,Synthetic test record. Prescription remains the source of truth; normalization does not authorize medication use.
MED001414,Amoxcillin,Amoxicillin,Amoxicillin,Amoxicillin 500 mg Capsule,Amoxicillin; Amoxicillin,Capsule,500 mg,Oral,723,Antibiotic,RxNorm terminology reference / synthetic mapping,0.93,Normalized,Amoxcillin 500 mg,Synthetic test record. Prescription remains the source of truth; normalization does not authorize medication use.
MED001415,Glimepiride,Glimepiride,Glimepiride,Glimepiride 2 mg Tablet,Glimepiride; Glimepiride,Tablet,2 mg,Oral,861713,Antidiabetic,RxNorm terminology reference / synthetic mapping,0.9,Already normalized,Glimepiride 2 mg,Synthetic test record. Prescription remains the source of truth; normalization does not authorize medication use.
MED001416,Glimepride,Glimepiride,Glimepiride,Glimepiride 2 mg Tablet,Glimepiride; Glimepiride,Tablet,2 mg,Oral,861713,Antidiabetic,RxNorm terminology reference / synthetic mapping,0.97,Normalized,Glimepride 2 mg,Synthetic test record. Prescription remains the source of truth; normalization does not authorize medication use.
MED001417,Budesonide,Budesonide,Budesonide,Budesonide 200 mcg/dose Inhaler,Budesonide; Budesonide,Inhaler,200 mcg/dose,Inhalation,745678,Corticosteroid,RxNorm terminology reference / synthetic mapping,0.96,Already normalized,Budesonide 200 mcg/dose,Synthetic test record. Prescription remains the source of truth; normalization does not authorize medication use.
MED001418,Losartam,Losartan,Losartan,Losartan 50 mg Tablet,Losartan; Losartan,Tablet,50 mg,Oral,979118,Antihypertensive,RxNorm terminology reference / synthetic mapping,0.96,Normalized,Losartam 50 mg,Synthetic test record. Prescription remains the source of truth; normalization does not authorize medication use.
MED001419,Glimepiride,Glimepiride,Glimepiride,Glimepiride 2 mg Tablet,Glimepiride; Glimepiride,Tablet,2 mg,Oral,861713,Antidiabetic,RxNorm terminology reference / synthetic mapping,0.94,Already normalized,Glimepiride 2 mg,Synthetic test record. Prescription remains the source of truth; normalization does not authorize medication use.
MED001420,Doxycycline,Doxycycline,Doxycycline,Doxycycline 100 mg Capsule,Doxycycline; Doxycycline,Capsule,100 mg,Oral,3640,Antibiotic,RxNorm terminology reference / synthetic mapping,0.98,Already normalized,Doxycycline 100 mg,Synthetic test record. Prescription remains the source of truth; normalization does not authorize medication use.
MED001421,Ondansetron,Ondansetron,Ondansetron,Ondansetron 4 mg Tablet,Ondansetron; Ondansetron,Tablet,4 mg,Oral,312157,Antiemetic,RxNorm terminology reference / synthetic mapping,0.93,Already normalized,Ondansetron 4 mg,Synthetic test record. Prescription remains the source of truth; normalization does not authorize medication use.
MED001422,Telmisartn,Telmisartan,Telmisartan,Telmisartan 40 mg Tablet,Telmisartan; Telmisartan,Tablet,40 mg,Oral,309410,Antihypertensive,RxNorm terminology reference / synthetic mapping,0.93,Normalized,Telmisartn 40 mg,Synthetic test record. Prescription remains the source of truth; normalization does not authorize medication use.
MED001423,Ibuprofen,Ibuprofen,Ibuprofen,Ibuprofen 400 mg Tablet,Ibuprofen; Ibuprofen,Tablet,400 mg,Oral,310965,NSAID,RxNorm terminology reference / synthetic mapping,0.93,Already normalized,Ibuprofen 400 mg,Synthetic test record. Prescription remains the source of truth; normalization does not authorize medication use.
MED001424,Cetirizine,Cetirizine,Cetirizine,Cetirizine 10 mg Tablet,Cetirizine; Cetirizine,Tablet,10 mg,Oral,1014676,Antihistamine,RxNorm terminology reference / synthetic mapping,0.98,Already normalized,Cetirizine 10 mg,Synthetic test record. Prescription remains the source of truth; normalization does not authorize medication use.
MED001425,Amlodipin,Amlodipine,Amlodipine,Amlodipine 5 mg Tablet,Amlodipine; Amlodipine,Tablet,5 mg,Oral,308135,Antihypertensive,RxNorm terminology reference / synthetic mapping,0.93,Normalized,Amlodipin 5 mg,Synthetic test record. Prescription remains the source of truth; normalization does not authorize medication use.
MED001426,Glimepride,Glimepiride,Glimepiride,Glimepiride 2 mg Tablet,Glimepiride; Glimepiride,Tablet,2 mg,Oral,861713,Antidiabetic,RxNorm terminology reference / synthetic mapping,0.92,Normalized,Glimepride 2 mg,Synthetic test record. Prescription remains the source of truth; normalization does not authorize medication use.
MED001427,Ibuprofen,Ibuprofen,Ibuprofen,Ibuprofen 400 mg Tablet,Ibuprofen; Ibuprofen,Tablet,400 mg,Oral,310965,NSAID,RxNorm terminology reference / synthetic mapping,0.95,Already normalized,Ibuprofen 400 mg,Synthetic test record. Prescription remains the source of truth; normalization does not authorize medication use.
MED001428,Clopidogral,Clopidogrel,Clopidogrel,Clopidogrel 75 mg Tablet,Clopidogrel; Clopidogrel,Tablet,75 mg,Oral,309362,Antiplatelet,RxNorm terminology reference / synthetic mapping,0.99,Normalized,Clopidogral 75 mg,Synthetic test record. Prescription remains the source of truth; normalization does not authorize medication use.
MED001429,Amoxycillin,Amoxicillin,Amoxicillin,Amoxicillin 500 mg Capsule,Amoxicillin; Amoxicillin,Capsule,500 mg,Oral,723,Antibiotic,RxNorm terminology reference / synthetic mapping,0.92,Normalized,Amoxycillin 500 mg,Synthetic test record. Prescription remains the source of truth; normalization does not authorize medication use.
MED001430,Ibuprophen,Ibuprofen,Ibuprofen,Ibuprofen 400 mg Tablet,Ibuprofen; Ibuprofen,Tablet,400 mg,Oral,310965,NSAID,RxNorm terminology reference / synthetic mapping,0.98,Normalized,Ibuprophen 400 mg,Synthetic test record. Prescription remains the source of truth; normalization does not authorize medication use.
MED001431,Montelukast,Montelukast,Montelukast,Montelukast 10 mg Tablet,Montelukast; Montelukast,Tablet,10 mg,Oral,1018502,Leukotriene receptor antagonist,RxNorm terminology reference / synthetic mapping,0.95,Already normalized,Montelukast 10 mg,Synthetic test record. Prescription remains the source of truth; normalization does not authorize medication use.
MED001432,Metformn,Metformin,Metformin,Metformin 500 mg Tablet,Metformin; Metformin,Tablet,500 mg,Oral,860975,Antidiabetic,RxNorm terminology reference / synthetic mapping,0.98,Normalized,Metformn 500 mg,Synthetic test record. Prescription remains the source of truth; normalization does not authorize medication use.
MED001433,Glimepiride,Glimepiride,Glimepiride,Glimepiride 2 mg Tablet,Glimepiride; Glimepiride,Tablet,2 mg,Oral,861713,Antidiabetic,RxNorm terminology reference / synthetic mapping,0.94,Already normalized,Glimepiride 2 mg,Synthetic test record. Prescription remains the source of truth; normalization does not authorize medication use.
MED001434,Ibuprofin,Ibuprofen,Ibuprofen,Ibuprofen 400 mg Tablet,Ibuprofen; Ibuprofen,Tablet,400 mg,Oral,310965,NSAID,RxNorm terminology reference / synthetic mapping,0.92,Normalized,Ibuprofin 400 mg,Synthetic test record. Prescription remains the source of truth; normalization does not authorize medication use.
MED001435,Ciprofloxacin,Ciprofloxacin,Ciprofloxacin,Ciprofloxacin 500 mg Tablet,Ciprofloxacin; Ciprofloxacin,Tablet,500 mg,Oral,2551,Antibiotic,RxNorm terminology reference / synthetic mapping,0.99,Already normalized,Ciprofloxacin 500 mg,Synthetic test record. Prescription remains the source of truth; normalization does not authorize medication use.
MED001436,Atorvastatin,Atorvastatin,Atorvastatin,Atorvastatin 20 mg Tablet,Atorvastatin; Atorvastatin,Tablet,20 mg,Oral,617314,Lipid-lowering agent,RxNorm terminology reference / synthetic mapping,0.99,Already normalized,Atorvastatin 20 mg,Synthetic test record. Prescription remains the source of truth; normalization does not authorize medication use.
MED001437,Ondansetrone,Ondansetron,Ondansetron,Ondansetron 4 mg Tablet,Ondansetron; Ondansetron,Tablet,4 mg,Oral,312157,Antiemetic,RxNorm terminology reference / synthetic mapping,0.96,Normalized,Ondansetrone 4 mg,Synthetic test record. Prescription remains the source of truth; normalization does not authorize medication use.
MED001438,Amoxycillin,Amoxicillin,Amoxicillin,Amoxicillin 500 mg Capsule,Amoxicillin; Amoxicillin,Capsule,500 mg,Oral,723,Antibiotic,RxNorm terminology reference / synthetic mapping,0.91,Normalized,Amoxycillin 500 mg,Synthetic test record. Prescription remains the source of truth; normalization does not authorize medication use.
MED001439,Warfarin,Warfarin,Warfarin,Warfarin 5 mg Tablet,Warfarin; Warfarin,Tablet,5 mg,Oral,855333,Anticoagulant,RxNorm terminology reference / synthetic mapping,0.94,Already normalized,Warfarin 5 mg,Synthetic test record. Prescription remains the source of truth; normalization does not authorize medication use.
MED001440,Losartan,Losartan,Losartan,Losartan 50 mg Tablet,Losartan; Losartan,Tablet,50 mg,Oral,979118,Antihypertensive,RxNorm terminology reference / synthetic mapping,0.95,Already normalized,Losartan 50 mg,Synthetic test record. Prescription remains the source of truth; normalization does not authorize medication use.
MED001441,Prednisolone,Prednisolone,Prednisolone,Prednisolone 10 mg Tablet,Prednisolone; Prednisolone,Tablet,10 mg,Oral,1168002,Corticosteroid,RxNorm terminology reference / synthetic mapping,0.94,Already normalized,Prednisolone 10 mg,Synthetic test record. Prescription remains the source of truth; normalization does not authorize medication use.
MED001442,Insulin Glargene,Insulin Glargine,Insulin Glargine,Insulin Glargine 100 units/mL Injection,Insulin Glargine; Insulin Glargine,Injection,100 units/mL,Subcutaneous,261551,Insulin,RxNorm terminology reference / synthetic mapping,0.94,Normalized,Insulin Glargene 100 units/mL,Synthetic test record. Prescription remains the source of truth; normalization does not authorize medication use.
MED001443,Metformn,Metformin,Metformin,Metformin 500 mg Tablet,Metformin; Metformin,Tablet,500 mg,Oral,860975,Antidiabetic,RxNorm terminology reference / synthetic mapping,0.96,Normalized,Metformn 500 mg,Synthetic test record. Prescription remains the source of truth; normalization does not authorize medication use.
MED001444,Insulin Glargin,Insulin Glargine,Insulin Glargine,Insulin Glargine 100 units/mL Injection,Insulin Glargine; Insulin Glargine,Injection,100 units/mL,Subcutaneous,261551,Insulin,RxNorm terminology reference / synthetic mapping,0.9,Normalized,Insulin Glargin 100 units/mL,Synthetic test record. Prescription remains the source of truth; normalization does not authorize medication use.
MED001445,Telmisartan,Telmisartan,Telmisartan,Telmisartan 40 mg Tablet,Telmisartan; Telmisartan,Tablet,40 mg,Oral,309410,Antihypertensive,RxNorm terminology reference / synthetic mapping,0.92,Already normalized,Telmisartan 40 mg,Synthetic test record. Prescription remains the source of truth; normalization does not authorize medication use.
MED001446,Ondansetron,Ondansetron,Ondansetron,Ondansetron 4 mg Tablet,Ondansetron; Ondansetron,Tablet,4 mg,Oral,312157,Antiemetic,RxNorm terminology reference / synthetic mapping,0.96,Already normalized,Ondansetron 4 mg,Synthetic test record. Prescription remains the source of truth; normalization does not authorize medication use.
MED001447,Glimepride,Glimepiride,Glimepiride,Glimepiride 2 mg Tablet,Glimepiride; Glimepiride,Tablet,2 mg,Oral,861713,Antidiabetic,RxNorm terminology reference / synthetic mapping,0.92,Normalized,Glimepride 2 mg,Synthetic test record. Prescription remains the source of truth; normalization does not authorize medication use.
MED001448,Cetirizine,Cetirizine,Cetirizine,Cetirizine 10 mg Tablet,Cetirizine; Cetirizine,Tablet,10 mg,Oral,1014676,Antihistamine,RxNorm terminology reference / synthetic mapping,0.97,Already normalized,Cetirizine 10 mg,Synthetic test record. Prescription remains the source of truth; normalization does not authorize medication use.
MED001449,Aspirn,Aspirin,Acetylsalicylic Acid,Acetylsalicylic Acid 75 mg Tablet,Aspirin; Acetylsalicylic Acid,Tablet,75 mg,Oral,1191,Antiplatelet,RxNorm terminology reference / synthetic mapping,0.93,Normalized,Aspirn 75 mg,Synthetic test record. Prescription remains the source of truth; normalization does not authorize medication use.
MED001450,Insulin Glargin,Insulin Glargine,Insulin Glargine,Insulin Glargine 100 units/mL Injection,Insulin Glargine; Insulin Glargine,Injection,100 units/mL,Subcutaneous,261551,Insulin,RxNorm terminology reference / synthetic mapping,0.9,Normalized,Insulin Glargin 100 units/mL,Synthetic test record. Prescription remains the source of truth; normalization does not authorize medication use.
MED001451,Furosemide,Furosemide,Furosemide,Furosemide 40 mg Tablet,Furosemide; Furosemide,Tablet,40 mg,Oral,310429,Diuretic,RxNorm terminology reference / synthetic mapping,0.95,Already normalized,Furosemide 40 mg,Synthetic test record. Prescription remains the source of truth; normalization does not authorize medication use.
MED001452,Ciprofloxin,Ciprofloxacin,Ciprofloxacin,Ciprofloxacin 500 mg Tablet,Ciprofloxacin; Ciprofloxacin,Tablet,500 mg,Oral,2551,Antibiotic,RxNorm terminology reference / synthetic mapping,0.99,Normalized,Ciprofloxin 500 mg,Synthetic test record. Prescription remains the source of truth; normalization does not authorize medication use.
MED001453,Atorvastatin,Atorvastatin,Atorvastatin,Atorvastatin 20 mg Tablet,Atorvastatin; Atorvastatin,Tablet,20 mg,Oral,617314,Lipid-lowering agent,RxNorm terminology reference / synthetic mapping,0.92,Already normalized,Atorvastatin 20 mg,Synthetic test record. Prescription remains the source of truth; normalization does not authorize medication use.
MED001454,Telmisartam,Telmisartan,Telmisartan,Telmisartan 40 mg Tablet,Telmisartan; Telmisartan,Tablet,40 mg,Oral,309410,Antihypertensive,RxNorm terminology reference / synthetic mapping,0.96,Normalized,Telmisartam 40 mg,Synthetic test record. Prescription remains the source of truth; normalization does not authorize medication use.
MED001455,Ondansatron,Ondansetron,Ondansetron,Ondansetron 4 mg Tablet,Ondansetron; Ondansetron,Tablet,4 mg,Oral,312157,Antiemetic,RxNorm terminology reference / synthetic mapping,0.95,Normalized,Ondansatron 4 mg,Synthetic test record. Prescription remains the source of truth; normalization does not authorize medication use.
MED001456,Ibuprophen,Ibuprofen,Ibuprofen,Ibuprofen 400 mg Tablet,Ibuprofen; Ibuprofen,Tablet,400 mg,Oral,310965,NSAID,RxNorm terminology reference / synthetic mapping,0.99,Normalized,Ibuprophen 400 mg,Synthetic test record. Prescription remains the source of truth; normalization does not authorize medication use.
MED001457,Furosemide,Furosemide,Furosemide,Furosemide 40 mg Tablet,Furosemide; Furosemide,Tablet,40 mg,Oral,310429,Diuretic,RxNorm terminology reference / synthetic mapping,0.97,Already normalized,Furosemide 40 mg,Synthetic test record. Prescription remains the source of truth; normalization does not authorize medication use.
MED001458,Cetirizne,Cetirizine,Cetirizine,Cetirizine 10 mg Tablet,Cetirizine; Cetirizine,Tablet,10 mg,Oral,1014676,Antihistamine,RxNorm terminology reference / synthetic mapping,0.91,Normalized,Cetirizne 10 mg,Synthetic test record. Prescription remains the source of truth; normalization does not authorize medication use.
MED001459,Losartn,Losartan,Losartan,Losartan 50 mg Tablet,Losartan; Losartan,Tablet,50 mg,Oral,979118,Antihypertensive,RxNorm terminology reference / synthetic mapping,0.96,Normalized,Losartn 50 mg,Synthetic test record. Prescription remains the source of truth; normalization does not authorize medication use.
MED001460,Doxycicline,Doxycycline,Doxycycline,Doxycycline 100 mg Capsule,Doxycycline; Doxycycline,Capsule,100 mg,Oral,3640,Antibiotic,RxNorm terminology reference / synthetic mapping,0.96,Normalized,Doxycicline 100 mg,Synthetic test record. Prescription remains the source of truth; normalization does not authorize medication use.
MED001461,Budesonide,Budesonide,Budesonide,Budesonide 200 mcg/dose Inhaler,Budesonide; Budesonide,Inhaler,200 mcg/dose,Inhalation,745678,Corticosteroid,RxNorm terminology reference / synthetic mapping,0.97,Already normalized,Budesonide 200 mcg/dose,Synthetic test record. Prescription remains the source of truth; normalization does not authorize medication use.
MED001462,Metoprololl,Metoprolol,Metoprolol,Metoprolol 25 mg Tablet,Metoprolol; Metoprolol,Tablet,25 mg,Oral,866924,Beta blocker,RxNorm terminology reference / synthetic mapping,0.97,Normalized,Metoprololl 25 mg,Synthetic test record. Prescription remains the source of truth; normalization does not authorize medication use.
MED001463,Glimepride,Glimepiride,Glimepiride,Glimepiride 2 mg Tablet,Glimepiride; Glimepiride,Tablet,2 mg,Oral,861713,Antidiabetic,RxNorm terminology reference / synthetic mapping,0.93,Normalized,Glimepride 2 mg,Synthetic test record. Prescription remains the source of truth; normalization does not authorize medication use.
MED001464,Metoprolol,Metoprolol,Metoprolol,Metoprolol 25 mg Tablet,Metoprolol; Metoprolol,Tablet,25 mg,Oral,866924,Beta blocker,RxNorm terminology reference / synthetic mapping,0.92,Already normalized,Metoprolol 25 mg,Synthetic test record. Prescription remains the source of truth; normalization does not authorize medication use.
MED001465,Amlodipinee,Amlodipine,Amlodipine,Amlodipine 5 mg Tablet,Amlodipine; Amlodipine,Tablet,5 mg,Oral,308135,Antihypertensive,RxNorm terminology reference / synthetic mapping,0.98,Normalized,Amlodipinee 5 mg,Synthetic test record. Prescription remains the source of truth; normalization does not authorize medication use.
MED001466,Furosemide,Furosemide,Furosemide,Furosemide 40 mg Tablet,Furosemide; Furosemide,Tablet,40 mg,Oral,310429,Diuretic,RxNorm terminology reference / synthetic mapping,0.98,Already normalized,Furosemide 40 mg,Synthetic test record. Prescription remains the source of truth; normalization does not authorize medication use.
MED001467,Losartam,Losartan,Losartan,Losartan 50 mg Tablet,Losartan; Losartan,Tablet,50 mg,Oral,979118,Antihypertensive,RxNorm terminology reference / synthetic mapping,0.94,Normalized,Losartam 50 mg,Synthetic test record. Prescription remains the source of truth; normalization does not authorize medication use.
MED001468,Losartn,Losartan,Losartan,Losartan 50 mg Tablet,Losartan; Losartan,Tablet,50 mg,Oral,979118,Antihypertensive,RxNorm terminology reference / synthetic mapping,0.98,Normalized,Losartn 50 mg,Synthetic test record. Prescription remains the source of truth; normalization does not authorize medication use.
MED001469,Amoxicilin,Amoxicillin,Amoxicillin,Amoxicillin 500 mg Capsule,Amoxicillin; Amoxicillin,Capsule,500 mg,Oral,723,Antibiotic,RxNorm terminology reference / synthetic mapping,0.91,Normalized,Amoxicilin 500 mg,Synthetic test record. Prescription remains the source of truth; normalization does not authorize medication use.
MED001470,Atorvastatin,Atorvastatin,Atorvastatin,Atorvastatin 20 mg Tablet,Atorvastatin; Atorvastatin,Tablet,20 mg,Oral,617314,Lipid-lowering agent,RxNorm terminology reference / synthetic mapping,0.97,Already normalized,Atorvastatin 20 mg,Synthetic test record. Prescription remains the source of truth; normalization does not authorize medication use.
MED001471,Budesonid,Budesonide,Budesonide,Budesonide 200 mcg/dose Inhaler,Budesonide; Budesonide,Inhaler,200 mcg/dose,Inhalation,745678,Corticosteroid,RxNorm terminology reference / synthetic mapping,0.96,Normalized,Budesonid 200 mcg/dose,Synthetic test record. Prescription remains the source of truth; normalization does not authorize medication use.
MED001472,Levothyroxin,Levothyroxine,Levothyroxine,Levothyroxine 50 mcg Tablet,Levothyroxine; Levothyroxine,Tablet,50 mcg,Oral,966220,Thyroid hormone,RxNorm terminology reference / synthetic mapping,0.93,Normalized,Levothyroxin 50 mcg,Synthetic test record. Prescription remains the source of truth; normalization does not authorize medication use.
MED001473,Ciprofloxacin,Ciprofloxacin,Ciprofloxacin,Ciprofloxacin 500 mg Tablet,Ciprofloxacin; Ciprofloxacin,Tablet,500 mg,Oral,2551,Antibiotic,RxNorm terminology reference / synthetic mapping,0.92,Already normalized,Ciprofloxacin 500 mg,Synthetic test record. Prescription remains the source of truth; normalization does not authorize medication use.
MED001474,Ciprofloxacin,Ciprofloxacin,Ciprofloxacin,Ciprofloxacin 500 mg Tablet,Ciprofloxacin; Ciprofloxacin,Tablet,500 mg,Oral,2551,Antibiotic,RxNorm terminology reference / synthetic mapping,0.99,Already normalized,Ciprofloxacin 500 mg,Synthetic test record. Prescription remains the source of truth; normalization does not authorize medication use.
MED001475,Aspirin,Aspirin,Acetylsalicylic Acid,Acetylsalicylic Acid 75 mg Tablet,Aspirin; Acetylsalicylic Acid,Tablet,75 mg,Oral,1191,Antiplatelet,RxNorm terminology reference / synthetic mapping,0.93,Already normalized,Aspirin 75 mg,Synthetic test record. Prescription remains the source of truth; normalization does not authorize medication use.
MED001476,Pantoprazole,Pantoprazole,Pantoprazole,Pantoprazole 40 mg Tablet,Pantoprazole; Pantoprazole,Tablet,40 mg,Oral,861667,Proton pump inhibitor,RxNorm terminology reference / synthetic mapping,0.97,Already normalized,Pantoprazole 40 mg,Synthetic test record. Prescription remains the source of truth; normalization does not authorize medication use.
MED001477,Amoxcillin,Amoxicillin,Amoxicillin,Amoxicillin 500 mg Capsule,Amoxicillin; Amoxicillin,Capsule,500 mg,Oral,723,Antibiotic,RxNorm terminology reference / synthetic mapping,0.94,Normalized,Amoxcillin 500 mg,Synthetic test record. Prescription remains the source of truth; normalization does not authorize medication use.
MED001478,Ondansetron,Ondansetron,Ondansetron,Ondansetron 4 mg Tablet,Ondansetron; Ondansetron,Tablet,4 mg,Oral,312157,Antiemetic,RxNorm terminology reference / synthetic mapping,0.96,Already normalized,Ondansetron 4 mg,Synthetic test record. Prescription remains the source of truth; normalization does not authorize medication use.
MED001479,Atorvastatin,Atorvastatin,Atorvastatin,Atorvastatin 20 mg Tablet,Atorvastatin; Atorvastatin,Tablet,20 mg,Oral,617314,Lipid-lowering agent,RxNorm terminology reference / synthetic mapping,0.96,Already normalized,Atorvastatin 20 mg,Synthetic test record. Prescription remains the source of truth; normalization does not authorize medication use.
MED001480,Telmisartn,Telmisartan,Telmisartan,Telmisartan 40 mg Tablet,Telmisartan; Telmisartan,Tablet,40 mg,Oral,309410,Antihypertensive,RxNorm terminology reference / synthetic mapping,0.93,Normalized,Telmisartn 40 mg,Synthetic test record. Prescription remains the source of truth; normalization does not authorize medication use.
MED001481,Ciprofloxacine,Ciprofloxacin,Ciprofloxacin,Ciprofloxacin 500 mg Tablet,Ciprofloxacin; Ciprofloxacin,Tablet,500 mg,Oral,2551,Antibiotic,RxNorm terminology reference / synthetic mapping,0.96,Normalized,Ciprofloxacine 500 mg,Synthetic test record. Prescription remains the source of truth; normalization does not authorize medication use.
MED001482,Metforrmin,Metformin,Metformin,Metformin 500 mg Tablet,Metformin; Metformin,Tablet,500 mg,Oral,860975,Antidiabetic,RxNorm terminology reference / synthetic mapping,0.98,Normalized,Metforrmin 500 mg,Synthetic test record. Prescription remains the source of truth; normalization does not authorize medication use.
MED001483,Furosemid,Furosemide,Furosemide,Furosemide 40 mg Tablet,Furosemide; Furosemide,Tablet,40 mg,Oral,310429,Diuretic,RxNorm terminology reference / synthetic mapping,0.94,Normalized,Furosemid 40 mg,Synthetic test record. Prescription remains the source of truth; normalization does not authorize medication use.
MED001484,Pantoprazole,Pantoprazole,Pantoprazole,Pantoprazole 40 mg Tablet,Pantoprazole; Pantoprazole,Tablet,40 mg,Oral,861667,Proton pump inhibitor,RxNorm terminology reference / synthetic mapping,0.92,Already normalized,Pantoprazole 40 mg,Synthetic test record. Prescription remains the source of truth; normalization does not authorize medication use.
MED001485,Amoxicilin,Amoxicillin,Amoxicillin,Amoxicillin 500 mg Capsule,Amoxicillin; Amoxicillin,Capsule,500 mg,Oral,723,Antibiotic,RxNorm terminology reference / synthetic mapping,0.91,Normalized,Amoxicilin 500 mg,Synthetic test record. Prescription remains the source of truth; normalization does not authorize medication use.
MED001486,Domperidn,Domperidone,Domperidone,Domperidone 10 mg Tablet,Domperidone; Domperidone,Tablet,10 mg,Oral,897626,Gastroprokinetic,RxNorm terminology reference / synthetic mapping,0.92,Normalized,Domperidn 10 mg,Synthetic test record. Prescription remains the source of truth; normalization does not authorize medication use.
MED001487,Prednisolne,Prednisolone,Prednisolone,Prednisolone 10 mg Tablet,Prednisolone; Prednisolone,Tablet,10 mg,Oral,1168002,Corticosteroid,RxNorm terminology reference / synthetic mapping,0.92,Normalized,Prednisolne 10 mg,Synthetic test record. Prescription remains the source of truth; normalization does not authorize medication use.
MED001488,Famotidine,Famotidine,Famotidine,Famotidine 20 mg Tablet,Famotidine; Famotidine,Tablet,20 mg,Oral,966770,H2 receptor antagonist,RxNorm terminology reference / synthetic mapping,0.94,Already normalized,Famotidine 20 mg,Synthetic test record. Prescription remains the source of truth; normalization does not authorize medication use.
MED001489,Metoprolol,Metoprolol,Metoprolol,Metoprolol 25 mg Tablet,Metoprolol; Metoprolol,Tablet,25 mg,Oral,866924,Beta blocker,RxNorm terminology reference / synthetic mapping,0.93,Already normalized,Metoprolol 25 mg,Synthetic test record. Prescription remains the source of truth; normalization does not authorize medication use.
MED001490,Losartan,Losartan,Losartan,Losartan 50 mg Tablet,Losartan; Losartan,Tablet,50 mg,Oral,979118,Antihypertensive,RxNorm terminology reference / synthetic mapping,0.97,Already normalized,Losartan 50 mg,Synthetic test record. Prescription remains the source of truth; normalization does not authorize medication use.
MED001491,Famotidinee,Famotidine,Famotidine,Famotidine 20 mg Tablet,Famotidine; Famotidine,Tablet,20 mg,Oral,966770,H2 receptor antagonist,RxNorm terminology reference / synthetic mapping,0.91,Normalized,Famotidinee 20 mg,Synthetic test record. Prescription remains the source of truth; normalization does not authorize medication use.
MED001492,Losartan,Losartan,Losartan,Losartan 50 mg Tablet,Losartan; Losartan,Tablet,50 mg,Oral,979118,Antihypertensive,RxNorm terminology reference / synthetic mapping,0.93,Already normalized,Losartan 50 mg,Synthetic test record. Prescription remains the source of truth; normalization does not authorize medication use.
MED001493,Ciprofloxin,Ciprofloxacin,Ciprofloxacin,Ciprofloxacin 500 mg Tablet,Ciprofloxacin; Ciprofloxacin,Tablet,500 mg,Oral,2551,Antibiotic,RxNorm terminology reference / synthetic mapping,0.93,Normalized,Ciprofloxin 500 mg,Synthetic test record. Prescription remains the source of truth; normalization does not authorize medication use.
MED001494,Losartn,Losartan,Losartan,Losartan 50 mg Tablet,Losartan; Losartan,Tablet,50 mg,Oral,979118,Antihypertensive,RxNorm terminology reference / synthetic mapping,0.98,Normalized,Losartn 50 mg,Synthetic test record. Prescription remains the source of truth; normalization does not authorize medication use.
MED001495,Amlodpine,Amlodipine,Amlodipine,Amlodipine 5 mg Tablet,Amlodipine; Amlodipine,Tablet,5 mg,Oral,308135,Antihypertensive,RxNorm terminology reference / synthetic mapping,0.93,Normalized,Amlodpine 5 mg,Synthetic test record. Prescription remains the source of truth; normalization does not authorize medication use.
MED001496,Budesonide,Budesonide,Budesonide,Budesonide 200 mcg/dose Inhaler,Budesonide; Budesonide,Inhaler,200 mcg/dose,Inhalation,745678,Corticosteroid,RxNorm terminology reference / synthetic mapping,0.98,Already normalized,Budesonide 200 mcg/dose,Synthetic test record. Prescription remains the source of truth; normalization does not authorize medication use.
MED001497,Salbutamol,Salbutamol,Salbutamol,Salbutamol 100 mcg/dose Inhaler,Salbutamol; Salbutamol,Inhaler,100 mcg/dose,Inhalation,745678,Bronchodilator,RxNorm terminology reference / synthetic mapping,0.94,Already normalized,Salbutamol 100 mcg/dose,Synthetic test record. Prescription remains the source of truth; normalization does not authorize medication use.
MED001498,Losartan,Losartan,Losartan,Losartan 50 mg Tablet,Losartan; Losartan,Tablet,50 mg,Oral,979118,Antihypertensive,RxNorm terminology reference / synthetic mapping,0.95,Already normalized,Losartan 50 mg,Synthetic test record. Prescription remains the source of truth; normalization does not authorize medication use.
MED001499,Losartn,Losartan,Losartan,Losartan 50 mg Tablet,Losartan; Losartan,Tablet,50 mg,Oral,979118,Antihypertensive,RxNorm terminology reference / synthetic mapping,0.9,Normalized,Losartn 50 mg,Synthetic test record. Prescription remains the source of truth; normalization does not authorize medication use.
MED001500,Insulin Glargin,Insulin Glargine,Insulin Glargine,Insulin Glargine 100 units/mL Injection,Insulin Glargine; Insulin Glargine,Injection,100 units/mL,Subcutaneous,261551,Insulin,RxNorm terminology reference / synthetic mapping,0.91,Normalized,Insulin Glargin 100 units/mL,Synthetic test record. Prescription remains the source of truth; normalization does not authorize medication use.
MED001501,Amlodipne,Amlodipine,Amlodipine,Amlodipine 5 mg Tablet,Amlodipine; Amlodipine,Tablet,5 mg,Oral,308135,Antihypertensive,RxNorm terminology reference / synthetic mapping,0.97,Normalized,Amlodipne 5 mg,Synthetic test record. Prescription remains the source of truth; normalization does not authorize medication use.
MED001502,Diclofenak,Diclofenac,Diclofenac,Diclofenac 50 mg Tablet,Diclofenac; Diclofenac,Tablet,50 mg,Oral,308135,NSAID,RxNorm terminology reference / synthetic mapping,0.95,Normalized,Diclofenak 50 mg,Synthetic test record. Prescription remains the source of truth; normalization does not authorize medication use.
MED001503,Aspirin,Aspirin,Acetylsalicylic Acid,Acetylsalicylic Acid 75 mg Tablet,Aspirin; Acetylsalicylic Acid,Tablet,75 mg,Oral,1191,Antiplatelet,RxNorm terminology reference / synthetic mapping,0.95,Already normalized,Aspirin 75 mg,Synthetic test record. Prescription remains the source of truth; normalization does not authorize medication use.
MED001504,Losartan,Losartan,Losartan,Losartan 50 mg Tablet,Losartan; Losartan,Tablet,50 mg,Oral,979118,Antihypertensive,RxNorm terminology reference / synthetic mapping,0.96,Already normalized,Losartan 50 mg,Synthetic test record. Prescription remains the source of truth; normalization does not authorize medication use.
MED001505,Losartn,Losartan,Losartan,Losartan 50 mg Tablet,Losartan; Losartan,Tablet,50 mg,Oral,979118,Antihypertensive,RxNorm terminology reference / synthetic mapping,0.99,Normalized,Losartn 50 mg,Synthetic test record. Prescription remains the source of truth; normalization does not authorize medication use.
MED001506,Famotidne,Famotidine,Famotidine,Famotidine 20 mg Tablet,Famotidine; Famotidine,Tablet,20 mg,Oral,966770,H2 receptor antagonist,RxNorm terminology reference / synthetic mapping,0.95,Normalized,Famotidne 20 mg,Synthetic test record. Prescription remains the source of truth; normalization does not authorize medication use.
MED001507,Levothyroxin,Levothyroxine,Levothyroxine,Levothyroxine 50 mcg Tablet,Levothyroxine; Levothyroxine,Tablet,50 mcg,Oral,966220,Thyroid hormone,RxNorm terminology reference / synthetic mapping,0.97,Normalized,Levothyroxin 50 mcg,Synthetic test record. Prescription remains the source of truth; normalization does not authorize medication use.
MED001508,Cetirizinee,Cetirizine,Cetirizine,Cetirizine 10 mg Tablet,Cetirizine; Cetirizine,Tablet,10 mg,Oral,1014676,Antihistamine,RxNorm terminology reference / synthetic mapping,0.98,Normalized,Cetirizinee 10 mg,Synthetic test record. Prescription remains the source of truth; normalization does not authorize medication use.
MED001509,Pantoprazole,Pantoprazole,Pantoprazole,Pantoprazole 40 mg Tablet,Pantoprazole; Pantoprazole,Tablet,40 mg,Oral,861667,Proton pump inhibitor,RxNorm terminology reference / synthetic mapping,0.93,Already normalized,Pantoprazole 40 mg,Synthetic test record. Prescription remains the source of truth; normalization does not authorize medication use.
MED001510,Famotidin,Famotidine,Famotidine,Famotidine 20 mg Tablet,Famotidine; Famotidine,Tablet,20 mg,Oral,966770,H2 receptor antagonist,RxNorm terminology reference / synthetic mapping,0.98,Normalized,Famotidin 20 mg,Synthetic test record. Prescription remains the source of truth; normalization does not authorize medication use.
MED001511,Paracetamol,Paracetamol,Acetaminophen,Acetaminophen 500 mg Tablet,Paracetamol; Acetaminophen,Tablet,500 mg,Oral,161,Analgesic / Antipyretic,RxNorm terminology reference / synthetic mapping,0.96,Already normalized,Paracetamol 500 mg,Synthetic test record. Prescription remains the source of truth; normalization does not authorize medication use.
MED001512,Diclofinac,Diclofenac,Diclofenac,Diclofenac 50 mg Tablet,Diclofenac; Diclofenac,Tablet,50 mg,Oral,308135,NSAID,RxNorm terminology reference / synthetic mapping,0.91,Normalized,Diclofinac 50 mg,Synthetic test record. Prescription remains the source of truth; normalization does not authorize medication use.
MED001513,Insulin Glargine,Insulin Glargine,Insulin Glargine,Insulin Glargine 100 units/mL Injection,Insulin Glargine; Insulin Glargine,Injection,100 units/mL,Subcutaneous,261551,Insulin,RxNorm terminology reference / synthetic mapping,0.91,Already normalized,Insulin Glargine 100 units/mL,Synthetic test record. Prescription remains the source of truth; normalization does not authorize medication use.
MED001514,Ondansatron,Ondansetron,Ondansetron,Ondansetron 4 mg Tablet,Ondansetron; Ondansetron,Tablet,4 mg,Oral,312157,Antiemetic,RxNorm terminology reference / synthetic mapping,0.94,Normalized,Ondansatron 4 mg,Synthetic test record. Prescription remains the source of truth; normalization does not authorize medication use.
MED001515,Aspirn,Aspirin,Acetylsalicylic Acid,Acetylsalicylic Acid 75 mg Tablet,Aspirin; Acetylsalicylic Acid,Tablet,75 mg,Oral,1191,Antiplatelet,RxNorm terminology reference / synthetic mapping,0.95,Normalized,Aspirn 75 mg,Synthetic test record. Prescription remains the source of truth; normalization does not authorize medication use.
MED001516,Omeprazole,Omeprazole,Omeprazole,Omeprazole 20 mg Capsule,Omeprazole; Omeprazole,Capsule,20 mg,Oral,647640,Proton pump inhibitor,RxNorm terminology reference / synthetic mapping,0.93,Already normalized,Omeprazole 20 mg,Synthetic test record. Prescription remains the source of truth; normalization does not authorize medication use.
MED001517,Ibuprof en,Ibuprofen,Ibuprofen,Ibuprofen 400 mg Tablet,Ibuprofen; Ibuprofen,Tablet,400 mg,Oral,310965,NSAID,RxNorm terminology reference / synthetic mapping,0.93,Normalized,Ibuprof en 400 mg,Synthetic test record. Prescription remains the source of truth; normalization does not authorize medication use.
MED001518,Warfarin,Warfarin,Warfarin,Warfarin 5 mg Tablet,Warfarin; Warfarin,Tablet,5 mg,Oral,855333,Anticoagulant,RxNorm terminology reference / synthetic mapping,0.93,Already normalized,Warfarin 5 mg,Synthetic test record. Prescription remains the source of truth; normalization does not authorize medication use.
MED001519,Domperidn,Domperidone,Domperidone,Domperidone 10 mg Tablet,Domperidone; Domperidone,Tablet,10 mg,Oral,897626,Gastroprokinetic,RxNorm terminology reference / synthetic mapping,0.96,Normalized,Domperidn 10 mg,Synthetic test record. Prescription remains the source of truth; normalization does not authorize medication use.
MED001520,Amoxillin,Amoxicillin,Amoxicillin,Amoxicillin 500 mg Capsule,Amoxicillin; Amoxicillin,Capsule,500 mg,Oral,723,Antibiotic,RxNorm terminology reference / synthetic mapping,0.94,Normalized,Amoxillin 500 mg,Synthetic test record. Prescription remains the source of truth; normalization does not authorize medication use.
MED001521,Azithromicin,Azithromycin,Azithromycin,Azithromycin 500 mg Tablet,Azithromycin; Azithromycin,Tablet,500 mg,Oral,18631,Antibiotic,RxNorm terminology reference / synthetic mapping,0.93,Normalized,Azithromicin 500 mg,Synthetic test record. Prescription remains the source of truth; normalization does not authorize medication use.
MED001522,Aspirin,Aspirin,Acetylsalicylic Acid,Acetylsalicylic Acid 75 mg Tablet,Aspirin; Acetylsalicylic Acid,Tablet,75 mg,Oral,1191,Antiplatelet,RxNorm terminology reference / synthetic mapping,0.9,Already normalized,Aspirin 75 mg,Synthetic test record. Prescription remains the source of truth; normalization does not authorize medication use.
MED001523,Famotidinee,Famotidine,Famotidine,Famotidine 20 mg Tablet,Famotidine; Famotidine,Tablet,20 mg,Oral,966770,H2 receptor antagonist,RxNorm terminology reference / synthetic mapping,0.98,Normalized,Famotidinee 20 mg,Synthetic test record. Prescription remains the source of truth; normalization does not authorize medication use.
MED001524,Ondansetron,Ondansetron,Ondansetron,Ondansetron 4 mg Tablet,Ondansetron; Ondansetron,Tablet,4 mg,Oral,312157,Antiemetic,RxNorm terminology reference / synthetic mapping,0.95,Already normalized,Ondansetron 4 mg,Synthetic test record. Prescription remains the source of truth; normalization does not authorize medication use.
MED001525,Glimepiride,Glimepiride,Glimepiride,Glimepiride 2 mg Tablet,Glimepiride; Glimepiride,Tablet,2 mg,Oral,861713,Antidiabetic,RxNorm terminology reference / synthetic mapping,0.95,Already normalized,Glimepiride 2 mg,Synthetic test record. Prescription remains the source of truth; normalization does not authorize medication use.
MED001526,Ciprofloxin,Ciprofloxacin,Ciprofloxacin,Ciprofloxacin 500 mg Tablet,Ciprofloxacin; Ciprofloxacin,Tablet,500 mg,Oral,2551,Antibiotic,RxNorm terminology reference / synthetic mapping,0.93,Normalized,Ciprofloxin 500 mg,Synthetic test record. Prescription remains the source of truth; normalization does not authorize medication use.
MED001527,Cetirizinee,Cetirizine,Cetirizine,Cetirizine 10 mg Tablet,Cetirizine; Cetirizine,Tablet,10 mg,Oral,1014676,Antihistamine,RxNorm terminology reference / synthetic mapping,0.98,Normalized,Cetirizinee 10 mg,Synthetic test record. Prescription remains the source of truth; normalization does not authorize medication use.
MED001528,Metformn,Metformin,Metformin,Metformin 500 mg Tablet,Metformin; Metformin,Tablet,500 mg,Oral,860975,Antidiabetic,RxNorm terminology reference / synthetic mapping,0.91,Normalized,Metformn 500 mg,Synthetic test record. Prescription remains the source of truth; normalization does not authorize medication use.
MED001529,Ciprofloxacine,Ciprofloxacin,Ciprofloxacin,Ciprofloxacin 500 mg Tablet,Ciprofloxacin; Ciprofloxacin,Tablet,500 mg,Oral,2551,Antibiotic,RxNorm terminology reference / synthetic mapping,0.91,Normalized,Ciprofloxacine 500 mg,Synthetic test record. Prescription remains the source of truth; normalization does not authorize medication use.
MED001530,Levothyroxin,Levothyroxine,Levothyroxine,Levothyroxine 50 mcg Tablet,Levothyroxine; Levothyroxine,Tablet,50 mcg,Oral,966220,Thyroid hormone,RxNorm terminology reference / synthetic mapping,0.93,Normalized,Levothyroxin 50 mcg,Synthetic test record. Prescription remains the source of truth; normalization does not authorize medication use.
MED001531,Metforrmin,Metformin,Metformin,Metformin 500 mg Tablet,Metformin; Metformin,Tablet,500 mg,Oral,860975,Antidiabetic,RxNorm terminology reference / synthetic mapping,0.9,Normalized,Metforrmin 500 mg,Synthetic test record. Prescription remains the source of truth; normalization does not authorize medication use.
MED001532,Amlodipine,Amlodipine,Amlodipine,Amlodipine 5 mg Tablet,Amlodipine; Amlodipine,Tablet,5 mg,Oral,308135,Antihypertensive,RxNorm terminology reference / synthetic mapping,0.93,Already normalized,Amlodipine 5 mg,Synthetic test record. Prescription remains the source of truth; normalization does not authorize medication use.
MED001533,Pantoprazole,Pantoprazole,Pantoprazole,Pantoprazole 40 mg Tablet,Pantoprazole; Pantoprazole,Tablet,40 mg,Oral,861667,Proton pump inhibitor,RxNorm terminology reference / synthetic mapping,0.94,Already normalized,Pantoprazole 40 mg,Synthetic test record. Prescription remains the source of truth; normalization does not authorize medication use.
MED001534,Metfornin,Metformin,Metformin,Metformin 500 mg Tablet,Metformin; Metformin,Tablet,500 mg,Oral,860975,Antidiabetic,RxNorm terminology reference / synthetic mapping,0.92,Normalized,Metfornin 500 mg,Synthetic test record. Prescription remains the source of truth; normalization does not authorize medication use.
MED001535,Azithromycin,Azithromycin,Azithromycin,Azithromycin 500 mg Tablet,Azithromycin; Azithromycin,Tablet,500 mg,Oral,18631,Antibiotic,RxNorm terminology reference / synthetic mapping,0.96,Already normalized,Azithromycin 500 mg,Synthetic test record. Prescription remains the source of truth; normalization does not authorize medication use.
MED001536,Ciprofloxin,Ciprofloxacin,Ciprofloxacin,Ciprofloxacin 500 mg Tablet,Ciprofloxacin; Ciprofloxacin,Tablet,500 mg,Oral,2551,Antibiotic,RxNorm terminology reference / synthetic mapping,0.97,Normalized,Ciprofloxin 500 mg,Synthetic test record. Prescription remains the source of truth; normalization does not authorize medication use.
MED001537,Ondansetrone,Ondansetron,Ondansetron,Ondansetron 4 mg Tablet,Ondansetron; Ondansetron,Tablet,4 mg,Oral,312157,Antiemetic,RxNorm terminology reference / synthetic mapping,0.99,Normalized,Ondansetrone 4 mg,Synthetic test record. Prescription remains the source of truth; normalization does not authorize medication use.
MED001538,Metoprol,Metoprolol,Metoprolol,Metoprolol 25 mg Tablet,Metoprolol; Metoprolol,Tablet,25 mg,Oral,866924,Beta blocker,RxNorm terminology reference / synthetic mapping,0.9,Normalized,Metoprol 25 mg,Synthetic test record. Prescription remains the source of truth; normalization does not authorize medication use.
MED001539,Montelukst,Montelukast,Montelukast,Montelukast 10 mg Tablet,Montelukast; Montelukast,Tablet,10 mg,Oral,1018502,Leukotriene receptor antagonist,RxNorm terminology reference / synthetic mapping,0.96,Normalized,Montelukst 10 mg,Synthetic test record. Prescription remains the source of truth; normalization does not authorize medication use.
MED001540,Ibuprofin,Ibuprofen,Ibuprofen,Ibuprofen 400 mg Tablet,Ibuprofen; Ibuprofen,Tablet,400 mg,Oral,310965,NSAID,RxNorm terminology reference / synthetic mapping,0.96,Normalized,Ibuprofin 400 mg,Synthetic test record. Prescription remains the source of truth; normalization does not authorize medication use.
MED001541,Metfornin,Metformin,Metformin,Metformin 500 mg Tablet,Metformin; Metformin,Tablet,500 mg,Oral,860975,Antidiabetic,RxNorm terminology reference / synthetic mapping,0.95,Normalized,Metfornin 500 mg,Synthetic test record. Prescription remains the source of truth; normalization does not authorize medication use.
MED001542,Montelukast,Montelukast,Montelukast,Montelukast 10 mg Tablet,Montelukast; Montelukast,Tablet,10 mg,Oral,1018502,Leukotriene receptor antagonist,RxNorm terminology reference / synthetic mapping,0.94,Already normalized,Montelukast 10 mg,Synthetic test record. Prescription remains the source of truth; normalization does not authorize medication use.
MED001543,Ciprofloxin,Ciprofloxacin,Ciprofloxacin,Ciprofloxacin 500 mg Tablet,Ciprofloxacin; Ciprofloxacin,Tablet,500 mg,Oral,2551,Antibiotic,RxNorm terminology reference / synthetic mapping,0.94,Normalized,Ciprofloxin 500 mg,Synthetic test record. Prescription remains the source of truth; normalization does not authorize medication use.
MED001544,Glimepiride,Glimepiride,Glimepiride,Glimepiride 2 mg Tablet,Glimepiride; Glimepiride,Tablet,2 mg,Oral,861713,Antidiabetic,RxNorm terminology reference / synthetic mapping,0.94,Already normalized,Glimepiride 2 mg,Synthetic test record. Prescription remains the source of truth; normalization does not authorize medication use.
MED001545,Domperidone,Domperidone,Domperidone,Domperidone 10 mg Tablet,Domperidone; Domperidone,Tablet,10 mg,Oral,897626,Gastroprokinetic,RxNorm terminology reference / synthetic mapping,0.93,Already normalized,Domperidone 10 mg,Synthetic test record. Prescription remains the source of truth; normalization does not authorize medication use.
MED001546,Budesonide,Budesonide,Budesonide,Budesonide 200 mcg/dose Inhaler,Budesonide; Budesonide,Inhaler,200 mcg/dose,Inhalation,745678,Corticosteroid,RxNorm terminology reference / synthetic mapping,0.91,Already normalized,Budesonide 200 mcg/dose,Synthetic test record. Prescription remains the source of truth; normalization does not authorize medication use.
MED001547,Levothyroxin,Levothyroxine,Levothyroxine,Levothyroxine 50 mcg Tablet,Levothyroxine; Levothyroxine,Tablet,50 mcg,Oral,966220,Thyroid hormone,RxNorm terminology reference / synthetic mapping,0.97,Normalized,Levothyroxin 50 mcg,Synthetic test record. Prescription remains the source of truth; normalization does not authorize medication use.
MED001548,Paracetamoll,Paracetamol,Acetaminophen,Acetaminophen 500 mg Tablet,Paracetamol; Acetaminophen,Tablet,500 mg,Oral,161,Analgesic / Antipyretic,RxNorm terminology reference / synthetic mapping,0.95,Normalized,Paracetamoll 500 mg,Synthetic test record. Prescription remains the source of truth; normalization does not authorize medication use.
MED001549,Azithrocin,Azithromycin,Azithromycin,Azithromycin 500 mg Tablet,Azithromycin; Azithromycin,Tablet,500 mg,Oral,18631,Antibiotic,RxNorm terminology reference / synthetic mapping,0.95,Normalized,Azithrocin 500 mg,Synthetic test record. Prescription remains the source of truth; normalization does not authorize medication use.
MED001550,Ibuprophen,Ibuprofen,Ibuprofen,Ibuprofen 400 mg Tablet,Ibuprofen; Ibuprofen,Tablet,400 mg,Oral,310965,NSAID,RxNorm terminology reference / synthetic mapping,0.95,Normalized,Ibuprophen 400 mg,Synthetic test record. Prescription remains the source of truth; normalization does not authorize medication use.
MED001551,Levothyroxine,Levothyroxine,Levothyroxine,Levothyroxine 50 mcg Tablet,Levothyroxine; Levothyroxine,Tablet,50 mcg,Oral,966220,Thyroid hormone,RxNorm terminology reference / synthetic mapping,0.96,Already normalized,Levothyroxine 50 mcg,Synthetic test record. Prescription remains the source of truth; normalization does not authorize medication use.
MED001552,Pantoprazole,Pantoprazole,Pantoprazole,Pantoprazole 40 mg Tablet,Pantoprazole; Pantoprazole,Tablet,40 mg,Oral,861667,Proton pump inhibitor,RxNorm terminology reference / synthetic mapping,0.94,Already normalized,Pantoprazole 40 mg,Synthetic test record. Prescription remains the source of truth; normalization does not authorize medication use.
MED001553,Ondansetron,Ondansetron,Ondansetron,Ondansetron 4 mg Tablet,Ondansetron; Ondansetron,Tablet,4 mg,Oral,312157,Antiemetic,RxNorm terminology reference / synthetic mapping,0.99,Already normalized,Ondansetron 4 mg,Synthetic test record. Prescription remains the source of truth; normalization does not authorize medication use.
MED001554,Omeprazol,Omeprazole,Omeprazole,Omeprazole 20 mg Capsule,Omeprazole; Omeprazole,Capsule,20 mg,Oral,647640,Proton pump inhibitor,RxNorm terminology reference / synthetic mapping,0.96,Normalized,Omeprazol 20 mg,Synthetic test record. Prescription remains the source of truth; normalization does not authorize medication use.
MED001555,Levothroxine,Levothyroxine,Levothyroxine,Levothyroxine 50 mcg Tablet,Levothyroxine; Levothyroxine,Tablet,50 mcg,Oral,966220,Thyroid hormone,RxNorm terminology reference / synthetic mapping,0.9,Normalized,Levothroxine 50 mcg,Synthetic test record. Prescription remains the source of truth; normalization does not authorize medication use.
MED001556,Metforrmin,Metformin,Metformin,Metformin 500 mg Tablet,Metformin; Metformin,Tablet,500 mg,Oral,860975,Antidiabetic,RxNorm terminology reference / synthetic mapping,0.91,Normalized,Metforrmin 500 mg,Synthetic test record. Prescription remains the source of truth; normalization does not authorize medication use.
MED001557,Omerpazole,Omeprazole,Omeprazole,Omeprazole 20 mg Capsule,Omeprazole; Omeprazole,Capsule,20 mg,Oral,647640,Proton pump inhibitor,RxNorm terminology reference / synthetic mapping,0.94,Normalized,Omerpazole 20 mg,Synthetic test record. Prescription remains the source of truth; normalization does not authorize medication use.
MED001558,Salbutamol,Salbutamol,Salbutamol,Salbutamol 100 mcg/dose Inhaler,Salbutamol; Salbutamol,Inhaler,100 mcg/dose,Inhalation,745678,Bronchodilator,RxNorm terminology reference / synthetic mapping,0.97,Already normalized,Salbutamol 100 mcg/dose,Synthetic test record. Prescription remains the source of truth; normalization does not authorize medication use.
MED001559,Salbutamol,Salbutamol,Salbutamol,Salbutamol 100 mcg/dose Inhaler,Salbutamol; Salbutamol,Inhaler,100 mcg/dose,Inhalation,745678,Bronchodilator,RxNorm terminology reference / synthetic mapping,0.97,Already normalized,Salbutamol 100 mcg/dose,Synthetic test record. Prescription remains the source of truth; normalization does not authorize medication use.
MED001560,Salbutamoll,Salbutamol,Salbutamol,Salbutamol 100 mcg/dose Inhaler,Salbutamol; Salbutamol,Inhaler,100 mcg/dose,Inhalation,745678,Bronchodilator,RxNorm terminology reference / synthetic mapping,0.96,Normalized,Salbutamoll 100 mcg/dose,Synthetic test record. Prescription remains the source of truth; normalization does not authorize medication use.
MED001561,Amoxcillin,Amoxicillin,Amoxicillin,Amoxicillin 500 mg Capsule,Amoxicillin; Amoxicillin,Capsule,500 mg,Oral,723,Antibiotic,RxNorm terminology reference / synthetic mapping,0.92,Normalized,Amoxcillin 500 mg,Synthetic test record. Prescription remains the source of truth; normalization does not authorize medication use.
MED001562,Amoxicillin,Amoxicillin,Amoxicillin,Amoxicillin 500 mg Capsule,Amoxicillin; Amoxicillin,Capsule,500 mg,Oral,723,Antibiotic,RxNorm terminology reference / synthetic mapping,0.91,Already normalized,Amoxicillin 500 mg,Synthetic test record. Prescription remains the source of truth; normalization does not authorize medication use.
MED001563,Paracetemol,Paracetamol,Acetaminophen,Acetaminophen 500 mg Tablet,Paracetamol; Acetaminophen,Tablet,500 mg,Oral,161,Analgesic / Antipyretic,RxNorm terminology reference / synthetic mapping,0.94,Normalized,Paracetemol 500 mg,Synthetic test record. Prescription remains the source of truth; normalization does not authorize medication use.
MED001564,Metoprolol,Metoprolol,Metoprolol,Metoprolol 25 mg Tablet,Metoprolol; Metoprolol,Tablet,25 mg,Oral,866924,Beta blocker,RxNorm terminology reference / synthetic mapping,0.92,Already normalized,Metoprolol 25 mg,Synthetic test record. Prescription remains the source of truth; normalization does not authorize medication use.
MED001565,Insulin Glargine,Insulin Glargine,Insulin Glargine,Insulin Glargine 100 units/mL Injection,Insulin Glargine; Insulin Glargine,Injection,100 units/mL,Subcutaneous,261551,Insulin,RxNorm terminology reference / synthetic mapping,0.94,Already normalized,Insulin Glargine 100 units/mL,Synthetic test record. Prescription remains the source of truth; normalization does not authorize medication use.
MED001566,Ibuprofin,Ibuprofen,Ibuprofen,Ibuprofen 400 mg Tablet,Ibuprofen; Ibuprofen,Tablet,400 mg,Oral,310965,NSAID,RxNorm terminology reference / synthetic mapping,0.9,Normalized,Ibuprofin 400 mg,Synthetic test record. Prescription remains the source of truth; normalization does not authorize medication use.
MED001567,Warfarn,Warfarin,Warfarin,Warfarin 5 mg Tablet,Warfarin; Warfarin,Tablet,5 mg,Oral,855333,Anticoagulant,RxNorm terminology reference / synthetic mapping,0.98,Normalized,Warfarn 5 mg,Synthetic test record. Prescription remains the source of truth; normalization does not authorize medication use.
MED001568,Pantoprazloe,Pantoprazole,Pantoprazole,Pantoprazole 40 mg Tablet,Pantoprazole; Pantoprazole,Tablet,40 mg,Oral,861667,Proton pump inhibitor,RxNorm terminology reference / synthetic mapping,0.95,Normalized,Pantoprazloe 40 mg,Synthetic test record. Prescription remains the source of truth; normalization does not authorize medication use.
MED001569,Famotidinee,Famotidine,Famotidine,Famotidine 20 mg Tablet,Famotidine; Famotidine,Tablet,20 mg,Oral,966770,H2 receptor antagonist,RxNorm terminology reference / synthetic mapping,0.94,Normalized,Famotidinee 20 mg,Synthetic test record. Prescription remains the source of truth; normalization does not authorize medication use.
MED001570,Doxycyclin,Doxycycline,Doxycycline,Doxycycline 100 mg Capsule,Doxycycline; Doxycycline,Capsule,100 mg,Oral,3640,Antibiotic,RxNorm terminology reference / synthetic mapping,0.94,Normalized,Doxycyclin 100 mg,Synthetic test record. Prescription remains the source of truth; normalization does not authorize medication use.
MED001571,Metoprolol,Metoprolol,Metoprolol,Metoprolol 25 mg Tablet,Metoprolol; Metoprolol,Tablet,25 mg,Oral,866924,Beta blocker,RxNorm terminology reference / synthetic mapping,0.93,Already normalized,Metoprolol 25 mg,Synthetic test record. Prescription remains the source of truth; normalization does not authorize medication use.
MED001572,Amlodipne,Amlodipine,Amlodipine,Amlodipine 5 mg Tablet,Amlodipine; Amlodipine,Tablet,5 mg,Oral,308135,Antihypertensive,RxNorm terminology reference / synthetic mapping,0.99,Normalized,Amlodipne 5 mg,Synthetic test record. Prescription remains the source of truth; normalization does not authorize medication use.
MED001573,Insulin Glargin,Insulin Glargine,Insulin Glargine,Insulin Glargine 100 units/mL Injection,Insulin Glargine; Insulin Glargine,Injection,100 units/mL,Subcutaneous,261551,Insulin,RxNorm terminology reference / synthetic mapping,0.9,Normalized,Insulin Glargin 100 units/mL,Synthetic test record. Prescription remains the source of truth; normalization does not authorize medication use.
MED001574,InsulinGlar gine,Insulin Glargine,Insulin Glargine,Insulin Glargine 100 units/mL Injection,Insulin Glargine; Insulin Glargine,Injection,100 units/mL,Subcutaneous,261551,Insulin,RxNorm terminology reference / synthetic mapping,0.99,Normalized,InsulinGlar gine 100 units/mL,Synthetic test record. Prescription remains the source of truth; normalization does not authorize medication use.
MED001575,Amoxicillin,Amoxicillin,Amoxicillin,Amoxicillin 500 mg Capsule,Amoxicillin; Amoxicillin,Capsule,500 mg,Oral,723,Antibiotic,RxNorm terminology reference / synthetic mapping,0.95,Already normalized,Amoxicillin 500 mg,Synthetic test record. Prescription remains the source of truth; normalization does not authorize medication use.
MED001576,Montelukast,Montelukast,Montelukast,Montelukast 10 mg Tablet,Montelukast; Montelukast,Tablet,10 mg,Oral,1018502,Leukotriene receptor antagonist,RxNorm terminology reference / synthetic mapping,0.96,Already normalized,Montelukast 10 mg,Synthetic test record. Prescription remains the source of truth; normalization does not authorize medication use.
MED001577,Ibuprofen,Ibuprofen,Ibuprofen,Ibuprofen 400 mg Tablet,Ibuprofen; Ibuprofen,Tablet,400 mg,Oral,310965,NSAID,RxNorm terminology reference / synthetic mapping,0.92,Already normalized,Ibuprofen 400 mg,Synthetic test record. Prescription remains the source of truth; normalization does not authorize medication use.
MED001578,Warfarn,Warfarin,Warfarin,Warfarin 5 mg Tablet,Warfarin; Warfarin,Tablet,5 mg,Oral,855333,Anticoagulant,RxNorm terminology reference / synthetic mapping,0.96,Normalized,Warfarn 5 mg,Synthetic test record. Prescription remains the source of truth; normalization does not authorize medication use.
MED001579,Prednisolon,Prednisolone,Prednisolone,Prednisolone 10 mg Tablet,Prednisolone; Prednisolone,Tablet,10 mg,Oral,1168002,Corticosteroid,RxNorm terminology reference / synthetic mapping,0.98,Normalized,Prednisolon 10 mg,Synthetic test record. Prescription remains the source of truth; normalization does not authorize medication use.
MED001580,Budesonide,Budesonide,Budesonide,Budesonide 200 mcg/dose Inhaler,Budesonide; Budesonide,Inhaler,200 mcg/dose,Inhalation,745678,Corticosteroid,RxNorm terminology reference / synthetic mapping,0.98,Already normalized,Budesonide 200 mcg/dose,Synthetic test record. Prescription remains the source of truth; normalization does not authorize medication use.
MED001581,Ibuprof en,Ibuprofen,Ibuprofen,Ibuprofen 400 mg Tablet,Ibuprofen; Ibuprofen,Tablet,400 mg,Oral,310965,NSAID,RxNorm terminology reference / synthetic mapping,0.93,Normalized,Ibuprof en 400 mg,Synthetic test record. Prescription remains the source of truth; normalization does not authorize medication use.
MED001582,Paracetemol,Paracetamol,Acetaminophen,Acetaminophen 500 mg Tablet,Paracetamol; Acetaminophen,Tablet,500 mg,Oral,161,Analgesic / Antipyretic,RxNorm terminology reference / synthetic mapping,0.95,Normalized,Paracetemol 500 mg,Synthetic test record. Prescription remains the source of truth; normalization does not authorize medication use.
MED001583,Aspirn,Aspirin,Acetylsalicylic Acid,Acetylsalicylic Acid 75 mg Tablet,Aspirin; Acetylsalicylic Acid,Tablet,75 mg,Oral,1191,Antiplatelet,RxNorm terminology reference / synthetic mapping,0.91,Normalized,Aspirn 75 mg,Synthetic test record. Prescription remains the source of truth; normalization does not authorize medication use.
MED001584,Domperidone,Domperidone,Domperidone,Domperidone 10 mg Tablet,Domperidone; Domperidone,Tablet,10 mg,Oral,897626,Gastroprokinetic,RxNorm terminology reference / synthetic mapping,0.92,Already normalized,Domperidone 10 mg,Synthetic test record. Prescription remains the source of truth; normalization does not authorize medication use.
MED001585,Domperidn,Domperidone,Domperidone,Domperidone 10 mg Tablet,Domperidone; Domperidone,Tablet,10 mg,Oral,897626,Gastroprokinetic,RxNorm terminology reference / synthetic mapping,0.96,Normalized,Domperidn 10 mg,Synthetic test record. Prescription remains the source of truth; normalization does not authorize medication use.
MED001586,Doxycicline,Doxycycline,Doxycycline,Doxycycline 100 mg Capsule,Doxycycline; Doxycycline,Capsule,100 mg,Oral,3640,Antibiotic,RxNorm terminology reference / synthetic mapping,0.95,Normalized,Doxycicline 100 mg,Synthetic test record. Prescription remains the source of truth; normalization does not authorize medication use.
MED001587,Paraceta mol,Paracetamol,Acetaminophen,Acetaminophen 500 mg Tablet,Paracetamol; Acetaminophen,Tablet,500 mg,Oral,161,Analgesic / Antipyretic,RxNorm terminology reference / synthetic mapping,0.98,Normalized,Paraceta mol 500 mg,Synthetic test record. Prescription remains the source of truth; normalization does not authorize medication use.
MED001588,Metformn,Metformin,Metformin,Metformin 500 mg Tablet,Metformin; Metformin,Tablet,500 mg,Oral,860975,Antidiabetic,RxNorm terminology reference / synthetic mapping,0.95,Normalized,Metformn 500 mg,Synthetic test record. Prescription remains the source of truth; normalization does not authorize medication use.
MED001589,Paracitamol,Paracetamol,Acetaminophen,Acetaminophen 500 mg Tablet,Paracetamol; Acetaminophen,Tablet,500 mg,Oral,161,Analgesic / Antipyretic,RxNorm terminology reference / synthetic mapping,0.95,Normalized,Paracitamol 500 mg,Synthetic test record. Prescription remains the source of truth; normalization does not authorize medication use.
MED001590,Omeprazloe,Omeprazole,Omeprazole,Omeprazole 20 mg Capsule,Omeprazole; Omeprazole,Capsule,20 mg,Oral,647640,Proton pump inhibitor,RxNorm terminology reference / synthetic mapping,0.96,Normalized,Omeprazloe 20 mg,Synthetic test record. Prescription remains the source of truth; normalization does not authorize medication use.
MED001591,Amoxycillin,Amoxicillin,Amoxicillin,Amoxicillin 500 mg Capsule,Amoxicillin; Amoxicillin,Capsule,500 mg,Oral,723,Antibiotic,RxNorm terminology reference / synthetic mapping,0.95,Normalized,Amoxycillin 500 mg,Synthetic test record. Prescription remains the source of truth; normalization does not authorize medication use.
MED001592,Glimepride,Glimepiride,Glimepiride,Glimepiride 2 mg Tablet,Glimepiride; Glimepiride,Tablet,2 mg,Oral,861713,Antidiabetic,RxNorm terminology reference / synthetic mapping,0.92,Normalized,Glimepride 2 mg,Synthetic test record. Prescription remains the source of truth; normalization does not authorize medication use.
MED001593,Amoxycillin,Amoxicillin,Amoxicillin,Amoxicillin 500 mg Capsule,Amoxicillin; Amoxicillin,Capsule,500 mg,Oral,723,Antibiotic,RxNorm terminology reference / synthetic mapping,0.99,Normalized,Amoxycillin 500 mg,Synthetic test record. Prescription remains the source of truth; normalization does not authorize medication use.
MED001594,Insulin Glargene,Insulin Glargine,Insulin Glargine,Insulin Glargine 100 units/mL Injection,Insulin Glargine; Insulin Glargine,Injection,100 units/mL,Subcutaneous,261551,Insulin,RxNorm terminology reference / synthetic mapping,0.92,Normalized,Insulin Glargene 100 units/mL,Synthetic test record. Prescription remains the source of truth; normalization does not authorize medication use.
MED001595,Prednisolon,Prednisolone,Prednisolone,Prednisolone 10 mg Tablet,Prednisolone; Prednisolone,Tablet,10 mg,Oral,1168002,Corticosteroid,RxNorm terminology reference / synthetic mapping,0.91,Normalized,Prednisolon 10 mg,Synthetic test record. Prescription remains the source of truth; normalization does not authorize medication use.
MED001596,Pantoprazol,Pantoprazole,Pantoprazole,Pantoprazole 40 mg Tablet,Pantoprazole; Pantoprazole,Tablet,40 mg,Oral,861667,Proton pump inhibitor,RxNorm terminology reference / synthetic mapping,0.95,Normalized,Pantoprazol 40 mg,Synthetic test record. Prescription remains the source of truth; normalization does not authorize medication use.
MED001597,Doxycyclin,Doxycycline,Doxycycline,Doxycycline 100 mg Capsule,Doxycycline; Doxycycline,Capsule,100 mg,Oral,3640,Antibiotic,RxNorm terminology reference / synthetic mapping,0.95,Normalized,Doxycyclin 100 mg,Synthetic test record. Prescription remains the source of truth; normalization does not authorize medication use.
MED001598,Atorvastatin,Atorvastatin,Atorvastatin,Atorvastatin 20 mg Tablet,Atorvastatin; Atorvastatin,Tablet,20 mg,Oral,617314,Lipid-lowering agent,RxNorm terminology reference / synthetic mapping,0.99,Already normalized,Atorvastatin 20 mg,Synthetic test record. Prescription remains the source of truth; normalization does not authorize medication use.
MED001599,Clopidogrel,Clopidogrel,Clopidogrel,Clopidogrel 75 mg Tablet,Clopidogrel; Clopidogrel,Tablet,75 mg,Oral,309362,Antiplatelet,RxNorm terminology reference / synthetic mapping,0.97,Already normalized,Clopidogrel 75 mg,Synthetic test record. Prescription remains the source of truth; normalization does not authorize medication use.
MED001600,Budesonide,Budesonide,Budesonide,Budesonide 200 mcg/dose Inhaler,Budesonide; Budesonide,Inhaler,200 mcg/dose,Inhalation,745678,Corticosteroid,RxNorm terminology reference / synthetic mapping,0.98,Already normalized,Budesonide 200 mcg/dose,Synthetic test record. Prescription remains the source of truth; normalization does not authorize medication use.
MED001601,Montelukast,Montelukast,Montelukast,Montelukast 10 mg Tablet,Montelukast; Montelukast,Tablet,10 mg,Oral,1018502,Leukotriene receptor antagonist,RxNorm terminology reference / synthetic mapping,0.92,Already normalized,Montelukast 10 mg,Synthetic test record. Prescription remains the source of truth; normalization does not authorize medication use.
MED001602,Insulin Glargine,Insulin Glargine,Insulin Glargine,Insulin Glargine 100 units/mL Injection,Insulin Glargine; Insulin Glargine,Injection,100 units/mL,Subcutaneous,261551,Insulin,RxNorm terminology reference / synthetic mapping,0.93,Already normalized,Insulin Glargine 100 units/mL,Synthetic test record. Prescription remains the source of truth; normalization does not authorize medication use.
MED001603,Furosimide,Furosemide,Furosemide,Furosemide 40 mg Tablet,Furosemide; Furosemide,Tablet,40 mg,Oral,310429,Diuretic,RxNorm terminology reference / synthetic mapping,0.99,Normalized,Furosimide 40 mg,Synthetic test record. Prescription remains the source of truth; normalization does not authorize medication use.
MED001604,Telmisartan,Telmisartan,Telmisartan,Telmisartan 40 mg Tablet,Telmisartan; Telmisartan,Tablet,40 mg,Oral,309410,Antihypertensive,RxNorm terminology reference / synthetic mapping,0.98,Already normalized,Telmisartan 40 mg,Synthetic test record. Prescription remains the source of truth; normalization does not authorize medication use.
MED001605,Ciprofloxacine,Ciprofloxacin,Ciprofloxacin,Ciprofloxacin 500 mg Tablet,Ciprofloxacin; Ciprofloxacin,Tablet,500 mg,Oral,2551,Antibiotic,RxNorm terminology reference / synthetic mapping,0.97,Normalized,Ciprofloxacine 500 mg,Synthetic test record. Prescription remains the source of truth; normalization does not authorize medication use.
MED001606,Ibuprophen,Ibuprofen,Ibuprofen,Ibuprofen 400 mg Tablet,Ibuprofen; Ibuprofen,Tablet,400 mg,Oral,310965,NSAID,RxNorm terminology reference / synthetic mapping,0.93,Normalized,Ibuprophen 400 mg,Synthetic test record. Prescription remains the source of truth; normalization does not authorize medication use.
MED001607,Metoprolol,Metoprolol,Metoprolol,Metoprolol 25 mg Tablet,Metoprolol; Metoprolol,Tablet,25 mg,Oral,866924,Beta blocker,RxNorm terminology reference / synthetic mapping,0.97,Already normalized,Metoprolol 25 mg,Synthetic test record. Prescription remains the source of truth; normalization does not authorize medication use.
MED001608,Prednisolone,Prednisolone,Prednisolone,Prednisolone 10 mg Tablet,Prednisolone; Prednisolone,Tablet,10 mg,Oral,1168002,Corticosteroid,RxNorm terminology reference / synthetic mapping,0.98,Already normalized,Prednisolone 10 mg,Synthetic test record. Prescription remains the source of truth; normalization does not authorize medication use.
MED001609,Doxycycline,Doxycycline,Doxycycline,Doxycycline 100 mg Capsule,Doxycycline; Doxycycline,Capsule,100 mg,Oral,3640,Antibiotic,RxNorm terminology reference / synthetic mapping,0.93,Already normalized,Doxycycline 100 mg,Synthetic test record. Prescription remains the source of truth; normalization does not authorize medication use.
MED001610,Budesonid,Budesonide,Budesonide,Budesonide 200 mcg/dose Inhaler,Budesonide; Budesonide,Inhaler,200 mcg/dose,Inhalation,745678,Corticosteroid,RxNorm terminology reference / synthetic mapping,0.98,Normalized,Budesonid 200 mcg/dose,Synthetic test record. Prescription remains the source of truth; normalization does not authorize medication use.
MED001611,Domperidone,Domperidone,Domperidone,Domperidone 10 mg Tablet,Domperidone; Domperidone,Tablet,10 mg,Oral,897626,Gastroprokinetic,RxNorm terminology reference / synthetic mapping,0.97,Already normalized,Domperidone 10 mg,Synthetic test record. Prescription remains the source of truth; normalization does not authorize medication use.
MED001612,Ibuprofen,Ibuprofen,Ibuprofen,Ibuprofen 400 mg Tablet,Ibuprofen; Ibuprofen,Tablet,400 mg,Oral,310965,NSAID,RxNorm terminology reference / synthetic mapping,0.95,Already normalized,Ibuprofen 400 mg,Synthetic test record. Prescription remains the source of truth; normalization does not authorize medication use.
MED001613,Doxycycline,Doxycycline,Doxycycline,Doxycycline 100 mg Capsule,Doxycycline; Doxycycline,Capsule,100 mg,Oral,3640,Antibiotic,RxNorm terminology reference / synthetic mapping,0.94,Already normalized,Doxycycline 100 mg,Synthetic test record. Prescription remains the source of truth; normalization does not authorize medication use.
MED001614,Cetirizine,Cetirizine,Cetirizine,Cetirizine 10 mg Tablet,Cetirizine; Cetirizine,Tablet,10 mg,Oral,1014676,Antihistamine,RxNorm terminology reference / synthetic mapping,0.92,Already normalized,Cetirizine 10 mg,Synthetic test record. Prescription remains the source of truth; normalization does not authorize medication use.
MED001615,Levothroxine,Levothyroxine,Levothyroxine,Levothyroxine 50 mcg Tablet,Levothyroxine; Levothyroxine,Tablet,50 mcg,Oral,966220,Thyroid hormone,RxNorm terminology reference / synthetic mapping,0.91,Normalized,Levothroxine 50 mcg,Synthetic test record. Prescription remains the source of truth; normalization does not authorize medication use.
MED001616,Amlodipne,Amlodipine,Amlodipine,Amlodipine 5 mg Tablet,Amlodipine; Amlodipine,Tablet,5 mg,Oral,308135,Antihypertensive,RxNorm terminology reference / synthetic mapping,0.93,Normalized,Amlodipne 5 mg,Synthetic test record. Prescription remains the source of truth; normalization does not authorize medication use.
MED001617,Paraceta mol,Paracetamol,Acetaminophen,Acetaminophen 500 mg Tablet,Paracetamol; Acetaminophen,Tablet,500 mg,Oral,161,Analgesic / Antipyretic,RxNorm terminology reference / synthetic mapping,0.94,Normalized,Paraceta mol 500 mg,Synthetic test record. Prescription remains the source of truth; normalization does not authorize medication use.
MED001618,Omerpazole,Omeprazole,Omeprazole,Omeprazole 20 mg Capsule,Omeprazole; Omeprazole,Capsule,20 mg,Oral,647640,Proton pump inhibitor,RxNorm terminology reference / synthetic mapping,0.97,Normalized,Omerpazole 20 mg,Synthetic test record. Prescription remains the source of truth; normalization does not authorize medication use.
MED001619,Pantoprazol,Pantoprazole,Pantoprazole,Pantoprazole 40 mg Tablet,Pantoprazole; Pantoprazole,Tablet,40 mg,Oral,861667,Proton pump inhibitor,RxNorm terminology reference / synthetic mapping,0.93,Normalized,Pantoprazol 40 mg,Synthetic test record. Prescription remains the source of truth; normalization does not authorize medication use.
MED001620,Azithrocin,Azithromycin,Azithromycin,Azithromycin 500 mg Tablet,Azithromycin; Azithromycin,Tablet,500 mg,Oral,18631,Antibiotic,RxNorm terminology reference / synthetic mapping,0.97,Normalized,Azithrocin 500 mg,Synthetic test record. Prescription remains the source of truth; normalization does not authorize medication use.
MED001621,Diclofenak,Diclofenac,Diclofenac,Diclofenac 50 mg Tablet,Diclofenac; Diclofenac,Tablet,50 mg,Oral,308135,NSAID,RxNorm terminology reference / synthetic mapping,0.95,Normalized,Diclofenak 50 mg,Synthetic test record. Prescription remains the source of truth; normalization does not authorize medication use.
MED001622,Budesonide,Budesonide,Budesonide,Budesonide 200 mcg/dose Inhaler,Budesonide; Budesonide,Inhaler,200 mcg/dose,Inhalation,745678,Corticosteroid,RxNorm terminology reference / synthetic mapping,0.92,Already normalized,Budesonide 200 mcg/dose,Synthetic test record. Prescription remains the source of truth; normalization does not authorize medication use.
MED001623,Diclofenac,Diclofenac,Diclofenac,Diclofenac 50 mg Tablet,Diclofenac; Diclofenac,Tablet,50 mg,Oral,308135,NSAID,RxNorm terminology reference / synthetic mapping,0.92,Already normalized,Diclofenac 50 mg,Synthetic test record. Prescription remains the source of truth; normalization does not authorize medication use.
MED001624,Amoxycillin,Amoxicillin,Amoxicillin,Amoxicillin 500 mg Capsule,Amoxicillin; Amoxicillin,Capsule,500 mg,Oral,723,Antibiotic,RxNorm terminology reference / synthetic mapping,0.92,Normalized,Amoxycillin 500 mg,Synthetic test record. Prescription remains the source of truth; normalization does not authorize medication use.
MED001625,Amlodipine,Amlodipine,Amlodipine,Amlodipine 5 mg Tablet,Amlodipine; Amlodipine,Tablet,5 mg,Oral,308135,Antihypertensive,RxNorm terminology reference / synthetic mapping,0.92,Already normalized,Amlodipine 5 mg,Synthetic test record. Prescription remains the source of truth; normalization does not authorize medication use.
MED001626,Omerpazole,Omeprazole,Omeprazole,Omeprazole 20 mg Capsule,Omeprazole; Omeprazole,Capsule,20 mg,Oral,647640,Proton pump inhibitor,RxNorm terminology reference / synthetic mapping,0.92,Normalized,Omerpazole 20 mg,Synthetic test record. Prescription remains the source of truth; normalization does not authorize medication use.
MED001627,Glimepiride,Glimepiride,Glimepiride,Glimepiride 2 mg Tablet,Glimepiride; Glimepiride,Tablet,2 mg,Oral,861713,Antidiabetic,RxNorm terminology reference / synthetic mapping,0.97,Already normalized,Glimepiride 2 mg,Synthetic test record. Prescription remains the source of truth; normalization does not authorize medication use.
MED001628,Omeprazole,Omeprazole,Omeprazole,Omeprazole 20 mg Capsule,Omeprazole; Omeprazole,Capsule,20 mg,Oral,647640,Proton pump inhibitor,RxNorm terminology reference / synthetic mapping,0.95,Already normalized,Omeprazole 20 mg,Synthetic test record. Prescription remains the source of truth; normalization does not authorize medication use.
MED001629,Insulin Glargine,Insulin Glargine,Insulin Glargine,Insulin Glargine 100 units/mL Injection,Insulin Glargine; Insulin Glargine,Injection,100 units/mL,Subcutaneous,261551,Insulin,RxNorm terminology reference / synthetic mapping,0.94,Already normalized,Insulin Glargine 100 units/mL,Synthetic test record. Prescription remains the source of truth; normalization does not authorize medication use.
MED001630,Diclofenac,Diclofenac,Diclofenac,Diclofenac 50 mg Tablet,Diclofenac; Diclofenac,Tablet,50 mg,Oral,308135,NSAID,RxNorm terminology reference / synthetic mapping,0.98,Already normalized,Diclofenac 50 mg,Synthetic test record. Prescription remains the source of truth; normalization does not authorize medication use.
MED001631,Warfarn,Warfarin,Warfarin,Warfarin 5 mg Tablet,Warfarin; Warfarin,Tablet,5 mg,Oral,855333,Anticoagulant,RxNorm terminology reference / synthetic mapping,0.96,Normalized,Warfarn 5 mg,Synthetic test record. Prescription remains the source of truth; normalization does not authorize medication use.
MED001632,Ibuprophen,Ibuprofen,Ibuprofen,Ibuprofen 400 mg Tablet,Ibuprofen; Ibuprofen,Tablet,400 mg,Oral,310965,NSAID,RxNorm terminology reference / synthetic mapping,0.92,Normalized,Ibuprophen 400 mg,Synthetic test record. Prescription remains the source of truth; normalization does not authorize medication use.
MED001633,Prednisolone,Prednisolone,Prednisolone,Prednisolone 10 mg Tablet,Prednisolone; Prednisolone,Tablet,10 mg,Oral,1168002,Corticosteroid,RxNorm terminology reference / synthetic mapping,0.95,Already normalized,Prednisolone 10 mg,Synthetic test record. Prescription remains the source of truth; normalization does not authorize medication use.
MED001634,Ondansetron,Ondansetron,Ondansetron,Ondansetron 4 mg Tablet,Ondansetron; Ondansetron,Tablet,4 mg,Oral,312157,Antiemetic,RxNorm terminology reference / synthetic mapping,0.96,Already normalized,Ondansetron 4 mg,Synthetic test record. Prescription remains the source of truth; normalization does not authorize medication use.
MED001635,Atorvastatin,Atorvastatin,Atorvastatin,Atorvastatin 20 mg Tablet,Atorvastatin; Atorvastatin,Tablet,20 mg,Oral,617314,Lipid-lowering agent,RxNorm terminology reference / synthetic mapping,0.92,Already normalized,Atorvastatin 20 mg,Synthetic test record. Prescription remains the source of truth; normalization does not authorize medication use.
MED001636,Clopidogrel,Clopidogrel,Clopidogrel,Clopidogrel 75 mg Tablet,Clopidogrel; Clopidogrel,Tablet,75 mg,Oral,309362,Antiplatelet,RxNorm terminology reference / synthetic mapping,0.96,Already normalized,Clopidogrel 75 mg,Synthetic test record. Prescription remains the source of truth; normalization does not authorize medication use.
MED001637,Paracitamol,Paracetamol,Acetaminophen,Acetaminophen 500 mg Tablet,Paracetamol; Acetaminophen,Tablet,500 mg,Oral,161,Analgesic / Antipyretic,RxNorm terminology reference / synthetic mapping,0.95,Normalized,Paracitamol 500 mg,Synthetic test record. Prescription remains the source of truth; normalization does not authorize medication use.
MED001638,Metoprolol,Metoprolol,Metoprolol,Metoprolol 25 mg Tablet,Metoprolol; Metoprolol,Tablet,25 mg,Oral,866924,Beta blocker,RxNorm terminology reference / synthetic mapping,0.97,Already normalized,Metoprolol 25 mg,Synthetic test record. Prescription remains the source of truth; normalization does not authorize medication use.
MED001639,Warfarine,Warfarin,Warfarin,Warfarin 5 mg Tablet,Warfarin; Warfarin,Tablet,5 mg,Oral,855333,Anticoagulant,RxNorm terminology reference / synthetic mapping,0.96,Normalized,Warfarine 5 mg,Synthetic test record. Prescription remains the source of truth; normalization does not authorize medication use.
MED001640,Salbutamoll,Salbutamol,Salbutamol,Salbutamol 100 mcg/dose Inhaler,Salbutamol; Salbutamol,Inhaler,100 mcg/dose,Inhalation,745678,Bronchodilator,RxNorm terminology reference / synthetic mapping,0.91,Normalized,Salbutamoll 100 mcg/dose,Synthetic test record. Prescription remains the source of truth; normalization does not authorize medication use.
MED001641,Salbutamol,Salbutamol,Salbutamol,Salbutamol 100 mcg/dose Inhaler,Salbutamol; Salbutamol,Inhaler,100 mcg/dose,Inhalation,745678,Bronchodilator,RxNorm terminology reference / synthetic mapping,0.92,Already normalized,Salbutamol 100 mcg/dose,Synthetic test record. Prescription remains the source of truth; normalization does not authorize medication use.
MED001642,Ciprofloxacin,Ciprofloxacin,Ciprofloxacin,Ciprofloxacin 500 mg Tablet,Ciprofloxacin; Ciprofloxacin,Tablet,500 mg,Oral,2551,Antibiotic,RxNorm terminology reference / synthetic mapping,0.92,Already normalized,Ciprofloxacin 500 mg,Synthetic test record. Prescription remains the source of truth; normalization does not authorize medication use.
MED001643,Atorvastatin,Atorvastatin,Atorvastatin,Atorvastatin 20 mg Tablet,Atorvastatin; Atorvastatin,Tablet,20 mg,Oral,617314,Lipid-lowering agent,RxNorm terminology reference / synthetic mapping,0.99,Already normalized,Atorvastatin 20 mg,Synthetic test record. Prescription remains the source of truth; normalization does not authorize medication use.
MED001644,Diclofenac,Diclofenac,Diclofenac,Diclofenac 50 mg Tablet,Diclofenac; Diclofenac,Tablet,50 mg,Oral,308135,NSAID,RxNorm terminology reference / synthetic mapping,0.94,Already normalized,Diclofenac 50 mg,Synthetic test record. Prescription remains the source of truth; normalization does not authorize medication use.
MED001645,Domperidone,Domperidone,Domperidone,Domperidone 10 mg Tablet,Domperidone; Domperidone,Tablet,10 mg,Oral,897626,Gastroprokinetic,RxNorm terminology reference / synthetic mapping,0.92,Already normalized,Domperidone 10 mg,Synthetic test record. Prescription remains the source of truth; normalization does not authorize medication use.
MED001646,Montelukast,Montelukast,Montelukast,Montelukast 10 mg Tablet,Montelukast; Montelukast,Tablet,10 mg,Oral,1018502,Leukotriene receptor antagonist,RxNorm terminology reference / synthetic mapping,0.93,Already normalized,Montelukast 10 mg,Synthetic test record. Prescription remains the source of truth; normalization does not authorize medication use.
MED001647,Budesonied,Budesonide,Budesonide,Budesonide 200 mcg/dose Inhaler,Budesonide; Budesonide,Inhaler,200 mcg/dose,Inhalation,745678,Corticosteroid,RxNorm terminology reference / synthetic mapping,0.99,Normalized,Budesonied 200 mcg/dose,Synthetic test record. Prescription remains the source of truth; normalization does not authorize medication use.
MED001648,Warfarn,Warfarin,Warfarin,Warfarin 5 mg Tablet,Warfarin; Warfarin,Tablet,5 mg,Oral,855333,Anticoagulant,RxNorm terminology reference / synthetic mapping,0.97,Normalized,Warfarn 5 mg,Synthetic test record. Prescription remains the source of truth; normalization does not authorize medication use.
MED001649,Furosimide,Furosemide,Furosemide,Furosemide 40 mg Tablet,Furosemide; Furosemide,Tablet,40 mg,Oral,310429,Diuretic,RxNorm terminology reference / synthetic mapping,0.98,Normalized,Furosimide 40 mg,Synthetic test record. Prescription remains the source of truth; normalization does not authorize medication use.
MED001650,Montelukast,Montelukast,Montelukast,Montelukast 10 mg Tablet,Montelukast; Montelukast,Tablet,10 mg,Oral,1018502,Leukotriene receptor antagonist,RxNorm terminology reference / synthetic mapping,0.91,Already normalized,Montelukast 10 mg,Synthetic test record. Prescription remains the source of truth; normalization does not authorize medication use.
MED001651,Furosemide,Furosemide,Furosemide,Furosemide 40 mg Tablet,Furosemide; Furosemide,Tablet,40 mg,Oral,310429,Diuretic,RxNorm terminology reference / synthetic mapping,0.95,Already normalized,Furosemide 40 mg,Synthetic test record. Prescription remains the source of truth; normalization does not authorize medication use.
MED001652,Glimepiride,Glimepiride,Glimepiride,Glimepiride 2 mg Tablet,Glimepiride; Glimepiride,Tablet,2 mg,Oral,861713,Antidiabetic,RxNorm terminology reference / synthetic mapping,0.93,Already normalized,Glimepiride 2 mg,Synthetic test record. Prescription remains the source of truth; normalization does not authorize medication use.
MED001653,Cetirizinee,Cetirizine,Cetirizine,Cetirizine 10 mg Tablet,Cetirizine; Cetirizine,Tablet,10 mg,Oral,1014676,Antihistamine,RxNorm terminology reference / synthetic mapping,0.97,Normalized,Cetirizinee 10 mg,Synthetic test record. Prescription remains the source of truth; normalization does not authorize medication use.
MED001654,Metforrmin,Metformin,Metformin,Metformin 500 mg Tablet,Metformin; Metformin,Tablet,500 mg,Oral,860975,Antidiabetic,RxNorm terminology reference / synthetic mapping,0.9,Normalized,Metforrmin 500 mg,Synthetic test record. Prescription remains the source of truth; normalization does not authorize medication use.
MED001655,Doxycyline,Doxycycline,Doxycycline,Doxycycline 100 mg Capsule,Doxycycline; Doxycycline,Capsule,100 mg,Oral,3640,Antibiotic,RxNorm terminology reference / synthetic mapping,0.93,Normalized,Doxycyline 100 mg,Synthetic test record. Prescription remains the source of truth; normalization does not authorize medication use.
MED001656,Diclofenac,Diclofenac,Diclofenac,Diclofenac 50 mg Tablet,Diclofenac; Diclofenac,Tablet,50 mg,Oral,308135,NSAID,RxNorm terminology reference / synthetic mapping,0.97,Already normalized,Diclofenac 50 mg,Synthetic test record. Prescription remains the source of truth; normalization does not authorize medication use.
MED001657,Atorvastatin,Atorvastatin,Atorvastatin,Atorvastatin 20 mg Tablet,Atorvastatin; Atorvastatin,Tablet,20 mg,Oral,617314,Lipid-lowering agent,RxNorm terminology reference / synthetic mapping,0.96,Already normalized,Atorvastatin 20 mg,Synthetic test record. Prescription remains the source of truth; normalization does not authorize medication use.
MED001658,Warfarin,Warfarin,Warfarin,Warfarin 5 mg Tablet,Warfarin; Warfarin,Tablet,5 mg,Oral,855333,Anticoagulant,RxNorm terminology reference / synthetic mapping,0.96,Already normalized,Warfarin 5 mg,Synthetic test record. Prescription remains the source of truth; normalization does not authorize medication use.
MED001659,Domperidone,Domperidone,Domperidone,Domperidone 10 mg Tablet,Domperidone; Domperidone,Tablet,10 mg,Oral,897626,Gastroprokinetic,RxNorm terminology reference / synthetic mapping,0.96,Already normalized,Domperidone 10 mg,Synthetic test record. Prescription remains the source of truth; normalization does not authorize medication use.
MED001660,Metformine,Metformin,Metformin,Metformin 500 mg Tablet,Metformin; Metformin,Tablet,500 mg,Oral,860975,Antidiabetic,RxNorm terminology reference / synthetic mapping,0.94,Normalized,Metformine 500 mg,Synthetic test record. Prescription remains the source of truth; normalization does not authorize medication use.
MED001661,Telmisartam,Telmisartan,Telmisartan,Telmisartan 40 mg Tablet,Telmisartan; Telmisartan,Tablet,40 mg,Oral,309410,Antihypertensive,RxNorm terminology reference / synthetic mapping,0.94,Normalized,Telmisartam 40 mg,Synthetic test record. Prescription remains the source of truth; normalization does not authorize medication use.
MED001662,Furosemid,Furosemide,Furosemide,Furosemide 40 mg Tablet,Furosemide; Furosemide,Tablet,40 mg,Oral,310429,Diuretic,RxNorm terminology reference / synthetic mapping,0.95,Normalized,Furosemid 40 mg,Synthetic test record. Prescription remains the source of truth; normalization does not authorize medication use.
MED001663,Omeprazloe,Omeprazole,Omeprazole,Omeprazole 20 mg Capsule,Omeprazole; Omeprazole,Capsule,20 mg,Oral,647640,Proton pump inhibitor,RxNorm terminology reference / synthetic mapping,0.98,Normalized,Omeprazloe 20 mg,Synthetic test record. Prescription remains the source of truth; normalization does not authorize medication use.
MED001664,Amlodpine,Amlodipine,Amlodipine,Amlodipine 5 mg Tablet,Amlodipine; Amlodipine,Tablet,5 mg,Oral,308135,Antihypertensive,RxNorm terminology reference / synthetic mapping,0.92,Normalized,Amlodpine 5 mg,Synthetic test record. Prescription remains the source of truth; normalization does not authorize medication use.
MED001665,Ondansatron,Ondansetron,Ondansetron,Ondansetron 4 mg Tablet,Ondansetron; Ondansetron,Tablet,4 mg,Oral,312157,Antiemetic,RxNorm terminology reference / synthetic mapping,0.92,Normalized,Ondansatron 4 mg,Synthetic test record. Prescription remains the source of truth; normalization does not authorize medication use.
MED001666,Prednisolone,Prednisolone,Prednisolone,Prednisolone 10 mg Tablet,Prednisolone; Prednisolone,Tablet,10 mg,Oral,1168002,Corticosteroid,RxNorm terminology reference / synthetic mapping,0.98,Already normalized,Prednisolone 10 mg,Synthetic test record. Prescription remains the source of truth; normalization does not authorize medication use.
MED001667,Insulin Glargin,Insulin Glargine,Insulin Glargine,Insulin Glargine 100 units/mL Injection,Insulin Glargine; Insulin Glargine,Injection,100 units/mL,Subcutaneous,261551,Insulin,RxNorm terminology reference / synthetic mapping,0.98,Normalized,Insulin Glargin 100 units/mL,Synthetic test record. Prescription remains the source of truth; normalization does not authorize medication use.
MED001668,Metoprol,Metoprolol,Metoprolol,Metoprolol 25 mg Tablet,Metoprolol; Metoprolol,Tablet,25 mg,Oral,866924,Beta blocker,RxNorm terminology reference / synthetic mapping,0.92,Normalized,Metoprol 25 mg,Synthetic test record. Prescription remains the source of truth; normalization does not authorize medication use.
MED001669,Telmisartan,Telmisartan,Telmisartan,Telmisartan 40 mg Tablet,Telmisartan; Telmisartan,Tablet,40 mg,Oral,309410,Antihypertensive,RxNorm terminology reference / synthetic mapping,0.94,Already normalized,Telmisartan 40 mg,Synthetic test record. Prescription remains the source of truth; normalization does not authorize medication use.
MED001670,InsulinGlar gine,Insulin Glargine,Insulin Glargine,Insulin Glargine 100 units/mL Injection,Insulin Glargine; Insulin Glargine,Injection,100 units/mL,Subcutaneous,261551,Insulin,RxNorm terminology reference / synthetic mapping,0.9,Normalized,InsulinGlar gine 100 units/mL,Synthetic test record. Prescription remains the source of truth; normalization does not authorize medication use.
MED001671,Doxycyclin,Doxycycline,Doxycycline,Doxycycline 100 mg Capsule,Doxycycline; Doxycycline,Capsule,100 mg,Oral,3640,Antibiotic,RxNorm terminology reference / synthetic mapping,0.91,Normalized,Doxycyclin 100 mg,Synthetic test record. Prescription remains the source of truth; normalization does not authorize medication use.
MED001672,Metoprolol,Metoprolol,Metoprolol,Metoprolol 25 mg Tablet,Metoprolol; Metoprolol,Tablet,25 mg,Oral,866924,Beta blocker,RxNorm terminology reference / synthetic mapping,0.91,Already normalized,Metoprolol 25 mg,Synthetic test record. Prescription remains the source of truth; normalization does not authorize medication use.
MED001673,Pantoprazole,Pantoprazole,Pantoprazole,Pantoprazole 40 mg Tablet,Pantoprazole; Pantoprazole,Tablet,40 mg,Oral,861667,Proton pump inhibitor,RxNorm terminology reference / synthetic mapping,0.93,Already normalized,Pantoprazole 40 mg,Synthetic test record. Prescription remains the source of truth; normalization does not authorize medication use.
MED001674,Cetirizinee,Cetirizine,Cetirizine,Cetirizine 10 mg Tablet,Cetirizine; Cetirizine,Tablet,10 mg,Oral,1014676,Antihistamine,RxNorm terminology reference / synthetic mapping,0.95,Normalized,Cetirizinee 10 mg,Synthetic test record. Prescription remains the source of truth; normalization does not authorize medication use.
MED001675,Warfarn,Warfarin,Warfarin,Warfarin 5 mg Tablet,Warfarin; Warfarin,Tablet,5 mg,Oral,855333,Anticoagulant,RxNorm terminology reference / synthetic mapping,0.95,Normalized,Warfarn 5 mg,Synthetic test record. Prescription remains the source of truth; normalization does not authorize medication use.
MED001676,Doxycyline,Doxycycline,Doxycycline,Doxycycline 100 mg Capsule,Doxycycline; Doxycycline,Capsule,100 mg,Oral,3640,Antibiotic,RxNorm terminology reference / synthetic mapping,0.97,Normalized,Doxycyline 100 mg,Synthetic test record. Prescription remains the source of truth; normalization does not authorize medication use.
MED001677,Atorvastatin,Atorvastatin,Atorvastatin,Atorvastatin 20 mg Tablet,Atorvastatin; Atorvastatin,Tablet,20 mg,Oral,617314,Lipid-lowering agent,RxNorm terminology reference / synthetic mapping,0.91,Already normalized,Atorvastatin 20 mg,Synthetic test record. Prescription remains the source of truth; normalization does not authorize medication use.
MED001678,Ondansetron,Ondansetron,Ondansetron,Ondansetron 4 mg Tablet,Ondansetron; Ondansetron,Tablet,4 mg,Oral,312157,Antiemetic,RxNorm terminology reference / synthetic mapping,0.95,Already normalized,Ondansetron 4 mg,Synthetic test record. Prescription remains the source of truth; normalization does not authorize medication use.
MED001679,Omeprazole,Omeprazole,Omeprazole,Omeprazole 20 mg Capsule,Omeprazole; Omeprazole,Capsule,20 mg,Oral,647640,Proton pump inhibitor,RxNorm terminology reference / synthetic mapping,0.91,Already normalized,Omeprazole 20 mg,Synthetic test record. Prescription remains the source of truth; normalization does not authorize medication use.
MED001680,Ibuprofin,Ibuprofen,Ibuprofen,Ibuprofen 400 mg Tablet,Ibuprofen; Ibuprofen,Tablet,400 mg,Oral,310965,NSAID,RxNorm terminology reference / synthetic mapping,0.95,Normalized,Ibuprofin 400 mg,Synthetic test record. Prescription remains the source of truth; normalization does not authorize medication use.
MED001681,Paraceta mol,Paracetamol,Acetaminophen,Acetaminophen 500 mg Tablet,Paracetamol; Acetaminophen,Tablet,500 mg,Oral,161,Analgesic / Antipyretic,RxNorm terminology reference / synthetic mapping,0.98,Normalized,Paraceta mol 500 mg,Synthetic test record. Prescription remains the source of truth; normalization does not authorize medication use.
MED001682,Glimepride,Glimepiride,Glimepiride,Glimepiride 2 mg Tablet,Glimepiride; Glimepiride,Tablet,2 mg,Oral,861713,Antidiabetic,RxNorm terminology reference / synthetic mapping,0.91,Normalized,Glimepride 2 mg,Synthetic test record. Prescription remains the source of truth; normalization does not authorize medication use.
MED001683,Cetirizine,Cetirizine,Cetirizine,Cetirizine 10 mg Tablet,Cetirizine; Cetirizine,Tablet,10 mg,Oral,1014676,Antihistamine,RxNorm terminology reference / synthetic mapping,0.95,Already normalized,Cetirizine 10 mg,Synthetic test record. Prescription remains the source of truth; normalization does not authorize medication use.
MED001684,Insulin Glargine,Insulin Glargine,Insulin Glargine,Insulin Glargine 100 units/mL Injection,Insulin Glargine; Insulin Glargine,Injection,100 units/mL,Subcutaneous,261551,Insulin,RxNorm terminology reference / synthetic mapping,0.97,Already normalized,Insulin Glargine 100 units/mL,Synthetic test record. Prescription remains the source of truth; normalization does not authorize medication use.
MED001685,Furosemide,Furosemide,Furosemide,Furosemide 40 mg Tablet,Furosemide; Furosemide,Tablet,40 mg,Oral,310429,Diuretic,RxNorm terminology reference / synthetic mapping,0.92,Already normalized,Furosemide 40 mg,Synthetic test record. Prescription remains the source of truth; normalization does not authorize medication use.
MED001686,Pantaprazole,Pantoprazole,Pantoprazole,Pantoprazole 40 mg Tablet,Pantoprazole; Pantoprazole,Tablet,40 mg,Oral,861667,Proton pump inhibitor,RxNorm terminology reference / synthetic mapping,0.91,Normalized,Pantaprazole 40 mg,Synthetic test record. Prescription remains the source of truth; normalization does not authorize medication use.
MED001687,Cetirizinee,Cetirizine,Cetirizine,Cetirizine 10 mg Tablet,Cetirizine; Cetirizine,Tablet,10 mg,Oral,1014676,Antihistamine,RxNorm terminology reference / synthetic mapping,0.96,Normalized,Cetirizinee 10 mg,Synthetic test record. Prescription remains the source of truth; normalization does not authorize medication use.
MED001688,Cetirizine,Cetirizine,Cetirizine,Cetirizine 10 mg Tablet,Cetirizine; Cetirizine,Tablet,10 mg,Oral,1014676,Antihistamine,RxNorm terminology reference / synthetic mapping,0.96,Already normalized,Cetirizine 10 mg,Synthetic test record. Prescription remains the source of truth; normalization does not authorize medication use.
MED001689,Ibuprofen,Ibuprofen,Ibuprofen,Ibuprofen 400 mg Tablet,Ibuprofen; Ibuprofen,Tablet,400 mg,Oral,310965,NSAID,RxNorm terminology reference / synthetic mapping,0.97,Already normalized,Ibuprofen 400 mg,Synthetic test record. Prescription remains the source of truth; normalization does not authorize medication use.
MED001690,Omerpazole,Omeprazole,Omeprazole,Omeprazole 20 mg Capsule,Omeprazole; Omeprazole,Capsule,20 mg,Oral,647640,Proton pump inhibitor,RxNorm terminology reference / synthetic mapping,0.98,Normalized,Omerpazole 20 mg,Synthetic test record. Prescription remains the source of truth; normalization does not authorize medication use.
MED001691,Salbutamol,Salbutamol,Salbutamol,Salbutamol 100 mcg/dose Inhaler,Salbutamol; Salbutamol,Inhaler,100 mcg/dose,Inhalation,745678,Bronchodilator,RxNorm terminology reference / synthetic mapping,0.98,Already normalized,Salbutamol 100 mcg/dose,Synthetic test record. Prescription remains the source of truth; normalization does not authorize medication use.
MED001692,Paracitamol,Paracetamol,Acetaminophen,Acetaminophen 500 mg Tablet,Paracetamol; Acetaminophen,Tablet,500 mg,Oral,161,Analgesic / Antipyretic,RxNorm terminology reference / synthetic mapping,0.98,Normalized,Paracitamol 500 mg,Synthetic test record. Prescription remains the source of truth; normalization does not authorize medication use.
MED001693,Ondansetrone,Ondansetron,Ondansetron,Ondansetron 4 mg Tablet,Ondansetron; Ondansetron,Tablet,4 mg,Oral,312157,Antiemetic,RxNorm terminology reference / synthetic mapping,0.96,Normalized,Ondansetrone 4 mg,Synthetic test record. Prescription remains the source of truth; normalization does not authorize medication use.
MED001694,Ondansetron,Ondansetron,Ondansetron,Ondansetron 4 mg Tablet,Ondansetron; Ondansetron,Tablet,4 mg,Oral,312157,Antiemetic,RxNorm terminology reference / synthetic mapping,0.96,Already normalized,Ondansetron 4 mg,Synthetic test record. Prescription remains the source of truth; normalization does not authorize medication use.
MED001695,Furosimide,Furosemide,Furosemide,Furosemide 40 mg Tablet,Furosemide; Furosemide,Tablet,40 mg,Oral,310429,Diuretic,RxNorm terminology reference / synthetic mapping,0.98,Normalized,Furosimide 40 mg,Synthetic test record. Prescription remains the source of truth; normalization does not authorize medication use.
MED001696,Prednisolon,Prednisolone,Prednisolone,Prednisolone 10 mg Tablet,Prednisolone; Prednisolone,Tablet,10 mg,Oral,1168002,Corticosteroid,RxNorm terminology reference / synthetic mapping,0.97,Normalized,Prednisolon 10 mg,Synthetic test record. Prescription remains the source of truth; normalization does not authorize medication use.
MED001697,Salbutamol,Salbutamol,Salbutamol,Salbutamol 100 mcg/dose Inhaler,Salbutamol; Salbutamol,Inhaler,100 mcg/dose,Inhalation,745678,Bronchodilator,RxNorm terminology reference / synthetic mapping,0.92,Already normalized,Salbutamol 100 mcg/dose,Synthetic test record. Prescription remains the source of truth; normalization does not authorize medication use.
MED001698,Glimepiride,Glimepiride,Glimepiride,Glimepiride 2 mg Tablet,Glimepiride; Glimepiride,Tablet,2 mg,Oral,861713,Antidiabetic,RxNorm terminology reference / synthetic mapping,0.92,Already normalized,Glimepiride 2 mg,Synthetic test record. Prescription remains the source of truth; normalization does not authorize medication use.
MED001699,Famotidine,Famotidine,Famotidine,Famotidine 20 mg Tablet,Famotidine; Famotidine,Tablet,20 mg,Oral,966770,H2 receptor antagonist,RxNorm terminology reference / synthetic mapping,0.93,Already normalized,Famotidine 20 mg,Synthetic test record. Prescription remains the source of truth; normalization does not authorize medication use.
MED001700,Doxycyline,Doxycycline,Doxycycline,Doxycycline 100 mg Capsule,Doxycycline; Doxycycline,Capsule,100 mg,Oral,3640,Antibiotic,RxNorm terminology reference / synthetic mapping,0.93,Normalized,Doxycyline 100 mg,Synthetic test record. Prescription remains the source of truth; normalization does not authorize medication use.
MED001701,Diclofenec,Diclofenac,Diclofenac,Diclofenac 50 mg Tablet,Diclofenac; Diclofenac,Tablet,50 mg,Oral,308135,NSAID,RxNorm terminology reference / synthetic mapping,0.9,Normalized,Diclofenec 50 mg,Synthetic test record. Prescription remains the source of truth; normalization does not authorize medication use.
MED001702,Clopidogral,Clopidogrel,Clopidogrel,Clopidogrel 75 mg Tablet,Clopidogrel; Clopidogrel,Tablet,75 mg,Oral,309362,Antiplatelet,RxNorm terminology reference / synthetic mapping,0.92,Normalized,Clopidogral 75 mg,Synthetic test record. Prescription remains the source of truth; normalization does not authorize medication use.
MED001703,Domperidone,Domperidone,Domperidone,Domperidone 10 mg Tablet,Domperidone; Domperidone,Tablet,10 mg,Oral,897626,Gastroprokinetic,RxNorm terminology reference / synthetic mapping,0.93,Already normalized,Domperidone 10 mg,Synthetic test record. Prescription remains the source of truth; normalization does not authorize medication use.
MED001704,Telmisartan,Telmisartan,Telmisartan,Telmisartan 40 mg Tablet,Telmisartan; Telmisartan,Tablet,40 mg,Oral,309410,Antihypertensive,RxNorm terminology reference / synthetic mapping,0.9,Already normalized,Telmisartan 40 mg,Synthetic test record. Prescription remains the source of truth; normalization does not authorize medication use.
MED001705,Prednisolon,Prednisolone,Prednisolone,Prednisolone 10 mg Tablet,Prednisolone; Prednisolone,Tablet,10 mg,Oral,1168002,Corticosteroid,RxNorm terminology reference / synthetic mapping,0.96,Normalized,Prednisolon 10 mg,Synthetic test record. Prescription remains the source of truth; normalization does not authorize medication use.
MED001706,Omeprazole,Omeprazole,Omeprazole,Omeprazole 20 mg Capsule,Omeprazole; Omeprazole,Capsule,20 mg,Oral,647640,Proton pump inhibitor,RxNorm terminology reference / synthetic mapping,0.94,Already normalized,Omeprazole 20 mg,Synthetic test record. Prescription remains the source of truth; normalization does not authorize medication use.
MED001707,Azithromicin,Azithromycin,Azithromycin,Azithromycin 500 mg Tablet,Azithromycin; Azithromycin,Tablet,500 mg,Oral,18631,Antibiotic,RxNorm terminology reference / synthetic mapping,0.99,Normalized,Azithromicin 500 mg,Synthetic test record. Prescription remains the source of truth; normalization does not authorize medication use.
MED001708,Omeprazole,Omeprazole,Omeprazole,Omeprazole 20 mg Capsule,Omeprazole; Omeprazole,Capsule,20 mg,Oral,647640,Proton pump inhibitor,RxNorm terminology reference / synthetic mapping,0.94,Already normalized,Omeprazole 20 mg,Synthetic test record. Prescription remains the source of truth; normalization does not authorize medication use.
MED001709,Montelukast,Montelukast,Montelukast,Montelukast 10 mg Tablet,Montelukast; Montelukast,Tablet,10 mg,Oral,1018502,Leukotriene receptor antagonist,RxNorm terminology reference / synthetic mapping,0.92,Already normalized,Montelukast 10 mg,Synthetic test record. Prescription remains the source of truth; normalization does not authorize medication use.
MED001710,Clopidgrel,Clopidogrel,Clopidogrel,Clopidogrel 75 mg Tablet,Clopidogrel; Clopidogrel,Tablet,75 mg,Oral,309362,Antiplatelet,RxNorm terminology reference / synthetic mapping,0.93,Normalized,Clopidgrel 75 mg,Synthetic test record. Prescription remains the source of truth; normalization does not authorize medication use.
MED001711,Losartan,Losartan,Losartan,Losartan 50 mg Tablet,Losartan; Losartan,Tablet,50 mg,Oral,979118,Antihypertensive,RxNorm terminology reference / synthetic mapping,0.96,Already normalized,Losartan 50 mg,Synthetic test record. Prescription remains the source of truth; normalization does not authorize medication use.
MED001712,Metfornin,Metformin,Metformin,Metformin 500 mg Tablet,Metformin; Metformin,Tablet,500 mg,Oral,860975,Antidiabetic,RxNorm terminology reference / synthetic mapping,0.96,Normalized,Metfornin 500 mg,Synthetic test record. Prescription remains the source of truth; normalization does not authorize medication use.
MED001713,Diclofenak,Diclofenac,Diclofenac,Diclofenac 50 mg Tablet,Diclofenac; Diclofenac,Tablet,50 mg,Oral,308135,NSAID,RxNorm terminology reference / synthetic mapping,0.99,Normalized,Diclofenak 50 mg,Synthetic test record. Prescription remains the source of truth; normalization does not authorize medication use.
MED001714,Clopidogrel,Clopidogrel,Clopidogrel,Clopidogrel 75 mg Tablet,Clopidogrel; Clopidogrel,Tablet,75 mg,Oral,309362,Antiplatelet,RxNorm terminology reference / synthetic mapping,0.95,Already normalized,Clopidogrel 75 mg,Synthetic test record. Prescription remains the source of truth; normalization does not authorize medication use.
MED001715,Ibuprof en,Ibuprofen,Ibuprofen,Ibuprofen 400 mg Tablet,Ibuprofen; Ibuprofen,Tablet,400 mg,Oral,310965,NSAID,RxNorm terminology reference / synthetic mapping,0.99,Normalized,Ibuprof en 400 mg,Synthetic test record. Prescription remains the source of truth; normalization does not authorize medication use.
MED001716,Levothyroxine,Levothyroxine,Levothyroxine,Levothyroxine 50 mcg Tablet,Levothyroxine; Levothyroxine,Tablet,50 mcg,Oral,966220,Thyroid hormone,RxNorm terminology reference / synthetic mapping,0.94,Already normalized,Levothyroxine 50 mcg,Synthetic test record. Prescription remains the source of truth; normalization does not authorize medication use.
MED001717,Budesonide,Budesonide,Budesonide,Budesonide 200 mcg/dose Inhaler,Budesonide; Budesonide,Inhaler,200 mcg/dose,Inhalation,745678,Corticosteroid,RxNorm terminology reference / synthetic mapping,0.97,Already normalized,Budesonide 200 mcg/dose,Synthetic test record. Prescription remains the source of truth; normalization does not authorize medication use.
MED001718,Aspirn,Aspirin,Acetylsalicylic Acid,Acetylsalicylic Acid 75 mg Tablet,Aspirin; Acetylsalicylic Acid,Tablet,75 mg,Oral,1191,Antiplatelet,RxNorm terminology reference / synthetic mapping,0.98,Normalized,Aspirn 75 mg,Synthetic test record. Prescription remains the source of truth; normalization does not authorize medication use.
MED001719,Amoxycillin,Amoxicillin,Amoxicillin,Amoxicillin 500 mg Capsule,Amoxicillin; Amoxicillin,Capsule,500 mg,Oral,723,Antibiotic,RxNorm terminology reference / synthetic mapping,0.95,Normalized,Amoxycillin 500 mg,Synthetic test record. Prescription remains the source of truth; normalization does not authorize medication use.
MED001720,Metformn,Metformin,Metformin,Metformin 500 mg Tablet,Metformin; Metformin,Tablet,500 mg,Oral,860975,Antidiabetic,RxNorm terminology reference / synthetic mapping,0.91,Normalized,Metformn 500 mg,Synthetic test record. Prescription remains the source of truth; normalization does not authorize medication use.
MED001721,Warfarine,Warfarin,Warfarin,Warfarin 5 mg Tablet,Warfarin; Warfarin,Tablet,5 mg,Oral,855333,Anticoagulant,RxNorm terminology reference / synthetic mapping,0.92,Normalized,Warfarine 5 mg,Synthetic test record. Prescription remains the source of truth; normalization does not authorize medication use.
MED001722,Warfarin,Warfarin,Warfarin,Warfarin 5 mg Tablet,Warfarin; Warfarin,Tablet,5 mg,Oral,855333,Anticoagulant,RxNorm terminology reference / synthetic mapping,0.98,Already normalized,Warfarin 5 mg,Synthetic test record. Prescription remains the source of truth; normalization does not authorize medication use.
MED001723,Azithromycin,Azithromycin,Azithromycin,Azithromycin 500 mg Tablet,Azithromycin; Azithromycin,Tablet,500 mg,Oral,18631,Antibiotic,RxNorm terminology reference / synthetic mapping,0.93,Already normalized,Azithromycin 500 mg,Synthetic test record. Prescription remains the source of truth; normalization does not authorize medication use.
MED001724,Salbutemol,Salbutamol,Salbutamol,Salbutamol 100 mcg/dose Inhaler,Salbutamol; Salbutamol,Inhaler,100 mcg/dose,Inhalation,745678,Bronchodilator,RxNorm terminology reference / synthetic mapping,0.97,Normalized,Salbutemol 100 mcg/dose,Synthetic test record. Prescription remains the source of truth; normalization does not authorize medication use.
MED001725,Telmisartan,Telmisartan,Telmisartan,Telmisartan 40 mg Tablet,Telmisartan; Telmisartan,Tablet,40 mg,Oral,309410,Antihypertensive,RxNorm terminology reference / synthetic mapping,0.97,Already normalized,Telmisartan 40 mg,Synthetic test record. Prescription remains the source of truth; normalization does not authorize medication use.
MED001726,Ibuprophen,Ibuprofen,Ibuprofen,Ibuprofen 400 mg Tablet,Ibuprofen; Ibuprofen,Tablet,400 mg,Oral,310965,NSAID,RxNorm terminology reference / synthetic mapping,0.92,Normalized,Ibuprophen 400 mg,Synthetic test record. Prescription remains the source of truth; normalization does not authorize medication use.
MED001727,Prednisolne,Prednisolone,Prednisolone,Prednisolone 10 mg Tablet,Prednisolone; Prednisolone,Tablet,10 mg,Oral,1168002,Corticosteroid,RxNorm terminology reference / synthetic mapping,0.95,Normalized,Prednisolne 10 mg,Synthetic test record. Prescription remains the source of truth; normalization does not authorize medication use.
MED001728,Montelukst,Montelukast,Montelukast,Montelukast 10 mg Tablet,Montelukast; Montelukast,Tablet,10 mg,Oral,1018502,Leukotriene receptor antagonist,RxNorm terminology reference / synthetic mapping,0.97,Normalized,Montelukst 10 mg,Synthetic test record. Prescription remains the source of truth; normalization does not authorize medication use.
MED001729,Ondansetron,Ondansetron,Ondansetron,Ondansetron 4 mg Tablet,Ondansetron; Ondansetron,Tablet,4 mg,Oral,312157,Antiemetic,RxNorm terminology reference / synthetic mapping,0.98,Already normalized,Ondansetron 4 mg,Synthetic test record. Prescription remains the source of truth; normalization does not authorize medication use.
MED001730,Doxycicline,Doxycycline,Doxycycline,Doxycycline 100 mg Capsule,Doxycycline; Doxycycline,Capsule,100 mg,Oral,3640,Antibiotic,RxNorm terminology reference / synthetic mapping,0.98,Normalized,Doxycicline 100 mg,Synthetic test record. Prescription remains the source of truth; normalization does not authorize medication use.
MED001731,Omeprazol,Omeprazole,Omeprazole,Omeprazole 20 mg Capsule,Omeprazole; Omeprazole,Capsule,20 mg,Oral,647640,Proton pump inhibitor,RxNorm terminology reference / synthetic mapping,0.92,Normalized,Omeprazol 20 mg,Synthetic test record. Prescription remains the source of truth; normalization does not authorize medication use.
MED001732,Telmisartam,Telmisartan,Telmisartan,Telmisartan 40 mg Tablet,Telmisartan; Telmisartan,Tablet,40 mg,Oral,309410,Antihypertensive,RxNorm terminology reference / synthetic mapping,0.91,Normalized,Telmisartam 40 mg,Synthetic test record. Prescription remains the source of truth; normalization does not authorize medication use.
MED001733,Budesonide,Budesonide,Budesonide,Budesonide 200 mcg/dose Inhaler,Budesonide; Budesonide,Inhaler,200 mcg/dose,Inhalation,745678,Corticosteroid,RxNorm terminology reference / synthetic mapping,0.97,Already normalized,Budesonide 200 mcg/dose,Synthetic test record. Prescription remains the source of truth; normalization does not authorize medication use.
MED001734,Levothyroxin,Levothyroxine,Levothyroxine,Levothyroxine 50 mcg Tablet,Levothyroxine; Levothyroxine,Tablet,50 mcg,Oral,966220,Thyroid hormone,RxNorm terminology reference / synthetic mapping,0.95,Normalized,Levothyroxin 50 mcg,Synthetic test record. Prescription remains the source of truth; normalization does not authorize medication use.
MED001735,Glimepride,Glimepiride,Glimepiride,Glimepiride 2 mg Tablet,Glimepiride; Glimepiride,Tablet,2 mg,Oral,861713,Antidiabetic,RxNorm terminology reference / synthetic mapping,0.95,Normalized,Glimepride 2 mg,Synthetic test record. Prescription remains the source of truth; normalization does not authorize medication use.
MED001736,Famotidin,Famotidine,Famotidine,Famotidine 20 mg Tablet,Famotidine; Famotidine,Tablet,20 mg,Oral,966770,H2 receptor antagonist,RxNorm terminology reference / synthetic mapping,0.97,Normalized,Famotidin 20 mg,Synthetic test record. Prescription remains the source of truth; normalization does not authorize medication use.
MED001737,Omeprazole,Omeprazole,Omeprazole,Omeprazole 20 mg Capsule,Omeprazole; Omeprazole,Capsule,20 mg,Oral,647640,Proton pump inhibitor,RxNorm terminology reference / synthetic mapping,0.94,Already normalized,Omeprazole 20 mg,Synthetic test record. Prescription remains the source of truth; normalization does not authorize medication use.
MED001738,Levothyroxin,Levothyroxine,Levothyroxine,Levothyroxine 50 mcg Tablet,Levothyroxine; Levothyroxine,Tablet,50 mcg,Oral,966220,Thyroid hormone,RxNorm terminology reference / synthetic mapping,0.99,Normalized,Levothyroxin 50 mcg,Synthetic test record. Prescription remains the source of truth; normalization does not authorize medication use.
MED001739,Doxycicline,Doxycycline,Doxycycline,Doxycycline 100 mg Capsule,Doxycycline; Doxycycline,Capsule,100 mg,Oral,3640,Antibiotic,RxNorm terminology reference / synthetic mapping,0.91,Normalized,Doxycicline 100 mg,Synthetic test record. Prescription remains the source of truth; normalization does not authorize medication use.
MED001740,Furosimide,Furosemide,Furosemide,Furosemide 40 mg Tablet,Furosemide; Furosemide,Tablet,40 mg,Oral,310429,Diuretic,RxNorm terminology reference / synthetic mapping,0.97,Normalized,Furosimide 40 mg,Synthetic test record. Prescription remains the source of truth; normalization does not authorize medication use.
MED001741,Omeprazole,Omeprazole,Omeprazole,Omeprazole 20 mg Capsule,Omeprazole; Omeprazole,Capsule,20 mg,Oral,647640,Proton pump inhibitor,RxNorm terminology reference / synthetic mapping,0.97,Already normalized,Omeprazole 20 mg,Synthetic test record. Prescription remains the source of truth; normalization does not authorize medication use.
MED001742,Domperidone,Domperidone,Domperidone,Domperidone 10 mg Tablet,Domperidone; Domperidone,Tablet,10 mg,Oral,897626,Gastroprokinetic,RxNorm terminology reference / synthetic mapping,0.96,Already normalized,Domperidone 10 mg,Synthetic test record. Prescription remains the source of truth; normalization does not authorize medication use.
MED001743,Telmisartn,Telmisartan,Telmisartan,Telmisartan 40 mg Tablet,Telmisartan; Telmisartan,Tablet,40 mg,Oral,309410,Antihypertensive,RxNorm terminology reference / synthetic mapping,0.94,Normalized,Telmisartn 40 mg,Synthetic test record. Prescription remains the source of truth; normalization does not authorize medication use.
MED001744,Insulin Glargine,Insulin Glargine,Insulin Glargine,Insulin Glargine 100 units/mL Injection,Insulin Glargine; Insulin Glargine,Injection,100 units/mL,Subcutaneous,261551,Insulin,RxNorm terminology reference / synthetic mapping,0.93,Already normalized,Insulin Glargine 100 units/mL,Synthetic test record. Prescription remains the source of truth; normalization does not authorize medication use.
MED001745,Paracetamol,Paracetamol,Acetaminophen,Acetaminophen 500 mg Tablet,Paracetamol; Acetaminophen,Tablet,500 mg,Oral,161,Analgesic / Antipyretic,RxNorm terminology reference / synthetic mapping,0.96,Already normalized,Paracetamol 500 mg,Synthetic test record. Prescription remains the source of truth; normalization does not authorize medication use.
MED001746,Glimepirid,Glimepiride,Glimepiride,Glimepiride 2 mg Tablet,Glimepiride; Glimepiride,Tablet,2 mg,Oral,861713,Antidiabetic,RxNorm terminology reference / synthetic mapping,0.93,Normalized,Glimepirid 2 mg,Synthetic test record. Prescription remains the source of truth; normalization does not authorize medication use.
MED001747,Omeprazol,Omeprazole,Omeprazole,Omeprazole 20 mg Capsule,Omeprazole; Omeprazole,Capsule,20 mg,Oral,647640,Proton pump inhibitor,RxNorm terminology reference / synthetic mapping,0.99,Normalized,Omeprazol 20 mg,Synthetic test record. Prescription remains the source of truth; normalization does not authorize medication use.
MED001748,Levothyroxine,Levothyroxine,Levothyroxine,Levothyroxine 50 mcg Tablet,Levothyroxine; Levothyroxine,Tablet,50 mcg,Oral,966220,Thyroid hormone,RxNorm terminology reference / synthetic mapping,0.96,Already normalized,Levothyroxine 50 mcg,Synthetic test record. Prescription remains the source of truth; normalization does not authorize medication use.
MED001749,Levothroxine,Levothyroxine,Levothyroxine,Levothyroxine 50 mcg Tablet,Levothyroxine; Levothyroxine,Tablet,50 mcg,Oral,966220,Thyroid hormone,RxNorm terminology reference / synthetic mapping,0.93,Normalized,Levothroxine 50 mcg,Synthetic test record. Prescription remains the source of truth; normalization does not authorize medication use.
MED001750,Doxycicline,Doxycycline,Doxycycline,Doxycycline 100 mg Capsule,Doxycycline; Doxycycline,Capsule,100 mg,Oral,3640,Antibiotic,RxNorm terminology reference / synthetic mapping,0.98,Normalized,Doxycicline 100 mg,Synthetic test record. Prescription remains the source of truth; normalization does not authorize medication use.
MED001751,Salbutamol,Salbutamol,Salbutamol,Salbutamol 100 mcg/dose Inhaler,Salbutamol; Salbutamol,Inhaler,100 mcg/dose,Inhalation,745678,Bronchodilator,RxNorm terminology reference / synthetic mapping,0.91,Already normalized,Salbutamol 100 mcg/dose,Synthetic test record. Prescription remains the source of truth; normalization does not authorize medication use.
MED001752,Glimepirid,Glimepiride,Glimepiride,Glimepiride 2 mg Tablet,Glimepiride; Glimepiride,Tablet,2 mg,Oral,861713,Antidiabetic,RxNorm terminology reference / synthetic mapping,0.94,Normalized,Glimepirid 2 mg,Synthetic test record. Prescription remains the source of truth; normalization does not authorize medication use.
MED001753,Clopidogrel,Clopidogrel,Clopidogrel,Clopidogrel 75 mg Tablet,Clopidogrel; Clopidogrel,Tablet,75 mg,Oral,309362,Antiplatelet,RxNorm terminology reference / synthetic mapping,0.96,Already normalized,Clopidogrel 75 mg,Synthetic test record. Prescription remains the source of truth; normalization does not authorize medication use.
MED001754,Metoprolol,Metoprolol,Metoprolol,Metoprolol 25 mg Tablet,Metoprolol; Metoprolol,Tablet,25 mg,Oral,866924,Beta blocker,RxNorm terminology reference / synthetic mapping,0.9,Already normalized,Metoprolol 25 mg,Synthetic test record. Prescription remains the source of truth; normalization does not authorize medication use.
MED001755,Glimepride,Glimepiride,Glimepiride,Glimepiride 2 mg Tablet,Glimepiride; Glimepiride,Tablet,2 mg,Oral,861713,Antidiabetic,RxNorm terminology reference / synthetic mapping,0.98,Normalized,Glimepride 2 mg,Synthetic test record. Prescription remains the source of truth; normalization does not authorize medication use.
MED001756,Atorvastatin,Atorvastatin,Atorvastatin,Atorvastatin 20 mg Tablet,Atorvastatin; Atorvastatin,Tablet,20 mg,Oral,617314,Lipid-lowering agent,RxNorm terminology reference / synthetic mapping,0.93,Already normalized,Atorvastatin 20 mg,Synthetic test record. Prescription remains the source of truth; normalization does not authorize medication use.
MED001757,Levothroxine,Levothyroxine,Levothyroxine,Levothyroxine 50 mcg Tablet,Levothyroxine; Levothyroxine,Tablet,50 mcg,Oral,966220,Thyroid hormone,RxNorm terminology reference / synthetic mapping,0.93,Normalized,Levothroxine 50 mcg,Synthetic test record. Prescription remains the source of truth; normalization does not authorize medication use.
MED001758,Levothyroxin,Levothyroxine,Levothyroxine,Levothyroxine 50 mcg Tablet,Levothyroxine; Levothyroxine,Tablet,50 mcg,Oral,966220,Thyroid hormone,RxNorm terminology reference / synthetic mapping,0.94,Normalized,Levothyroxin 50 mcg,Synthetic test record. Prescription remains the source of truth; normalization does not authorize medication use.
MED001759,Salbutamoll,Salbutamol,Salbutamol,Salbutamol 100 mcg/dose Inhaler,Salbutamol; Salbutamol,Inhaler,100 mcg/dose,Inhalation,745678,Bronchodilator,RxNorm terminology reference / synthetic mapping,0.92,Normalized,Salbutamoll 100 mcg/dose,Synthetic test record. Prescription remains the source of truth; normalization does not authorize medication use.
MED001760,Cetirizinee,Cetirizine,Cetirizine,Cetirizine 10 mg Tablet,Cetirizine; Cetirizine,Tablet,10 mg,Oral,1014676,Antihistamine,RxNorm terminology reference / synthetic mapping,0.93,Normalized,Cetirizinee 10 mg,Synthetic test record. Prescription remains the source of truth; normalization does not authorize medication use.
MED001761,Glimepiride,Glimepiride,Glimepiride,Glimepiride 2 mg Tablet,Glimepiride; Glimepiride,Tablet,2 mg,Oral,861713,Antidiabetic,RxNorm terminology reference / synthetic mapping,0.93,Already normalized,Glimepiride 2 mg,Synthetic test record. Prescription remains the source of truth; normalization does not authorize medication use.
MED001762,Prednisolon,Prednisolone,Prednisolone,Prednisolone 10 mg Tablet,Prednisolone; Prednisolone,Tablet,10 mg,Oral,1168002,Corticosteroid,RxNorm terminology reference / synthetic mapping,0.92,Normalized,Prednisolon 10 mg,Synthetic test record. Prescription remains the source of truth; normalization does not authorize medication use.
MED001763,Budesonid,Budesonide,Budesonide,Budesonide 200 mcg/dose Inhaler,Budesonide; Budesonide,Inhaler,200 mcg/dose,Inhalation,745678,Corticosteroid,RxNorm terminology reference / synthetic mapping,0.96,Normalized,Budesonid 200 mcg/dose,Synthetic test record. Prescription remains the source of truth; normalization does not authorize medication use.
MED001764,Salbutamoll,Salbutamol,Salbutamol,Salbutamol 100 mcg/dose Inhaler,Salbutamol; Salbutamol,Inhaler,100 mcg/dose,Inhalation,745678,Bronchodilator,RxNorm terminology reference / synthetic mapping,0.95,Normalized,Salbutamoll 100 mcg/dose,Synthetic test record. Prescription remains the source of truth; normalization does not authorize medication use.
MED001765,Famotidine,Famotidine,Famotidine,Famotidine 20 mg Tablet,Famotidine; Famotidine,Tablet,20 mg,Oral,966770,H2 receptor antagonist,RxNorm terminology reference / synthetic mapping,0.96,Already normalized,Famotidine 20 mg,Synthetic test record. Prescription remains the source of truth; normalization does not authorize medication use.
MED001766,Amoxcillin,Amoxicillin,Amoxicillin,Amoxicillin 500 mg Capsule,Amoxicillin; Amoxicillin,Capsule,500 mg,Oral,723,Antibiotic,RxNorm terminology reference / synthetic mapping,0.94,Normalized,Amoxcillin 500 mg,Synthetic test record. Prescription remains the source of truth; normalization does not authorize medication use.
MED001767,Doxycyline,Doxycycline,Doxycycline,Doxycycline 100 mg Capsule,Doxycycline; Doxycycline,Capsule,100 mg,Oral,3640,Antibiotic,RxNorm terminology reference / synthetic mapping,0.93,Normalized,Doxycyline 100 mg,Synthetic test record. Prescription remains the source of truth; normalization does not authorize medication use.
MED001768,Warfarn,Warfarin,Warfarin,Warfarin 5 mg Tablet,Warfarin; Warfarin,Tablet,5 mg,Oral,855333,Anticoagulant,RxNorm terminology reference / synthetic mapping,0.92,Normalized,Warfarn 5 mg,Synthetic test record. Prescription remains the source of truth; normalization does not authorize medication use.
MED001769,Clopidgrel,Clopidogrel,Clopidogrel,Clopidogrel 75 mg Tablet,Clopidogrel; Clopidogrel,Tablet,75 mg,Oral,309362,Antiplatelet,RxNorm terminology reference / synthetic mapping,0.97,Normalized,Clopidgrel 75 mg,Synthetic test record. Prescription remains the source of truth; normalization does not authorize medication use.
MED001770,Paraceta mol,Paracetamol,Acetaminophen,Acetaminophen 500 mg Tablet,Paracetamol; Acetaminophen,Tablet,500 mg,Oral,161,Analgesic / Antipyretic,RxNorm terminology reference / synthetic mapping,0.96,Normalized,Paraceta mol 500 mg,Synthetic test record. Prescription remains the source of truth; normalization does not authorize medication use.
MED001771,Cetirizine,Cetirizine,Cetirizine,Cetirizine 10 mg Tablet,Cetirizine; Cetirizine,Tablet,10 mg,Oral,1014676,Antihistamine,RxNorm terminology reference / synthetic mapping,0.96,Already normalized,Cetirizine 10 mg,Synthetic test record. Prescription remains the source of truth; normalization does not authorize medication use.
MED001772,Domperidone,Domperidone,Domperidone,Domperidone 10 mg Tablet,Domperidone; Domperidone,Tablet,10 mg,Oral,897626,Gastroprokinetic,RxNorm terminology reference / synthetic mapping,0.92,Already normalized,Domperidone 10 mg,Synthetic test record. Prescription remains the source of truth; normalization does not authorize medication use.
MED001773,Azitromycin,Azithromycin,Azithromycin,Azithromycin 500 mg Tablet,Azithromycin; Azithromycin,Tablet,500 mg,Oral,18631,Antibiotic,RxNorm terminology reference / synthetic mapping,0.92,Normalized,Azitromycin 500 mg,Synthetic test record. Prescription remains the source of truth; normalization does not authorize medication use.
MED001774,Metoprololl,Metoprolol,Metoprolol,Metoprolol 25 mg Tablet,Metoprolol; Metoprolol,Tablet,25 mg,Oral,866924,Beta blocker,RxNorm terminology reference / synthetic mapping,0.94,Normalized,Metoprololl 25 mg,Synthetic test record. Prescription remains the source of truth; normalization does not authorize medication use.
MED001775,Montelukast,Montelukast,Montelukast,Montelukast 10 mg Tablet,Montelukast; Montelukast,Tablet,10 mg,Oral,1018502,Leukotriene receptor antagonist,RxNorm terminology reference / synthetic mapping,0.91,Already normalized,Montelukast 10 mg,Synthetic test record. Prescription remains the source of truth; normalization does not authorize medication use.
MED001776,Clopidogrel,Clopidogrel,Clopidogrel,Clopidogrel 75 mg Tablet,Clopidogrel; Clopidogrel,Tablet,75 mg,Oral,309362,Antiplatelet,RxNorm terminology reference / synthetic mapping,0.91,Already normalized,Clopidogrel 75 mg,Synthetic test record. Prescription remains the source of truth; normalization does not authorize medication use.
MED001777,Aspirine,Aspirin,Acetylsalicylic Acid,Acetylsalicylic Acid 75 mg Tablet,Aspirin; Acetylsalicylic Acid,Tablet,75 mg,Oral,1191,Antiplatelet,RxNorm terminology reference / synthetic mapping,0.9,Normalized,Aspirine 75 mg,Synthetic test record. Prescription remains the source of truth; normalization does not authorize medication use.
MED001778,Omeprazloe,Omeprazole,Omeprazole,Omeprazole 20 mg Capsule,Omeprazole; Omeprazole,Capsule,20 mg,Oral,647640,Proton pump inhibitor,RxNorm terminology reference / synthetic mapping,0.91,Normalized,Omeprazloe 20 mg,Synthetic test record. Prescription remains the source of truth; normalization does not authorize medication use.
MED001779,Clopidgrel,Clopidogrel,Clopidogrel,Clopidogrel 75 mg Tablet,Clopidogrel; Clopidogrel,Tablet,75 mg,Oral,309362,Antiplatelet,RxNorm terminology reference / synthetic mapping,0.95,Normalized,Clopidgrel 75 mg,Synthetic test record. Prescription remains the source of truth; normalization does not authorize medication use.
MED001780,Losartan,Losartan,Losartan,Losartan 50 mg Tablet,Losartan; Losartan,Tablet,50 mg,Oral,979118,Antihypertensive,RxNorm terminology reference / synthetic mapping,0.99,Already normalized,Losartan 50 mg,Synthetic test record. Prescription remains the source of truth; normalization does not authorize medication use.
MED001781,Metoprol,Metoprolol,Metoprolol,Metoprolol 25 mg Tablet,Metoprolol; Metoprolol,Tablet,25 mg,Oral,866924,Beta blocker,RxNorm terminology reference / synthetic mapping,0.95,Normalized,Metoprol 25 mg,Synthetic test record. Prescription remains the source of truth; normalization does not authorize medication use.
MED001782,Salbutamol,Salbutamol,Salbutamol,Salbutamol 100 mcg/dose Inhaler,Salbutamol; Salbutamol,Inhaler,100 mcg/dose,Inhalation,745678,Bronchodilator,RxNorm terminology reference / synthetic mapping,0.94,Already normalized,Salbutamol 100 mcg/dose,Synthetic test record. Prescription remains the source of truth; normalization does not authorize medication use.
MED001783,Amoxillin,Amoxicillin,Amoxicillin,Amoxicillin 500 mg Capsule,Amoxicillin; Amoxicillin,Capsule,500 mg,Oral,723,Antibiotic,RxNorm terminology reference / synthetic mapping,0.93,Normalized,Amoxillin 500 mg,Synthetic test record. Prescription remains the source of truth; normalization does not authorize medication use.
MED001784,Losartan,Losartan,Losartan,Losartan 50 mg Tablet,Losartan; Losartan,Tablet,50 mg,Oral,979118,Antihypertensive,RxNorm terminology reference / synthetic mapping,0.9,Already normalized,Losartan 50 mg,Synthetic test record. Prescription remains the source of truth; normalization does not authorize medication use.
MED001785,Levothyroxin,Levothyroxine,Levothyroxine,Levothyroxine 50 mcg Tablet,Levothyroxine; Levothyroxine,Tablet,50 mcg,Oral,966220,Thyroid hormone,RxNorm terminology reference / synthetic mapping,0.91,Normalized,Levothyroxin 50 mcg,Synthetic test record. Prescription remains the source of truth; normalization does not authorize medication use.
MED001786,Losartan,Losartan,Losartan,Losartan 50 mg Tablet,Losartan; Losartan,Tablet,50 mg,Oral,979118,Antihypertensive,RxNorm terminology reference / synthetic mapping,0.99,Already normalized,Losartan 50 mg,Synthetic test record. Prescription remains the source of truth; normalization does not authorize medication use.
MED001787,Atorvastin,Atorvastatin,Atorvastatin,Atorvastatin 20 mg Tablet,Atorvastatin; Atorvastatin,Tablet,20 mg,Oral,617314,Lipid-lowering agent,RxNorm terminology reference / synthetic mapping,0.91,Normalized,Atorvastin 20 mg,Synthetic test record. Prescription remains the source of truth; normalization does not authorize medication use.
MED001788,Azithromycin,Azithromycin,Azithromycin,Azithromycin 500 mg Tablet,Azithromycin; Azithromycin,Tablet,500 mg,Oral,18631,Antibiotic,RxNorm terminology reference / synthetic mapping,0.99,Already normalized,Azithromycin 500 mg,Synthetic test record. Prescription remains the source of truth; normalization does not authorize medication use.
MED001789,Ondansetron,Ondansetron,Ondansetron,Ondansetron 4 mg Tablet,Ondansetron; Ondansetron,Tablet,4 mg,Oral,312157,Antiemetic,RxNorm terminology reference / synthetic mapping,0.95,Already normalized,Ondansetron 4 mg,Synthetic test record. Prescription remains the source of truth; normalization does not authorize medication use.
MED001790,Furosemid,Furosemide,Furosemide,Furosemide 40 mg Tablet,Furosemide; Furosemide,Tablet,40 mg,Oral,310429,Diuretic,RxNorm terminology reference / synthetic mapping,0.96,Normalized,Furosemid 40 mg,Synthetic test record. Prescription remains the source of truth; normalization does not authorize medication use.
MED001791,Azithromycine,Azithromycin,Azithromycin,Azithromycin 500 mg Tablet,Azithromycin; Azithromycin,Tablet,500 mg,Oral,18631,Antibiotic,RxNorm terminology reference / synthetic mapping,0.97,Normalized,Azithromycine 500 mg,Synthetic test record. Prescription remains the source of truth; normalization does not authorize medication use.
MED001792,Doxycycline,Doxycycline,Doxycycline,Doxycycline 100 mg Capsule,Doxycycline; Doxycycline,Capsule,100 mg,Oral,3640,Antibiotic,RxNorm terminology reference / synthetic mapping,0.9,Already normalized,Doxycycline 100 mg,Synthetic test record. Prescription remains the source of truth; normalization does not authorize medication use.
MED001793,Ibuprophen,Ibuprofen,Ibuprofen,Ibuprofen 400 mg Tablet,Ibuprofen; Ibuprofen,Tablet,400 mg,Oral,310965,NSAID,RxNorm terminology reference / synthetic mapping,0.95,Normalized,Ibuprophen 400 mg,Synthetic test record. Prescription remains the source of truth; normalization does not authorize medication use.
MED001794,Amoxcillin,Amoxicillin,Amoxicillin,Amoxicillin 500 mg Capsule,Amoxicillin; Amoxicillin,Capsule,500 mg,Oral,723,Antibiotic,RxNorm terminology reference / synthetic mapping,0.95,Normalized,Amoxcillin 500 mg,Synthetic test record. Prescription remains the source of truth; normalization does not authorize medication use.
MED001795,Doxycyclin,Doxycycline,Doxycycline,Doxycycline 100 mg Capsule,Doxycycline; Doxycycline,Capsule,100 mg,Oral,3640,Antibiotic,RxNorm terminology reference / synthetic mapping,0.95,Normalized,Doxycyclin 100 mg,Synthetic test record. Prescription remains the source of truth; normalization does not authorize medication use.
MED001796,Levothyroxin,Levothyroxine,Levothyroxine,Levothyroxine 50 mcg Tablet,Levothyroxine; Levothyroxine,Tablet,50 mcg,Oral,966220,Thyroid hormone,RxNorm terminology reference / synthetic mapping,0.98,Normalized,Levothyroxin 50 mcg,Synthetic test record. Prescription remains the source of truth; normalization does not authorize medication use.
MED001797,Azithrocin,Azithromycin,Azithromycin,Azithromycin 500 mg Tablet,Azithromycin; Azithromycin,Tablet,500 mg,Oral,18631,Antibiotic,RxNorm terminology reference / synthetic mapping,0.9,Normalized,Azithrocin 500 mg,Synthetic test record. Prescription remains the source of truth; normalization does not authorize medication use.
MED001798,Metoprolol,Metoprolol,Metoprolol,Metoprolol 25 mg Tablet,Metoprolol; Metoprolol,Tablet,25 mg,Oral,866924,Beta blocker,RxNorm terminology reference / synthetic mapping,0.96,Already normalized,Metoprolol 25 mg,Synthetic test record. Prescription remains the source of truth; normalization does not authorize medication use.
MED001799,Ondansetron,Ondansetron,Ondansetron,Ondansetron 4 mg Tablet,Ondansetron; Ondansetron,Tablet,4 mg,Oral,312157,Antiemetic,RxNorm terminology reference / synthetic mapping,0.96,Already normalized,Ondansetron 4 mg,Synthetic test record. Prescription remains the source of truth; normalization does not authorize medication use.
MED001800,Atorvastatin,Atorvastatin,Atorvastatin,Atorvastatin 20 mg Tablet,Atorvastatin; Atorvastatin,Tablet,20 mg,Oral,617314,Lipid-lowering agent,RxNorm terminology reference / synthetic mapping,0.97,Already normalized,Atorvastatin 20 mg,Synthetic test record. Prescription remains the source of truth; normalization does not authorize medication use.
MED001801,Salbutemol,Salbutamol,Salbutamol,Salbutamol 100 mcg/dose Inhaler,Salbutamol; Salbutamol,Inhaler,100 mcg/dose,Inhalation,745678,Bronchodilator,RxNorm terminology reference / synthetic mapping,0.94,Normalized,Salbutemol 100 mcg/dose,Synthetic test record. Prescription remains the source of truth; normalization does not authorize medication use.
MED001802,Telmisartan,Telmisartan,Telmisartan,Telmisartan 40 mg Tablet,Telmisartan; Telmisartan,Tablet,40 mg,Oral,309410,Antihypertensive,RxNorm terminology reference / synthetic mapping,0.92,Already normalized,Telmisartan 40 mg,Synthetic test record. Prescription remains the source of truth; normalization does not authorize medication use.
MED001803,Telmisartan,Telmisartan,Telmisartan,Telmisartan 40 mg Tablet,Telmisartan; Telmisartan,Tablet,40 mg,Oral,309410,Antihypertensive,RxNorm terminology reference / synthetic mapping,0.98,Already normalized,Telmisartan 40 mg,Synthetic test record. Prescription remains the source of truth; normalization does not authorize medication use.
MED001804,Clopidogrel,Clopidogrel,Clopidogrel,Clopidogrel 75 mg Tablet,Clopidogrel; Clopidogrel,Tablet,75 mg,Oral,309362,Antiplatelet,RxNorm terminology reference / synthetic mapping,0.94,Already normalized,Clopidogrel 75 mg,Synthetic test record. Prescription remains the source of truth; normalization does not authorize medication use.
MED001805,Budesonide,Budesonide,Budesonide,Budesonide 200 mcg/dose Inhaler,Budesonide; Budesonide,Inhaler,200 mcg/dose,Inhalation,745678,Corticosteroid,RxNorm terminology reference / synthetic mapping,0.96,Already normalized,Budesonide 200 mcg/dose,Synthetic test record. Prescription remains the source of truth; normalization does not authorize medication use.
MED001806,Ciprofloxacin,Ciprofloxacin,Ciprofloxacin,Ciprofloxacin 500 mg Tablet,Ciprofloxacin; Ciprofloxacin,Tablet,500 mg,Oral,2551,Antibiotic,RxNorm terminology reference / synthetic mapping,0.97,Already normalized,Ciprofloxacin 500 mg,Synthetic test record. Prescription remains the source of truth; normalization does not authorize medication use.
MED001807,Aspirin,Aspirin,Acetylsalicylic Acid,Acetylsalicylic Acid 75 mg Tablet,Aspirin; Acetylsalicylic Acid,Tablet,75 mg,Oral,1191,Antiplatelet,RxNorm terminology reference / synthetic mapping,0.98,Already normalized,Aspirin 75 mg,Synthetic test record. Prescription remains the source of truth; normalization does not authorize medication use.
MED001808,Diclofenac,Diclofenac,Diclofenac,Diclofenac 50 mg Tablet,Diclofenac; Diclofenac,Tablet,50 mg,Oral,308135,NSAID,RxNorm terminology reference / synthetic mapping,0.9,Already normalized,Diclofenac 50 mg,Synthetic test record. Prescription remains the source of truth; normalization does not authorize medication use.
MED001809,Montelukast,Montelukast,Montelukast,Montelukast 10 mg Tablet,Montelukast; Montelukast,Tablet,10 mg,Oral,1018502,Leukotriene receptor antagonist,RxNorm terminology reference / synthetic mapping,0.91,Already normalized,Montelukast 10 mg,Synthetic test record. Prescription remains the source of truth; normalization does not authorize medication use.
MED001810,Prednisolne,Prednisolone,Prednisolone,Prednisolone 10 mg Tablet,Prednisolone; Prednisolone,Tablet,10 mg,Oral,1168002,Corticosteroid,RxNorm terminology reference / synthetic mapping,0.91,Normalized,Prednisolne 10 mg,Synthetic test record. Prescription remains the source of truth; normalization does not authorize medication use.
MED001811,Doxycycline,Doxycycline,Doxycycline,Doxycycline 100 mg Capsule,Doxycycline; Doxycycline,Capsule,100 mg,Oral,3640,Antibiotic,RxNorm terminology reference / synthetic mapping,0.93,Already normalized,Doxycycline 100 mg,Synthetic test record. Prescription remains the source of truth; normalization does not authorize medication use.
MED001812,Omerpazole,Omeprazole,Omeprazole,Omeprazole 20 mg Capsule,Omeprazole; Omeprazole,Capsule,20 mg,Oral,647640,Proton pump inhibitor,RxNorm terminology reference / synthetic mapping,0.92,Normalized,Omerpazole 20 mg,Synthetic test record. Prescription remains the source of truth; normalization does not authorize medication use.
MED001813,Ondansetrone,Ondansetron,Ondansetron,Ondansetron 4 mg Tablet,Ondansetron; Ondansetron,Tablet,4 mg,Oral,312157,Antiemetic,RxNorm terminology reference / synthetic mapping,0.93,Normalized,Ondansetrone 4 mg,Synthetic test record. Prescription remains the source of truth; normalization does not authorize medication use.
MED001814,Insulin Glargine,Insulin Glargine,Insulin Glargine,Insulin Glargine 100 units/mL Injection,Insulin Glargine; Insulin Glargine,Injection,100 units/mL,Subcutaneous,261551,Insulin,RxNorm terminology reference / synthetic mapping,0.91,Already normalized,Insulin Glargine 100 units/mL,Synthetic test record. Prescription remains the source of truth; normalization does not authorize medication use.
MED001815,InsulinGlar gine,Insulin Glargine,Insulin Glargine,Insulin Glargine 100 units/mL Injection,Insulin Glargine; Insulin Glargine,Injection,100 units/mL,Subcutaneous,261551,Insulin,RxNorm terminology reference / synthetic mapping,0.93,Normalized,InsulinGlar gine 100 units/mL,Synthetic test record. Prescription remains the source of truth; normalization does not authorize medication use.
MED001816,Ibuprophen,Ibuprofen,Ibuprofen,Ibuprofen 400 mg Tablet,Ibuprofen; Ibuprofen,Tablet,400 mg,Oral,310965,NSAID,RxNorm terminology reference / synthetic mapping,0.95,Normalized,Ibuprophen 400 mg,Synthetic test record. Prescription remains the source of truth; normalization does not authorize medication use.
MED001817,Doxycicline,Doxycycline,Doxycycline,Doxycycline 100 mg Capsule,Doxycycline; Doxycycline,Capsule,100 mg,Oral,3640,Antibiotic,RxNorm terminology reference / synthetic mapping,0.94,Normalized,Doxycicline 100 mg,Synthetic test record. Prescription remains the source of truth; normalization does not authorize medication use.
MED001818,Paraceta mol,Paracetamol,Acetaminophen,Acetaminophen 500 mg Tablet,Paracetamol; Acetaminophen,Tablet,500 mg,Oral,161,Analgesic / Antipyretic,RxNorm terminology reference / synthetic mapping,0.96,Normalized,Paraceta mol 500 mg,Synthetic test record. Prescription remains the source of truth; normalization does not authorize medication use.
MED001819,Cetirizinee,Cetirizine,Cetirizine,Cetirizine 10 mg Tablet,Cetirizine; Cetirizine,Tablet,10 mg,Oral,1014676,Antihistamine,RxNorm terminology reference / synthetic mapping,0.98,Normalized,Cetirizinee 10 mg,Synthetic test record. Prescription remains the source of truth; normalization does not authorize medication use.
MED001820,Budesonied,Budesonide,Budesonide,Budesonide 200 mcg/dose Inhaler,Budesonide; Budesonide,Inhaler,200 mcg/dose,Inhalation,745678,Corticosteroid,RxNorm terminology reference / synthetic mapping,0.94,Normalized,Budesonied 200 mcg/dose,Synthetic test record. Prescription remains the source of truth; normalization does not authorize medication use.
MED001821,Budesonide,Budesonide,Budesonide,Budesonide 200 mcg/dose Inhaler,Budesonide; Budesonide,Inhaler,200 mcg/dose,Inhalation,745678,Corticosteroid,RxNorm terminology reference / synthetic mapping,0.92,Already normalized,Budesonide 200 mcg/dose,Synthetic test record. Prescription remains the source of truth; normalization does not authorize medication use.
MED001822,Cetirizne,Cetirizine,Cetirizine,Cetirizine 10 mg Tablet,Cetirizine; Cetirizine,Tablet,10 mg,Oral,1014676,Antihistamine,RxNorm terminology reference / synthetic mapping,0.94,Normalized,Cetirizne 10 mg,Synthetic test record. Prescription remains the source of truth; normalization does not authorize medication use.
MED001823,Pantoprazole,Pantoprazole,Pantoprazole,Pantoprazole 40 mg Tablet,Pantoprazole; Pantoprazole,Tablet,40 mg,Oral,861667,Proton pump inhibitor,RxNorm terminology reference / synthetic mapping,0.96,Already normalized,Pantoprazole 40 mg,Synthetic test record. Prescription remains the source of truth; normalization does not authorize medication use.
MED001824,Glimepiride,Glimepiride,Glimepiride,Glimepiride 2 mg Tablet,Glimepiride; Glimepiride,Tablet,2 mg,Oral,861713,Antidiabetic,RxNorm terminology reference / synthetic mapping,0.99,Already normalized,Glimepiride 2 mg,Synthetic test record. Prescription remains the source of truth; normalization does not authorize medication use.
MED001825,Aspirine,Aspirin,Acetylsalicylic Acid,Acetylsalicylic Acid 75 mg Tablet,Aspirin; Acetylsalicylic Acid,Tablet,75 mg,Oral,1191,Antiplatelet,RxNorm terminology reference / synthetic mapping,0.94,Normalized,Aspirine 75 mg,Synthetic test record. Prescription remains the source of truth; normalization does not authorize medication use.
MED001826,Amlodipinee,Amlodipine,Amlodipine,Amlodipine 5 mg Tablet,Amlodipine; Amlodipine,Tablet,5 mg,Oral,308135,Antihypertensive,RxNorm terminology reference / synthetic mapping,0.99,Normalized,Amlodipinee 5 mg,Synthetic test record. Prescription remains the source of truth; normalization does not authorize medication use.
MED001827,Warfarin,Warfarin,Warfarin,Warfarin 5 mg Tablet,Warfarin; Warfarin,Tablet,5 mg,Oral,855333,Anticoagulant,RxNorm terminology reference / synthetic mapping,0.92,Already normalized,Warfarin 5 mg,Synthetic test record. Prescription remains the source of truth; normalization does not authorize medication use.
MED001828,Pantoprazol,Pantoprazole,Pantoprazole,Pantoprazole 40 mg Tablet,Pantoprazole; Pantoprazole,Tablet,40 mg,Oral,861667,Proton pump inhibitor,RxNorm terminology reference / synthetic mapping,0.96,Normalized,Pantoprazol 40 mg,Synthetic test record. Prescription remains the source of truth; normalization does not authorize medication use.
MED001829,Glimepride,Glimepiride,Glimepiride,Glimepiride 2 mg Tablet,Glimepiride; Glimepiride,Tablet,2 mg,Oral,861713,Antidiabetic,RxNorm terminology reference / synthetic mapping,0.92,Normalized,Glimepride 2 mg,Synthetic test record. Prescription remains the source of truth; normalization does not authorize medication use.
MED001830,Aspirine,Aspirin,Acetylsalicylic Acid,Acetylsalicylic Acid 75 mg Tablet,Aspirin; Acetylsalicylic Acid,Tablet,75 mg,Oral,1191,Antiplatelet,RxNorm terminology reference / synthetic mapping,0.91,Normalized,Aspirine 75 mg,Synthetic test record. Prescription remains the source of truth; normalization does not authorize medication use.
MED001831,Metoprololl,Metoprolol,Metoprolol,Metoprolol 25 mg Tablet,Metoprolol; Metoprolol,Tablet,25 mg,Oral,866924,Beta blocker,RxNorm terminology reference / synthetic mapping,0.97,Normalized,Metoprololl 25 mg,Synthetic test record. Prescription remains the source of truth; normalization does not authorize medication use.
MED001832,Pantoprazol,Pantoprazole,Pantoprazole,Pantoprazole 40 mg Tablet,Pantoprazole; Pantoprazole,Tablet,40 mg,Oral,861667,Proton pump inhibitor,RxNorm terminology reference / synthetic mapping,0.96,Normalized,Pantoprazol 40 mg,Synthetic test record. Prescription remains the source of truth; normalization does not authorize medication use.
MED001833,Atorvastin,Atorvastatin,Atorvastatin,Atorvastatin 20 mg Tablet,Atorvastatin; Atorvastatin,Tablet,20 mg,Oral,617314,Lipid-lowering agent,RxNorm terminology reference / synthetic mapping,0.97,Normalized,Atorvastin 20 mg,Synthetic test record. Prescription remains the source of truth; normalization does not authorize medication use.
MED001834,Paracetemol,Paracetamol,Acetaminophen,Acetaminophen 500 mg Tablet,Paracetamol; Acetaminophen,Tablet,500 mg,Oral,161,Analgesic / Antipyretic,RxNorm terminology reference / synthetic mapping,0.98,Normalized,Paracetemol 500 mg,Synthetic test record. Prescription remains the source of truth; normalization does not authorize medication use.
MED001835,Doxycicline,Doxycycline,Doxycycline,Doxycycline 100 mg Capsule,Doxycycline; Doxycycline,Capsule,100 mg,Oral,3640,Antibiotic,RxNorm terminology reference / synthetic mapping,0.97,Normalized,Doxycicline 100 mg,Synthetic test record. Prescription remains the source of truth; normalization does not authorize medication use.
MED001836,Diclofinac,Diclofenac,Diclofenac,Diclofenac 50 mg Tablet,Diclofenac; Diclofenac,Tablet,50 mg,Oral,308135,NSAID,RxNorm terminology reference / synthetic mapping,0.97,Normalized,Diclofinac 50 mg,Synthetic test record. Prescription remains the source of truth; normalization does not authorize medication use.
MED001837,Metformn,Metformin,Metformin,Metformin 500 mg Tablet,Metformin; Metformin,Tablet,500 mg,Oral,860975,Antidiabetic,RxNorm terminology reference / synthetic mapping,0.94,Normalized,Metformn 500 mg,Synthetic test record. Prescription remains the source of truth; normalization does not authorize medication use.
MED001838,Domperidone,Domperidone,Domperidone,Domperidone 10 mg Tablet,Domperidone; Domperidone,Tablet,10 mg,Oral,897626,Gastroprokinetic,RxNorm terminology reference / synthetic mapping,0.9,Already normalized,Domperidone 10 mg,Synthetic test record. Prescription remains the source of truth; normalization does not authorize medication use.
MED001839,Atorvastatin,Atorvastatin,Atorvastatin,Atorvastatin 20 mg Tablet,Atorvastatin; Atorvastatin,Tablet,20 mg,Oral,617314,Lipid-lowering agent,RxNorm terminology reference / synthetic mapping,0.93,Already normalized,Atorvastatin 20 mg,Synthetic test record. Prescription remains the source of truth; normalization does not authorize medication use.
MED001840,Famotidine,Famotidine,Famotidine,Famotidine 20 mg Tablet,Famotidine; Famotidine,Tablet,20 mg,Oral,966770,H2 receptor antagonist,RxNorm terminology reference / synthetic mapping,0.97,Already normalized,Famotidine 20 mg,Synthetic test record. Prescription remains the source of truth; normalization does not authorize medication use.
MED001841,Losartan,Losartan,Losartan,Losartan 50 mg Tablet,Losartan; Losartan,Tablet,50 mg,Oral,979118,Antihypertensive,RxNorm terminology reference / synthetic mapping,0.93,Already normalized,Losartan 50 mg,Synthetic test record. Prescription remains the source of truth; normalization does not authorize medication use.
MED001842,Losartam,Losartan,Losartan,Losartan 50 mg Tablet,Losartan; Losartan,Tablet,50 mg,Oral,979118,Antihypertensive,RxNorm terminology reference / synthetic mapping,0.95,Normalized,Losartam 50 mg,Synthetic test record. Prescription remains the source of truth; normalization does not authorize medication use.
MED001843,Amlodipine,Amlodipine,Amlodipine,Amlodipine 5 mg Tablet,Amlodipine; Amlodipine,Tablet,5 mg,Oral,308135,Antihypertensive,RxNorm terminology reference / synthetic mapping,0.95,Already normalized,Amlodipine 5 mg,Synthetic test record. Prescription remains the source of truth; normalization does not authorize medication use.
MED001844,Losartn,Losartan,Losartan,Losartan 50 mg Tablet,Losartan; Losartan,Tablet,50 mg,Oral,979118,Antihypertensive,RxNorm terminology reference / synthetic mapping,0.96,Normalized,Losartn 50 mg,Synthetic test record. Prescription remains the source of truth; normalization does not authorize medication use.
MED001845,Pantoprazol,Pantoprazole,Pantoprazole,Pantoprazole 40 mg Tablet,Pantoprazole; Pantoprazole,Tablet,40 mg,Oral,861667,Proton pump inhibitor,RxNorm terminology reference / synthetic mapping,0.92,Normalized,Pantoprazol 40 mg,Synthetic test record. Prescription remains the source of truth; normalization does not authorize medication use.
MED001846,Budesonide,Budesonide,Budesonide,Budesonide 200 mcg/dose Inhaler,Budesonide; Budesonide,Inhaler,200 mcg/dose,Inhalation,745678,Corticosteroid,RxNorm terminology reference / synthetic mapping,0.96,Already normalized,Budesonide 200 mcg/dose,Synthetic test record. Prescription remains the source of truth; normalization does not authorize medication use.
MED001847,Azitromycin,Azithromycin,Azithromycin,Azithromycin 500 mg Tablet,Azithromycin; Azithromycin,Tablet,500 mg,Oral,18631,Antibiotic,RxNorm terminology reference / synthetic mapping,0.94,Normalized,Azitromycin 500 mg,Synthetic test record. Prescription remains the source of truth; normalization does not authorize medication use.
MED001848,Budesonied,Budesonide,Budesonide,Budesonide 200 mcg/dose Inhaler,Budesonide; Budesonide,Inhaler,200 mcg/dose,Inhalation,745678,Corticosteroid,RxNorm terminology reference / synthetic mapping,0.96,Normalized,Budesonied 200 mcg/dose,Synthetic test record. Prescription remains the source of truth; normalization does not authorize medication use.
MED001849,Glimepride,Glimepiride,Glimepiride,Glimepiride 2 mg Tablet,Glimepiride; Glimepiride,Tablet,2 mg,Oral,861713,Antidiabetic,RxNorm terminology reference / synthetic mapping,0.95,Normalized,Glimepride 2 mg,Synthetic test record. Prescription remains the source of truth; normalization does not authorize medication use.
MED001850,Domperidone,Domperidone,Domperidone,Domperidone 10 mg Tablet,Domperidone; Domperidone,Tablet,10 mg,Oral,897626,Gastroprokinetic,RxNorm terminology reference / synthetic mapping,0.94,Already normalized,Domperidone 10 mg,Synthetic test record. Prescription remains the source of truth; normalization does not authorize medication use.
MED001851,Azithromycine,Azithromycin,Azithromycin,Azithromycin 500 mg Tablet,Azithromycin; Azithromycin,Tablet,500 mg,Oral,18631,Antibiotic,RxNorm terminology reference / synthetic mapping,0.99,Normalized,Azithromycine 500 mg,Synthetic test record. Prescription remains the source of truth; normalization does not authorize medication use.
MED001852,Ciprofloxin,Ciprofloxacin,Ciprofloxacin,Ciprofloxacin 500 mg Tablet,Ciprofloxacin; Ciprofloxacin,Tablet,500 mg,Oral,2551,Antibiotic,RxNorm terminology reference / synthetic mapping,0.95,Normalized,Ciprofloxin 500 mg,Synthetic test record. Prescription remains the source of truth; normalization does not authorize medication use.
MED001853,Montelukst,Montelukast,Montelukast,Montelukast 10 mg Tablet,Montelukast; Montelukast,Tablet,10 mg,Oral,1018502,Leukotriene receptor antagonist,RxNorm terminology reference / synthetic mapping,0.91,Normalized,Montelukst 10 mg,Synthetic test record. Prescription remains the source of truth; normalization does not authorize medication use.
MED001854,Doxycycline,Doxycycline,Doxycycline,Doxycycline 100 mg Capsule,Doxycycline; Doxycycline,Capsule,100 mg,Oral,3640,Antibiotic,RxNorm terminology reference / synthetic mapping,0.96,Already normalized,Doxycycline 100 mg,Synthetic test record. Prescription remains the source of truth; normalization does not authorize medication use.
MED001855,Paraceta mol,Paracetamol,Acetaminophen,Acetaminophen 500 mg Tablet,Paracetamol; Acetaminophen,Tablet,500 mg,Oral,161,Analgesic / Antipyretic,RxNorm terminology reference / synthetic mapping,0.95,Normalized,Paraceta mol 500 mg,Synthetic test record. Prescription remains the source of truth; normalization does not authorize medication use.
MED001856,Losartam,Losartan,Losartan,Losartan 50 mg Tablet,Losartan; Losartan,Tablet,50 mg,Oral,979118,Antihypertensive,RxNorm terminology reference / synthetic mapping,0.97,Normalized,Losartam 50 mg,Synthetic test record. Prescription remains the source of truth; normalization does not authorize medication use.
MED001857,Clopidogrel,Clopidogrel,Clopidogrel,Clopidogrel 75 mg Tablet,Clopidogrel; Clopidogrel,Tablet,75 mg,Oral,309362,Antiplatelet,RxNorm terminology reference / synthetic mapping,0.97,Already normalized,Clopidogrel 75 mg,Synthetic test record. Prescription remains the source of truth; normalization does not authorize medication use.
MED001858,Metoprol,Metoprolol,Metoprolol,Metoprolol 25 mg Tablet,Metoprolol; Metoprolol,Tablet,25 mg,Oral,866924,Beta blocker,RxNorm terminology reference / synthetic mapping,0.91,Normalized,Metoprol 25 mg,Synthetic test record. Prescription remains the source of truth; normalization does not authorize medication use.
MED001859,Prednisolone,Prednisolone,Prednisolone,Prednisolone 10 mg Tablet,Prednisolone; Prednisolone,Tablet,10 mg,Oral,1168002,Corticosteroid,RxNorm terminology reference / synthetic mapping,0.92,Already normalized,Prednisolone 10 mg,Synthetic test record. Prescription remains the source of truth; normalization does not authorize medication use.
MED001860,Domperidn,Domperidone,Domperidone,Domperidone 10 mg Tablet,Domperidone; Domperidone,Tablet,10 mg,Oral,897626,Gastroprokinetic,RxNorm terminology reference / synthetic mapping,0.94,Normalized,Domperidn 10 mg,Synthetic test record. Prescription remains the source of truth; normalization does not authorize medication use.
MED001861,Telmisartan,Telmisartan,Telmisartan,Telmisartan 40 mg Tablet,Telmisartan; Telmisartan,Tablet,40 mg,Oral,309410,Antihypertensive,RxNorm terminology reference / synthetic mapping,0.91,Already normalized,Telmisartan 40 mg,Synthetic test record. Prescription remains the source of truth; normalization does not authorize medication use.
MED001862,Paracetamoll,Paracetamol,Acetaminophen,Acetaminophen 500 mg Tablet,Paracetamol; Acetaminophen,Tablet,500 mg,Oral,161,Analgesic / Antipyretic,RxNorm terminology reference / synthetic mapping,0.99,Normalized,Paracetamoll 500 mg,Synthetic test record. Prescription remains the source of truth; normalization does not authorize medication use.
MED001863,Metoprololl,Metoprolol,Metoprolol,Metoprolol 25 mg Tablet,Metoprolol; Metoprolol,Tablet,25 mg,Oral,866924,Beta blocker,RxNorm terminology reference / synthetic mapping,0.93,Normalized,Metoprololl 25 mg,Synthetic test record. Prescription remains the source of truth; normalization does not authorize medication use.
MED001864,Paracetmol,Paracetamol,Acetaminophen,Acetaminophen 500 mg Tablet,Paracetamol; Acetaminophen,Tablet,500 mg,Oral,161,Analgesic / Antipyretic,RxNorm terminology reference / synthetic mapping,0.95,Normalized,Paracetmol 500 mg,Synthetic test record. Prescription remains the source of truth; normalization does not authorize medication use.
MED001865,Clopidgrel,Clopidogrel,Clopidogrel,Clopidogrel 75 mg Tablet,Clopidogrel; Clopidogrel,Tablet,75 mg,Oral,309362,Antiplatelet,RxNorm terminology reference / synthetic mapping,0.91,Normalized,Clopidgrel 75 mg,Synthetic test record. Prescription remains the source of truth; normalization does not authorize medication use.
MED001866,Aspirin,Aspirin,Acetylsalicylic Acid,Acetylsalicylic Acid 75 mg Tablet,Aspirin; Acetylsalicylic Acid,Tablet,75 mg,Oral,1191,Antiplatelet,RxNorm terminology reference / synthetic mapping,0.9,Already normalized,Aspirin 75 mg,Synthetic test record. Prescription remains the source of truth; normalization does not authorize medication use.
MED001867,Telmisartan,Telmisartan,Telmisartan,Telmisartan 40 mg Tablet,Telmisartan; Telmisartan,Tablet,40 mg,Oral,309410,Antihypertensive,RxNorm terminology reference / synthetic mapping,0.93,Already normalized,Telmisartan 40 mg,Synthetic test record. Prescription remains the source of truth; normalization does not authorize medication use.
MED001868,Doxycicline,Doxycycline,Doxycycline,Doxycycline 100 mg Capsule,Doxycycline; Doxycycline,Capsule,100 mg,Oral,3640,Antibiotic,RxNorm terminology reference / synthetic mapping,0.94,Normalized,Doxycicline 100 mg,Synthetic test record. Prescription remains the source of truth; normalization does not authorize medication use.
MED001869,Paraceta mol,Paracetamol,Acetaminophen,Acetaminophen 500 mg Tablet,Paracetamol; Acetaminophen,Tablet,500 mg,Oral,161,Analgesic / Antipyretic,RxNorm terminology reference / synthetic mapping,0.98,Normalized,Paraceta mol 500 mg,Synthetic test record. Prescription remains the source of truth; normalization does not authorize medication use.
MED001870,Ibuprofin,Ibuprofen,Ibuprofen,Ibuprofen 400 mg Tablet,Ibuprofen; Ibuprofen,Tablet,400 mg,Oral,310965,NSAID,RxNorm terminology reference / synthetic mapping,0.98,Normalized,Ibuprofin 400 mg,Synthetic test record. Prescription remains the source of truth; normalization does not authorize medication use.
MED001871,Atorvastatin,Atorvastatin,Atorvastatin,Atorvastatin 20 mg Tablet,Atorvastatin; Atorvastatin,Tablet,20 mg,Oral,617314,Lipid-lowering agent,RxNorm terminology reference / synthetic mapping,0.92,Already normalized,Atorvastatin 20 mg,Synthetic test record. Prescription remains the source of truth; normalization does not authorize medication use.
MED001872,Montelukast,Montelukast,Montelukast,Montelukast 10 mg Tablet,Montelukast; Montelukast,Tablet,10 mg,Oral,1018502,Leukotriene receptor antagonist,RxNorm terminology reference / synthetic mapping,0.97,Already normalized,Montelukast 10 mg,Synthetic test record. Prescription remains the source of truth; normalization does not authorize medication use.
MED001873,Atorvastatin,Atorvastatin,Atorvastatin,Atorvastatin 20 mg Tablet,Atorvastatin; Atorvastatin,Tablet,20 mg,Oral,617314,Lipid-lowering agent,RxNorm terminology reference / synthetic mapping,0.97,Already normalized,Atorvastatin 20 mg,Synthetic test record. Prescription remains the source of truth; normalization does not authorize medication use.
MED001874,Montelukst,Montelukast,Montelukast,Montelukast 10 mg Tablet,Montelukast; Montelukast,Tablet,10 mg,Oral,1018502,Leukotriene receptor antagonist,RxNorm terminology reference / synthetic mapping,0.92,Normalized,Montelukst 10 mg,Synthetic test record. Prescription remains the source of truth; normalization does not authorize medication use.
MED001875,Metoprolol,Metoprolol,Metoprolol,Metoprolol 25 mg Tablet,Metoprolol; Metoprolol,Tablet,25 mg,Oral,866924,Beta blocker,RxNorm terminology reference / synthetic mapping,0.95,Already normalized,Metoprolol 25 mg,Synthetic test record. Prescription remains the source of truth; normalization does not authorize medication use.
MED001876,Furosimide,Furosemide,Furosemide,Furosemide 40 mg Tablet,Furosemide; Furosemide,Tablet,40 mg,Oral,310429,Diuretic,RxNorm terminology reference / synthetic mapping,0.91,Normalized,Furosimide 40 mg,Synthetic test record. Prescription remains the source of truth; normalization does not authorize medication use.
MED001877,Losartan,Losartan,Losartan,Losartan 50 mg Tablet,Losartan; Losartan,Tablet,50 mg,Oral,979118,Antihypertensive,RxNorm terminology reference / synthetic mapping,0.98,Already normalized,Losartan 50 mg,Synthetic test record. Prescription remains the source of truth; normalization does not authorize medication use.
MED001878,Omeprazole,Omeprazole,Omeprazole,Omeprazole 20 mg Capsule,Omeprazole; Omeprazole,Capsule,20 mg,Oral,647640,Proton pump inhibitor,RxNorm terminology reference / synthetic mapping,0.94,Already normalized,Omeprazole 20 mg,Synthetic test record. Prescription remains the source of truth; normalization does not authorize medication use.
MED001879,Levothyroxin,Levothyroxine,Levothyroxine,Levothyroxine 50 mcg Tablet,Levothyroxine; Levothyroxine,Tablet,50 mcg,Oral,966220,Thyroid hormone,RxNorm terminology reference / synthetic mapping,0.98,Normalized,Levothyroxin 50 mcg,Synthetic test record. Prescription remains the source of truth; normalization does not authorize medication use.
MED001880,Famotidne,Famotidine,Famotidine,Famotidine 20 mg Tablet,Famotidine; Famotidine,Tablet,20 mg,Oral,966770,H2 receptor antagonist,RxNorm terminology reference / synthetic mapping,0.91,Normalized,Famotidne 20 mg,Synthetic test record. Prescription remains the source of truth; normalization does not authorize medication use.
MED001881,Aspirin,Aspirin,Acetylsalicylic Acid,Acetylsalicylic Acid 75 mg Tablet,Aspirin; Acetylsalicylic Acid,Tablet,75 mg,Oral,1191,Antiplatelet,RxNorm terminology reference / synthetic mapping,0.96,Already normalized,Aspirin 75 mg,Synthetic test record. Prescription remains the source of truth; normalization does not authorize medication use.
MED001882,Montelukst,Montelukast,Montelukast,Montelukast 10 mg Tablet,Montelukast; Montelukast,Tablet,10 mg,Oral,1018502,Leukotriene receptor antagonist,RxNorm terminology reference / synthetic mapping,0.93,Normalized,Montelukst 10 mg,Synthetic test record. Prescription remains the source of truth; normalization does not authorize medication use.
MED001883,Domperidn,Domperidone,Domperidone,Domperidone 10 mg Tablet,Domperidone; Domperidone,Tablet,10 mg,Oral,897626,Gastroprokinetic,RxNorm terminology reference / synthetic mapping,0.98,Normalized,Domperidn 10 mg,Synthetic test record. Prescription remains the source of truth; normalization does not authorize medication use.
MED001884,Doxycyline,Doxycycline,Doxycycline,Doxycycline 100 mg Capsule,Doxycycline; Doxycycline,Capsule,100 mg,Oral,3640,Antibiotic,RxNorm terminology reference / synthetic mapping,0.9,Normalized,Doxycyline 100 mg,Synthetic test record. Prescription remains the source of truth; normalization does not authorize medication use.
MED001885,Famotidine,Famotidine,Famotidine,Famotidine 20 mg Tablet,Famotidine; Famotidine,Tablet,20 mg,Oral,966770,H2 receptor antagonist,RxNorm terminology reference / synthetic mapping,0.98,Already normalized,Famotidine 20 mg,Synthetic test record. Prescription remains the source of truth; normalization does not authorize medication use.
MED001886,Montelukast,Montelukast,Montelukast,Montelukast 10 mg Tablet,Montelukast; Montelukast,Tablet,10 mg,Oral,1018502,Leukotriene receptor antagonist,RxNorm terminology reference / synthetic mapping,0.98,Already normalized,Montelukast 10 mg,Synthetic test record. Prescription remains the source of truth; normalization does not authorize medication use.
MED001887,Levothyroxin,Levothyroxine,Levothyroxine,Levothyroxine 50 mcg Tablet,Levothyroxine; Levothyroxine,Tablet,50 mcg,Oral,966220,Thyroid hormone,RxNorm terminology reference / synthetic mapping,0.96,Normalized,Levothyroxin 50 mcg,Synthetic test record. Prescription remains the source of truth; normalization does not authorize medication use.
MED001888,Losartan,Losartan,Losartan,Losartan 50 mg Tablet,Losartan; Losartan,Tablet,50 mg,Oral,979118,Antihypertensive,RxNorm terminology reference / synthetic mapping,0.94,Already normalized,Losartan 50 mg,Synthetic test record. Prescription remains the source of truth; normalization does not authorize medication use.
MED001889,Metoprol,Metoprolol,Metoprolol,Metoprolol 25 mg Tablet,Metoprolol; Metoprolol,Tablet,25 mg,Oral,866924,Beta blocker,RxNorm terminology reference / synthetic mapping,0.96,Normalized,Metoprol 25 mg,Synthetic test record. Prescription remains the source of truth; normalization does not authorize medication use.
MED001890,Metformine,Metformin,Metformin,Metformin 500 mg Tablet,Metformin; Metformin,Tablet,500 mg,Oral,860975,Antidiabetic,RxNorm terminology reference / synthetic mapping,0.93,Normalized,Metformine 500 mg,Synthetic test record. Prescription remains the source of truth; normalization does not authorize medication use.
MED001891,Metfornin,Metformin,Metformin,Metformin 500 mg Tablet,Metformin; Metformin,Tablet,500 mg,Oral,860975,Antidiabetic,RxNorm terminology reference / synthetic mapping,0.97,Normalized,Metfornin 500 mg,Synthetic test record. Prescription remains the source of truth; normalization does not authorize medication use.
MED001892,Asprin,Aspirin,Acetylsalicylic Acid,Acetylsalicylic Acid 75 mg Tablet,Aspirin; Acetylsalicylic Acid,Tablet,75 mg,Oral,1191,Antiplatelet,RxNorm terminology reference / synthetic mapping,0.97,Normalized,Asprin 75 mg,Synthetic test record. Prescription remains the source of truth; normalization does not authorize medication use.
MED001893,Warfarin,Warfarin,Warfarin,Warfarin 5 mg Tablet,Warfarin; Warfarin,Tablet,5 mg,Oral,855333,Anticoagulant,RxNorm terminology reference / synthetic mapping,0.94,Already normalized,Warfarin 5 mg,Synthetic test record. Prescription remains the source of truth; normalization does not authorize medication use.
MED001894,Metoprolol,Metoprolol,Metoprolol,Metoprolol 25 mg Tablet,Metoprolol; Metoprolol,Tablet,25 mg,Oral,866924,Beta blocker,RxNorm terminology reference / synthetic mapping,0.96,Already normalized,Metoprolol 25 mg,Synthetic test record. Prescription remains the source of truth; normalization does not authorize medication use.
MED001895,Ondansatron,Ondansetron,Ondansetron,Ondansetron 4 mg Tablet,Ondansetron; Ondansetron,Tablet,4 mg,Oral,312157,Antiemetic,RxNorm terminology reference / synthetic mapping,0.99,Normalized,Ondansatron 4 mg,Synthetic test record. Prescription remains the source of truth; normalization does not authorize medication use.
MED001896,Insulin Glargine,Insulin Glargine,Insulin Glargine,Insulin Glargine 100 units/mL Injection,Insulin Glargine; Insulin Glargine,Injection,100 units/mL,Subcutaneous,261551,Insulin,RxNorm terminology reference / synthetic mapping,0.98,Already normalized,Insulin Glargine 100 units/mL,Synthetic test record. Prescription remains the source of truth; normalization does not authorize medication use.
MED001897,Doxycicline,Doxycycline,Doxycycline,Doxycycline 100 mg Capsule,Doxycycline; Doxycycline,Capsule,100 mg,Oral,3640,Antibiotic,RxNorm terminology reference / synthetic mapping,0.98,Normalized,Doxycicline 100 mg,Synthetic test record. Prescription remains the source of truth; normalization does not authorize medication use.
MED001898,Amlodipine,Amlodipine,Amlodipine,Amlodipine 5 mg Tablet,Amlodipine; Amlodipine,Tablet,5 mg,Oral,308135,Antihypertensive,RxNorm terminology reference / synthetic mapping,0.98,Already normalized,Amlodipine 5 mg,Synthetic test record. Prescription remains the source of truth; normalization does not authorize medication use.
MED001899,Furosemide,Furosemide,Furosemide,Furosemide 40 mg Tablet,Furosemide; Furosemide,Tablet,40 mg,Oral,310429,Diuretic,RxNorm terminology reference / synthetic mapping,0.96,Already normalized,Furosemide 40 mg,Synthetic test record. Prescription remains the source of truth; normalization does not authorize medication use.
MED001900,Metoprol,Metoprolol,Metoprolol,Metoprolol 25 mg Tablet,Metoprolol; Metoprolol,Tablet,25 mg,Oral,866924,Beta blocker,RxNorm terminology reference / synthetic mapping,0.96,Normalized,Metoprol 25 mg,Synthetic test record. Prescription remains the source of truth; normalization does not authorize medication use.
MED001901,Diclofenec,Diclofenac,Diclofenac,Diclofenac 50 mg Tablet,Diclofenac; Diclofenac,Tablet,50 mg,Oral,308135,NSAID,RxNorm terminology reference / synthetic mapping,0.98,Normalized,Diclofenec 50 mg,Synthetic test record. Prescription remains the source of truth; normalization does not authorize medication use.
MED001902,Metformn,Metformin,Metformin,Metformin 500 mg Tablet,Metformin; Metformin,Tablet,500 mg,Oral,860975,Antidiabetic,RxNorm terminology reference / synthetic mapping,0.97,Normalized,Metformn 500 mg,Synthetic test record. Prescription remains the source of truth; normalization does not authorize medication use.
MED001903,Clopidogral,Clopidogrel,Clopidogrel,Clopidogrel 75 mg Tablet,Clopidogrel; Clopidogrel,Tablet,75 mg,Oral,309362,Antiplatelet,RxNorm terminology reference / synthetic mapping,0.95,Normalized,Clopidogral 75 mg,Synthetic test record. Prescription remains the source of truth; normalization does not authorize medication use.
MED001904,Metoprolol,Metoprolol,Metoprolol,Metoprolol 25 mg Tablet,Metoprolol; Metoprolol,Tablet,25 mg,Oral,866924,Beta blocker,RxNorm terminology reference / synthetic mapping,0.93,Already normalized,Metoprolol 25 mg,Synthetic test record. Prescription remains the source of truth; normalization does not authorize medication use.
MED001905,Furosemide,Furosemide,Furosemide,Furosemide 40 mg Tablet,Furosemide; Furosemide,Tablet,40 mg,Oral,310429,Diuretic,RxNorm terminology reference / synthetic mapping,0.95,Already normalized,Furosemide 40 mg,Synthetic test record. Prescription remains the source of truth; normalization does not authorize medication use.
MED001906,Asprin,Aspirin,Acetylsalicylic Acid,Acetylsalicylic Acid 75 mg Tablet,Aspirin; Acetylsalicylic Acid,Tablet,75 mg,Oral,1191,Antiplatelet,RxNorm terminology reference / synthetic mapping,0.91,Normalized,Asprin 75 mg,Synthetic test record. Prescription remains the source of truth; normalization does not authorize medication use.
MED001907,Amoxycillin,Amoxicillin,Amoxicillin,Amoxicillin 500 mg Capsule,Amoxicillin; Amoxicillin,Capsule,500 mg,Oral,723,Antibiotic,RxNorm terminology reference / synthetic mapping,0.9,Normalized,Amoxycillin 500 mg,Synthetic test record. Prescription remains the source of truth; normalization does not authorize medication use.
MED001908,Ibuprofin,Ibuprofen,Ibuprofen,Ibuprofen 400 mg Tablet,Ibuprofen; Ibuprofen,Tablet,400 mg,Oral,310965,NSAID,RxNorm terminology reference / synthetic mapping,0.95,Normalized,Ibuprofin 400 mg,Synthetic test record. Prescription remains the source of truth; normalization does not authorize medication use.
MED001909,Glimepiride,Glimepiride,Glimepiride,Glimepiride 2 mg Tablet,Glimepiride; Glimepiride,Tablet,2 mg,Oral,861713,Antidiabetic,RxNorm terminology reference / synthetic mapping,0.98,Already normalized,Glimepiride 2 mg,Synthetic test record. Prescription remains the source of truth; normalization does not authorize medication use.
MED001910,Insulin Glargin,Insulin Glargine,Insulin Glargine,Insulin Glargine 100 units/mL Injection,Insulin Glargine; Insulin Glargine,Injection,100 units/mL,Subcutaneous,261551,Insulin,RxNorm terminology reference / synthetic mapping,0.97,Normalized,Insulin Glargin 100 units/mL,Synthetic test record. Prescription remains the source of truth; normalization does not authorize medication use.
MED001911,Diclofenac,Diclofenac,Diclofenac,Diclofenac 50 mg Tablet,Diclofenac; Diclofenac,Tablet,50 mg,Oral,308135,NSAID,RxNorm terminology reference / synthetic mapping,0.98,Already normalized,Diclofenac 50 mg,Synthetic test record. Prescription remains the source of truth; normalization does not authorize medication use.
MED001912,Ciprofloxacin,Ciprofloxacin,Ciprofloxacin,Ciprofloxacin 500 mg Tablet,Ciprofloxacin; Ciprofloxacin,Tablet,500 mg,Oral,2551,Antibiotic,RxNorm terminology reference / synthetic mapping,0.98,Already normalized,Ciprofloxacin 500 mg,Synthetic test record. Prescription remains the source of truth; normalization does not authorize medication use.
MED001913,Amlodipne,Amlodipine,Amlodipine,Amlodipine 5 mg Tablet,Amlodipine; Amlodipine,Tablet,5 mg,Oral,308135,Antihypertensive,RxNorm terminology reference / synthetic mapping,0.9,Normalized,Amlodipne 5 mg,Synthetic test record. Prescription remains the source of truth; normalization does not authorize medication use.
MED001914,Losartan,Losartan,Losartan,Losartan 50 mg Tablet,Losartan; Losartan,Tablet,50 mg,Oral,979118,Antihypertensive,RxNorm terminology reference / synthetic mapping,0.96,Already normalized,Losartan 50 mg,Synthetic test record. Prescription remains the source of truth; normalization does not authorize medication use.
MED001915,Atorvastatin,Atorvastatin,Atorvastatin,Atorvastatin 20 mg Tablet,Atorvastatin; Atorvastatin,Tablet,20 mg,Oral,617314,Lipid-lowering agent,RxNorm terminology reference / synthetic mapping,0.96,Already normalized,Atorvastatin 20 mg,Synthetic test record. Prescription remains the source of truth; normalization does not authorize medication use.
MED001916,Pantoprazloe,Pantoprazole,Pantoprazole,Pantoprazole 40 mg Tablet,Pantoprazole; Pantoprazole,Tablet,40 mg,Oral,861667,Proton pump inhibitor,RxNorm terminology reference / synthetic mapping,0.97,Normalized,Pantoprazloe 40 mg,Synthetic test record. Prescription remains the source of truth; normalization does not authorize medication use.
MED001917,Prednisolne,Prednisolone,Prednisolone,Prednisolone 10 mg Tablet,Prednisolone; Prednisolone,Tablet,10 mg,Oral,1168002,Corticosteroid,RxNorm terminology reference / synthetic mapping,0.98,Normalized,Prednisolne 10 mg,Synthetic test record. Prescription remains the source of truth; normalization does not authorize medication use.
MED001918,Furosemide,Furosemide,Furosemide,Furosemide 40 mg Tablet,Furosemide; Furosemide,Tablet,40 mg,Oral,310429,Diuretic,RxNorm terminology reference / synthetic mapping,0.93,Already normalized,Furosemide 40 mg,Synthetic test record. Prescription remains the source of truth; normalization does not authorize medication use.
MED001919,Insulin Glargine,Insulin Glargine,Insulin Glargine,Insulin Glargine 100 units/mL Injection,Insulin Glargine; Insulin Glargine,Injection,100 units/mL,Subcutaneous,261551,Insulin,RxNorm terminology reference / synthetic mapping,0.94,Already normalized,Insulin Glargine 100 units/mL,Synthetic test record. Prescription remains the source of truth; normalization does not authorize medication use.
MED001920,Ciprofloxin,Ciprofloxacin,Ciprofloxacin,Ciprofloxacin 500 mg Tablet,Ciprofloxacin; Ciprofloxacin,Tablet,500 mg,Oral,2551,Antibiotic,RxNorm terminology reference / synthetic mapping,0.93,Normalized,Ciprofloxin 500 mg,Synthetic test record. Prescription remains the source of truth; normalization does not authorize medication use.
MED001921,Metoprolol,Metoprolol,Metoprolol,Metoprolol 25 mg Tablet,Metoprolol; Metoprolol,Tablet,25 mg,Oral,866924,Beta blocker,RxNorm terminology reference / synthetic mapping,0.98,Already normalized,Metoprolol 25 mg,Synthetic test record. Prescription remains the source of truth; normalization does not authorize medication use.
MED001922,Ciprofloxacine,Ciprofloxacin,Ciprofloxacin,Ciprofloxacin 500 mg Tablet,Ciprofloxacin; Ciprofloxacin,Tablet,500 mg,Oral,2551,Antibiotic,RxNorm terminology reference / synthetic mapping,0.9,Normalized,Ciprofloxacine 500 mg,Synthetic test record. Prescription remains the source of truth; normalization does not authorize medication use.
MED001923,Insulin Glargine,Insulin Glargine,Insulin Glargine,Insulin Glargine 100 units/mL Injection,Insulin Glargine; Insulin Glargine,Injection,100 units/mL,Subcutaneous,261551,Insulin,RxNorm terminology reference / synthetic mapping,0.98,Already normalized,Insulin Glargine 100 units/mL,Synthetic test record. Prescription remains the source of truth; normalization does not authorize medication use.
MED001924,Budesonide,Budesonide,Budesonide,Budesonide 200 mcg/dose Inhaler,Budesonide; Budesonide,Inhaler,200 mcg/dose,Inhalation,745678,Corticosteroid,RxNorm terminology reference / synthetic mapping,0.93,Already normalized,Budesonide 200 mcg/dose,Synthetic test record. Prescription remains the source of truth; normalization does not authorize medication use.
MED001925,Pantaprazole,Pantoprazole,Pantoprazole,Pantoprazole 40 mg Tablet,Pantoprazole; Pantoprazole,Tablet,40 mg,Oral,861667,Proton pump inhibitor,RxNorm terminology reference / synthetic mapping,0.97,Normalized,Pantaprazole 40 mg,Synthetic test record. Prescription remains the source of truth; normalization does not authorize medication use.
MED001926,Glimepiride,Glimepiride,Glimepiride,Glimepiride 2 mg Tablet,Glimepiride; Glimepiride,Tablet,2 mg,Oral,861713,Antidiabetic,RxNorm terminology reference / synthetic mapping,0.96,Already normalized,Glimepiride 2 mg,Synthetic test record. Prescription remains the source of truth; normalization does not authorize medication use.
MED001927,Doxycicline,Doxycycline,Doxycycline,Doxycycline 100 mg Capsule,Doxycycline; Doxycycline,Capsule,100 mg,Oral,3640,Antibiotic,RxNorm terminology reference / synthetic mapping,0.94,Normalized,Doxycicline 100 mg,Synthetic test record. Prescription remains the source of truth; normalization does not authorize medication use.
MED001928,Azithrocin,Azithromycin,Azithromycin,Azithromycin 500 mg Tablet,Azithromycin; Azithromycin,Tablet,500 mg,Oral,18631,Antibiotic,RxNorm terminology reference / synthetic mapping,0.9,Normalized,Azithrocin 500 mg,Synthetic test record. Prescription remains the source of truth; normalization does not authorize medication use.
MED001929,Doxycycline,Doxycycline,Doxycycline,Doxycycline 100 mg Capsule,Doxycycline; Doxycycline,Capsule,100 mg,Oral,3640,Antibiotic,RxNorm terminology reference / synthetic mapping,0.93,Already normalized,Doxycycline 100 mg,Synthetic test record. Prescription remains the source of truth; normalization does not authorize medication use.
MED001930,Atorvastatin,Atorvastatin,Atorvastatin,Atorvastatin 20 mg Tablet,Atorvastatin; Atorvastatin,Tablet,20 mg,Oral,617314,Lipid-lowering agent,RxNorm terminology reference / synthetic mapping,0.94,Already normalized,Atorvastatin 20 mg,Synthetic test record. Prescription remains the source of truth; normalization does not authorize medication use.
MED001931,Salbutamol,Salbutamol,Salbutamol,Salbutamol 100 mcg/dose Inhaler,Salbutamol; Salbutamol,Inhaler,100 mcg/dose,Inhalation,745678,Bronchodilator,RxNorm terminology reference / synthetic mapping,0.97,Already normalized,Salbutamol 100 mcg/dose,Synthetic test record. Prescription remains the source of truth; normalization does not authorize medication use.
MED001932,Amlodipin,Amlodipine,Amlodipine,Amlodipine 5 mg Tablet,Amlodipine; Amlodipine,Tablet,5 mg,Oral,308135,Antihypertensive,RxNorm terminology reference / synthetic mapping,0.95,Normalized,Amlodipin 5 mg,Synthetic test record. Prescription remains the source of truth; normalization does not authorize medication use.
MED001933,Doxycicline,Doxycycline,Doxycycline,Doxycycline 100 mg Capsule,Doxycycline; Doxycycline,Capsule,100 mg,Oral,3640,Antibiotic,RxNorm terminology reference / synthetic mapping,0.92,Normalized,Doxycicline 100 mg,Synthetic test record. Prescription remains the source of truth; normalization does not authorize medication use.
MED001934,Diclofenac,Diclofenac,Diclofenac,Diclofenac 50 mg Tablet,Diclofenac; Diclofenac,Tablet,50 mg,Oral,308135,NSAID,RxNorm terminology reference / synthetic mapping,0.96,Already normalized,Diclofenac 50 mg,Synthetic test record. Prescription remains the source of truth; normalization does not authorize medication use.
MED001935,Famotidne,Famotidine,Famotidine,Famotidine 20 mg Tablet,Famotidine; Famotidine,Tablet,20 mg,Oral,966770,H2 receptor antagonist,RxNorm terminology reference / synthetic mapping,0.9,Normalized,Famotidne 20 mg,Synthetic test record. Prescription remains the source of truth; normalization does not authorize medication use.
MED001936,Metforrmin,Metformin,Metformin,Metformin 500 mg Tablet,Metformin; Metformin,Tablet,500 mg,Oral,860975,Antidiabetic,RxNorm terminology reference / synthetic mapping,0.96,Normalized,Metforrmin 500 mg,Synthetic test record. Prescription remains the source of truth; normalization does not authorize medication use.
MED001937,Omeprazole,Omeprazole,Omeprazole,Omeprazole 20 mg Capsule,Omeprazole; Omeprazole,Capsule,20 mg,Oral,647640,Proton pump inhibitor,RxNorm terminology reference / synthetic mapping,0.91,Already normalized,Omeprazole 20 mg,Synthetic test record. Prescription remains the source of truth; normalization does not authorize medication use.
MED001938,Metoprololl,Metoprolol,Metoprolol,Metoprolol 25 mg Tablet,Metoprolol; Metoprolol,Tablet,25 mg,Oral,866924,Beta blocker,RxNorm terminology reference / synthetic mapping,0.98,Normalized,Metoprololl 25 mg,Synthetic test record. Prescription remains the source of truth; normalization does not authorize medication use.
MED001939,Furosemide,Furosemide,Furosemide,Furosemide 40 mg Tablet,Furosemide; Furosemide,Tablet,40 mg,Oral,310429,Diuretic,RxNorm terminology reference / synthetic mapping,0.97,Already normalized,Furosemide 40 mg,Synthetic test record. Prescription remains the source of truth; normalization does not authorize medication use.
MED001940,Budesonide,Budesonide,Budesonide,Budesonide 200 mcg/dose Inhaler,Budesonide; Budesonide,Inhaler,200 mcg/dose,Inhalation,745678,Corticosteroid,RxNorm terminology reference / synthetic mapping,0.99,Already normalized,Budesonide 200 mcg/dose,Synthetic test record. Prescription remains the source of truth; normalization does not authorize medication use.
MED001941,Metoprolol,Metoprolol,Metoprolol,Metoprolol 25 mg Tablet,Metoprolol; Metoprolol,Tablet,25 mg,Oral,866924,Beta blocker,RxNorm terminology reference / synthetic mapping,0.91,Already normalized,Metoprolol 25 mg,Synthetic test record. Prescription remains the source of truth; normalization does not authorize medication use.
MED001942,Atorvastin,Atorvastatin,Atorvastatin,Atorvastatin 20 mg Tablet,Atorvastatin; Atorvastatin,Tablet,20 mg,Oral,617314,Lipid-lowering agent,RxNorm terminology reference / synthetic mapping,0.95,Normalized,Atorvastin 20 mg,Synthetic test record. Prescription remains the source of truth; normalization does not authorize medication use.
MED001943,Pantoprazol,Pantoprazole,Pantoprazole,Pantoprazole 40 mg Tablet,Pantoprazole; Pantoprazole,Tablet,40 mg,Oral,861667,Proton pump inhibitor,RxNorm terminology reference / synthetic mapping,0.92,Normalized,Pantoprazol 40 mg,Synthetic test record. Prescription remains the source of truth; normalization does not authorize medication use.
MED001944,Atorvastatin,Atorvastatin,Atorvastatin,Atorvastatin 20 mg Tablet,Atorvastatin; Atorvastatin,Tablet,20 mg,Oral,617314,Lipid-lowering agent,RxNorm terminology reference / synthetic mapping,0.91,Already normalized,Atorvastatin 20 mg,Synthetic test record. Prescription remains the source of truth; normalization does not authorize medication use.
MED001945,Paracetamoll,Paracetamol,Acetaminophen,Acetaminophen 500 mg Tablet,Paracetamol; Acetaminophen,Tablet,500 mg,Oral,161,Analgesic / Antipyretic,RxNorm terminology reference / synthetic mapping,0.98,Normalized,Paracetamoll 500 mg,Synthetic test record. Prescription remains the source of truth; normalization does not authorize medication use.
MED001946,Doxycycline,Doxycycline,Doxycycline,Doxycycline 100 mg Capsule,Doxycycline; Doxycycline,Capsule,100 mg,Oral,3640,Antibiotic,RxNorm terminology reference / synthetic mapping,0.92,Already normalized,Doxycycline 100 mg,Synthetic test record. Prescription remains the source of truth; normalization does not authorize medication use.
MED001947,Domperidone,Domperidone,Domperidone,Domperidone 10 mg Tablet,Domperidone; Domperidone,Tablet,10 mg,Oral,897626,Gastroprokinetic,RxNorm terminology reference / synthetic mapping,0.92,Already normalized,Domperidone 10 mg,Synthetic test record. Prescription remains the source of truth; normalization does not authorize medication use.
MED001948,Paracetemol,Paracetamol,Acetaminophen,Acetaminophen 500 mg Tablet,Paracetamol; Acetaminophen,Tablet,500 mg,Oral,161,Analgesic / Antipyretic,RxNorm terminology reference / synthetic mapping,0.9,Normalized,Paracetemol 500 mg,Synthetic test record. Prescription remains the source of truth; normalization does not authorize medication use.
MED001949,Cetirizne,Cetirizine,Cetirizine,Cetirizine 10 mg Tablet,Cetirizine; Cetirizine,Tablet,10 mg,Oral,1014676,Antihistamine,RxNorm terminology reference / synthetic mapping,0.99,Normalized,Cetirizne 10 mg,Synthetic test record. Prescription remains the source of truth; normalization does not authorize medication use.
MED001950,Doxycicline,Doxycycline,Doxycycline,Doxycycline 100 mg Capsule,Doxycycline; Doxycycline,Capsule,100 mg,Oral,3640,Antibiotic,RxNorm terminology reference / synthetic mapping,0.96,Normalized,Doxycicline 100 mg,Synthetic test record. Prescription remains the source of truth; normalization does not authorize medication use.
MED001951,Diclofenac,Diclofenac,Diclofenac,Diclofenac 50 mg Tablet,Diclofenac; Diclofenac,Tablet,50 mg,Oral,308135,NSAID,RxNorm terminology reference / synthetic mapping,0.98,Already normalized,Diclofenac 50 mg,Synthetic test record. Prescription remains the source of truth; normalization does not authorize medication use.
MED001952,Doxycyline,Doxycycline,Doxycycline,Doxycycline 100 mg Capsule,Doxycycline; Doxycycline,Capsule,100 mg,Oral,3640,Antibiotic,RxNorm terminology reference / synthetic mapping,0.99,Normalized,Doxycyline 100 mg,Synthetic test record. Prescription remains the source of truth; normalization does not authorize medication use.
MED001953,Amoxcillin,Amoxicillin,Amoxicillin,Amoxicillin 500 mg Capsule,Amoxicillin; Amoxicillin,Capsule,500 mg,Oral,723,Antibiotic,RxNorm terminology reference / synthetic mapping,0.97,Normalized,Amoxcillin 500 mg,Synthetic test record. Prescription remains the source of truth; normalization does not authorize medication use.
MED001954,Azitromycin,Azithromycin,Azithromycin,Azithromycin 500 mg Tablet,Azithromycin; Azithromycin,Tablet,500 mg,Oral,18631,Antibiotic,RxNorm terminology reference / synthetic mapping,0.99,Normalized,Azitromycin 500 mg,Synthetic test record. Prescription remains the source of truth; normalization does not authorize medication use.
MED001955,Diclofenac,Diclofenac,Diclofenac,Diclofenac 50 mg Tablet,Diclofenac; Diclofenac,Tablet,50 mg,Oral,308135,NSAID,RxNorm terminology reference / synthetic mapping,0.97,Already normalized,Diclofenac 50 mg,Synthetic test record. Prescription remains the source of truth; normalization does not authorize medication use.
MED001956,Domperidone,Domperidone,Domperidone,Domperidone 10 mg Tablet,Domperidone; Domperidone,Tablet,10 mg,Oral,897626,Gastroprokinetic,RxNorm terminology reference / synthetic mapping,0.98,Already normalized,Domperidone 10 mg,Synthetic test record. Prescription remains the source of truth; normalization does not authorize medication use.
MED001957,Azithromycin,Azithromycin,Azithromycin,Azithromycin 500 mg Tablet,Azithromycin; Azithromycin,Tablet,500 mg,Oral,18631,Antibiotic,RxNorm terminology reference / synthetic mapping,0.97,Already normalized,Azithromycin 500 mg,Synthetic test record. Prescription remains the source of truth; normalization does not authorize medication use.
MED001958,Omerpazole,Omeprazole,Omeprazole,Omeprazole 20 mg Capsule,Omeprazole; Omeprazole,Capsule,20 mg,Oral,647640,Proton pump inhibitor,RxNorm terminology reference / synthetic mapping,0.98,Normalized,Omerpazole 20 mg,Synthetic test record. Prescription remains the source of truth; normalization does not authorize medication use.
MED001959,Paracetamoll,Paracetamol,Acetaminophen,Acetaminophen 500 mg Tablet,Paracetamol; Acetaminophen,Tablet,500 mg,Oral,161,Analgesic / Antipyretic,RxNorm terminology reference / synthetic mapping,0.95,Normalized,Paracetamoll 500 mg,Synthetic test record. Prescription remains the source of truth; normalization does not authorize medication use.
MED001960,Ondansetron,Ondansetron,Ondansetron,Ondansetron 4 mg Tablet,Ondansetron; Ondansetron,Tablet,4 mg,Oral,312157,Antiemetic,RxNorm terminology reference / synthetic mapping,0.94,Already normalized,Ondansetron 4 mg,Synthetic test record. Prescription remains the source of truth; normalization does not authorize medication use.
MED001961,Omerpazole,Omeprazole,Omeprazole,Omeprazole 20 mg Capsule,Omeprazole; Omeprazole,Capsule,20 mg,Oral,647640,Proton pump inhibitor,RxNorm terminology reference / synthetic mapping,0.9,Normalized,Omerpazole 20 mg,Synthetic test record. Prescription remains the source of truth; normalization does not authorize medication use.
MED001962,Montelukast,Montelukast,Montelukast,Montelukast 10 mg Tablet,Montelukast; Montelukast,Tablet,10 mg,Oral,1018502,Leukotriene receptor antagonist,RxNorm terminology reference / synthetic mapping,0.98,Already normalized,Montelukast 10 mg,Synthetic test record. Prescription remains the source of truth; normalization does not authorize medication use.
MED001963,Warfarin,Warfarin,Warfarin,Warfarin 5 mg Tablet,Warfarin; Warfarin,Tablet,5 mg,Oral,855333,Anticoagulant,RxNorm terminology reference / synthetic mapping,0.98,Already normalized,Warfarin 5 mg,Synthetic test record. Prescription remains the source of truth; normalization does not authorize medication use.
MED001964,Amoxicilin,Amoxicillin,Amoxicillin,Amoxicillin 500 mg Capsule,Amoxicillin; Amoxicillin,Capsule,500 mg,Oral,723,Antibiotic,RxNorm terminology reference / synthetic mapping,0.99,Normalized,Amoxicilin 500 mg,Synthetic test record. Prescription remains the source of truth; normalization does not authorize medication use.
MED001965,Omeprazole,Omeprazole,Omeprazole,Omeprazole 20 mg Capsule,Omeprazole; Omeprazole,Capsule,20 mg,Oral,647640,Proton pump inhibitor,RxNorm terminology reference / synthetic mapping,0.94,Already normalized,Omeprazole 20 mg,Synthetic test record. Prescription remains the source of truth; normalization does not authorize medication use.
MED001966,Montelukast,Montelukast,Montelukast,Montelukast 10 mg Tablet,Montelukast; Montelukast,Tablet,10 mg,Oral,1018502,Leukotriene receptor antagonist,RxNorm terminology reference / synthetic mapping,0.94,Already normalized,Montelukast 10 mg,Synthetic test record. Prescription remains the source of truth; normalization does not authorize medication use.
MED001967,Cetirizne,Cetirizine,Cetirizine,Cetirizine 10 mg Tablet,Cetirizine; Cetirizine,Tablet,10 mg,Oral,1014676,Antihistamine,RxNorm terminology reference / synthetic mapping,0.98,Normalized,Cetirizne 10 mg,Synthetic test record. Prescription remains the source of truth; normalization does not authorize medication use.
MED001968,Telmisartan,Telmisartan,Telmisartan,Telmisartan 40 mg Tablet,Telmisartan; Telmisartan,Tablet,40 mg,Oral,309410,Antihypertensive,RxNorm terminology reference / synthetic mapping,0.97,Already normalized,Telmisartan 40 mg,Synthetic test record. Prescription remains the source of truth; normalization does not authorize medication use.
MED001969,Omeprazol,Omeprazole,Omeprazole,Omeprazole 20 mg Capsule,Omeprazole; Omeprazole,Capsule,20 mg,Oral,647640,Proton pump inhibitor,RxNorm terminology reference / synthetic mapping,0.97,Normalized,Omeprazol 20 mg,Synthetic test record. Prescription remains the source of truth; normalization does not authorize medication use.
MED001970,Aspirin,Aspirin,Acetylsalicylic Acid,Acetylsalicylic Acid 75 mg Tablet,Aspirin; Acetylsalicylic Acid,Tablet,75 mg,Oral,1191,Antiplatelet,RxNorm terminology reference / synthetic mapping,0.93,Already normalized,Aspirin 75 mg,Synthetic test record. Prescription remains the source of truth; normalization does not authorize medication use.
MED001971,Losartan,Losartan,Losartan,Losartan 50 mg Tablet,Losartan; Losartan,Tablet,50 mg,Oral,979118,Antihypertensive,RxNorm terminology reference / synthetic mapping,0.9,Already normalized,Losartan 50 mg,Synthetic test record. Prescription remains the source of truth; normalization does not authorize medication use.
MED001972,Ondansetron,Ondansetron,Ondansetron,Ondansetron 4 mg Tablet,Ondansetron; Ondansetron,Tablet,4 mg,Oral,312157,Antiemetic,RxNorm terminology reference / synthetic mapping,0.92,Already normalized,Ondansetron 4 mg,Synthetic test record. Prescription remains the source of truth; normalization does not authorize medication use.
MED001973,Omeprazole,Omeprazole,Omeprazole,Omeprazole 20 mg Capsule,Omeprazole; Omeprazole,Capsule,20 mg,Oral,647640,Proton pump inhibitor,RxNorm terminology reference / synthetic mapping,0.98,Already normalized,Omeprazole 20 mg,Synthetic test record. Prescription remains the source of truth; normalization does not authorize medication use.
MED001974,Ibuprofen,Ibuprofen,Ibuprofen,Ibuprofen 400 mg Tablet,Ibuprofen; Ibuprofen,Tablet,400 mg,Oral,310965,NSAID,RxNorm terminology reference / synthetic mapping,0.94,Already normalized,Ibuprofen 400 mg,Synthetic test record. Prescription remains the source of truth; normalization does not authorize medication use.
MED001975,Glimepirid,Glimepiride,Glimepiride,Glimepiride 2 mg Tablet,Glimepiride; Glimepiride,Tablet,2 mg,Oral,861713,Antidiabetic,RxNorm terminology reference / synthetic mapping,0.93,Normalized,Glimepirid 2 mg,Synthetic test record. Prescription remains the source of truth; normalization does not authorize medication use.
MED001976,Domperidone,Domperidone,Domperidone,Domperidone 10 mg Tablet,Domperidone; Domperidone,Tablet,10 mg,Oral,897626,Gastroprokinetic,RxNorm terminology reference / synthetic mapping,0.96,Already normalized,Domperidone 10 mg,Synthetic test record. Prescription remains the source of truth; normalization does not authorize medication use.
MED001977,Domperidone,Domperidone,Domperidone,Domperidone 10 mg Tablet,Domperidone; Domperidone,Tablet,10 mg,Oral,897626,Gastroprokinetic,RxNorm terminology reference / synthetic mapping,0.95,Already normalized,Domperidone 10 mg,Synthetic test record. Prescription remains the source of truth; normalization does not authorize medication use.
MED001978,Amoxicilin,Amoxicillin,Amoxicillin,Amoxicillin 500 mg Capsule,Amoxicillin; Amoxicillin,Capsule,500 mg,Oral,723,Antibiotic,RxNorm terminology reference / synthetic mapping,0.95,Normalized,Amoxicilin 500 mg,Synthetic test record. Prescription remains the source of truth; normalization does not authorize medication use.
MED001979,Famotidine,Famotidine,Famotidine,Famotidine 20 mg Tablet,Famotidine; Famotidine,Tablet,20 mg,Oral,966770,H2 receptor antagonist,RxNorm terminology reference / synthetic mapping,0.91,Already normalized,Famotidine 20 mg,Synthetic test record. Prescription remains the source of truth; normalization does not authorize medication use.
MED001980,Domperidone,Domperidone,Domperidone,Domperidone 10 mg Tablet,Domperidone; Domperidone,Tablet,10 mg,Oral,897626,Gastroprokinetic,RxNorm terminology reference / synthetic mapping,0.99,Already normalized,Domperidone 10 mg,Synthetic test record. Prescription remains the source of truth; normalization does not authorize medication use.
MED001981,Famotidne,Famotidine,Famotidine,Famotidine 20 mg Tablet,Famotidine; Famotidine,Tablet,20 mg,Oral,966770,H2 receptor antagonist,RxNorm terminology reference / synthetic mapping,0.96,Normalized,Famotidne 20 mg,Synthetic test record. Prescription remains the source of truth; normalization does not authorize medication use.
MED001982,Aspirin,Aspirin,Acetylsalicylic Acid,Acetylsalicylic Acid 75 mg Tablet,Aspirin; Acetylsalicylic Acid,Tablet,75 mg,Oral,1191,Antiplatelet,RxNorm terminology reference / synthetic mapping,0.91,Already normalized,Aspirin 75 mg,Synthetic test record. Prescription remains the source of truth; normalization does not authorize medication use.
MED001983,Atorvastin,Atorvastatin,Atorvastatin,Atorvastatin 20 mg Tablet,Atorvastatin; Atorvastatin,Tablet,20 mg,Oral,617314,Lipid-lowering agent,RxNorm terminology reference / synthetic mapping,0.96,Normalized,Atorvastin 20 mg,Synthetic test record. Prescription remains the source of truth; normalization does not authorize medication use.
MED001984,Ibuprof en,Ibuprofen,Ibuprofen,Ibuprofen 400 mg Tablet,Ibuprofen; Ibuprofen,Tablet,400 mg,Oral,310965,NSAID,RxNorm terminology reference / synthetic mapping,0.99,Normalized,Ibuprof en 400 mg,Synthetic test record. Prescription remains the source of truth; normalization does not authorize medication use.
MED001985,Pantoprazloe,Pantoprazole,Pantoprazole,Pantoprazole 40 mg Tablet,Pantoprazole; Pantoprazole,Tablet,40 mg,Oral,861667,Proton pump inhibitor,RxNorm terminology reference / synthetic mapping,0.96,Normalized,Pantoprazloe 40 mg,Synthetic test record. Prescription remains the source of truth; normalization does not authorize medication use.
MED001986,Prednisolon,Prednisolone,Prednisolone,Prednisolone 10 mg Tablet,Prednisolone; Prednisolone,Tablet,10 mg,Oral,1168002,Corticosteroid,RxNorm terminology reference / synthetic mapping,0.99,Normalized,Prednisolon 10 mg,Synthetic test record. Prescription remains the source of truth; normalization does not authorize medication use.
MED001987,Glimepride,Glimepiride,Glimepiride,Glimepiride 2 mg Tablet,Glimepiride; Glimepiride,Tablet,2 mg,Oral,861713,Antidiabetic,RxNorm terminology reference / synthetic mapping,0.9,Normalized,Glimepride 2 mg,Synthetic test record. Prescription remains the source of truth; normalization does not authorize medication use.
MED001988,Clopidogrel,Clopidogrel,Clopidogrel,Clopidogrel 75 mg Tablet,Clopidogrel; Clopidogrel,Tablet,75 mg,Oral,309362,Antiplatelet,RxNorm terminology reference / synthetic mapping,0.93,Already normalized,Clopidogrel 75 mg,Synthetic test record. Prescription remains the source of truth; normalization does not authorize medication use.
MED001989,Cetirizne,Cetirizine,Cetirizine,Cetirizine 10 mg Tablet,Cetirizine; Cetirizine,Tablet,10 mg,Oral,1014676,Antihistamine,RxNorm terminology reference / synthetic mapping,0.94,Normalized,Cetirizne 10 mg,Synthetic test record. Prescription remains the source of truth; normalization does not authorize medication use.
MED001990,Montelukast,Montelukast,Montelukast,Montelukast 10 mg Tablet,Montelukast; Montelukast,Tablet,10 mg,Oral,1018502,Leukotriene receptor antagonist,RxNorm terminology reference / synthetic mapping,0.93,Already normalized,Montelukast 10 mg,Synthetic test record. Prescription remains the source of truth; normalization does not authorize medication use.
MED001991,Amlodipine,Amlodipine,Amlodipine,Amlodipine 5 mg Tablet,Amlodipine; Amlodipine,Tablet,5 mg,Oral,308135,Antihypertensive,RxNorm terminology reference / synthetic mapping,0.92,Already normalized,Amlodipine 5 mg,Synthetic test record. Prescription remains the source of truth; normalization does not authorize medication use.
MED001992,Omeprazol,Omeprazole,Omeprazole,Omeprazole 20 mg Capsule,Omeprazole; Omeprazole,Capsule,20 mg,Oral,647640,Proton pump inhibitor,RxNorm terminology reference / synthetic mapping,0.9,Normalized,Omeprazol 20 mg,Synthetic test record. Prescription remains the source of truth; normalization does not authorize medication use.
MED001993,Paracitamol,Paracetamol,Acetaminophen,Acetaminophen 500 mg Tablet,Paracetamol; Acetaminophen,Tablet,500 mg,Oral,161,Analgesic / Antipyretic,RxNorm terminology reference / synthetic mapping,0.97,Normalized,Paracitamol 500 mg,Synthetic test record. Prescription remains the source of truth; normalization does not authorize medication use.
MED001994,Furosemide,Furosemide,Furosemide,Furosemide 40 mg Tablet,Furosemide; Furosemide,Tablet,40 mg,Oral,310429,Diuretic,RxNorm terminology reference / synthetic mapping,0.95,Already normalized,Furosemide 40 mg,Synthetic test record. Prescription remains the source of truth; normalization does not authorize medication use.
MED001995,Pantoprazole,Pantoprazole,Pantoprazole,Pantoprazole 40 mg Tablet,Pantoprazole; Pantoprazole,Tablet,40 mg,Oral,861667,Proton pump inhibitor,RxNorm terminology reference / synthetic mapping,0.96,Already normalized,Pantoprazole 40 mg,Synthetic test record. Prescription remains the source of truth; normalization does not authorize medication use.
MED001996,Budesonid,Budesonide,Budesonide,Budesonide 200 mcg/dose Inhaler,Budesonide; Budesonide,Inhaler,200 mcg/dose,Inhalation,745678,Corticosteroid,RxNorm terminology reference / synthetic mapping,0.93,Normalized,Budesonid 200 mcg/dose,Synthetic test record. Prescription remains the source of truth; normalization does not authorize medication use.
MED001997,Levothyroxin,Levothyroxine,Levothyroxine,Levothyroxine 50 mcg Tablet,Levothyroxine; Levothyroxine,Tablet,50 mcg,Oral,966220,Thyroid hormone,RxNorm terminology reference / synthetic mapping,0.99,Normalized,Levothyroxin 50 mcg,Synthetic test record. Prescription remains the source of truth; normalization does not authorize medication use.
MED001998,Warfain,Warfarin,Warfarin,Warfarin 5 mg Tablet,Warfarin; Warfarin,Tablet,5 mg,Oral,855333,Anticoagulant,RxNorm terminology reference / synthetic mapping,0.95,Normalized,Warfain 5 mg,Synthetic test record. Prescription remains the source of truth; normalization does not authorize medication use.
MED001999,Furosemide,Furosemide,Furosemide,Furosemide 40 mg Tablet,Furosemide; Furosemide,Tablet,40 mg,Oral,310429,Diuretic,RxNorm terminology reference / synthetic mapping,0.98,Already normalized,Furosemide 40 mg,Synthetic test record. Prescription remains the source of truth; normalization does not authorize medication use.
MED002000,Omeprazloe,Omeprazole,Omeprazole,Omeprazole 20 mg Capsule,Omeprazole; Omeprazole,Capsule,20 mg,Oral,647640,Proton pump inhibitor,RxNorm terminology reference / synthetic mapping,0.9,Normalized,Omeprazloe 20 mg,Synthetic test record. Prescription remains the source of truth; normalization does not authorize medication use.
